skor_variansi,skor_edge_density,skor_entropi,skor_grabcut,skor_akhir,kategori,nama_file,label,status
0.387,0.278,0.87,0.416,0.457,background_terpisah,R_1.jpg,Recyclable,ok
0.7,0.52,0.594,0.576,0.6,background_terpisah,R_1001.jpg,Recyclable,ok
0.508,0.818,0.685,0.38,0.611,background_terpisah,R_1002.jpg,Recyclable,ok
1.0,0.0,1.0,0.509,0.602,perlu_cek_manual,R_1004.jpg,Recyclable,ok
0.258,0.628,0.581,0.24,0.43,perlu_cek_manual,R_1008.jpg,Recyclable,ok
0.63,0.332,0.329,0.22,0.398,perlu_cek_manual,R_101.jpg,Recyclable,ok
0.375,0.576,0.605,0.401,0.487,perlu_cek_manual,R_102.jpg,Recyclable,ok
1.0,0.303,0.488,0.156,0.52,perlu_cek_manual,R_103.jpg,Recyclable,ok
1.0,0.558,0.531,0.293,0.632,perlu_cek_manual,R_1032.jpg,Recyclable,ok
0.888,0.393,0.42,0.516,0.572,perlu_cek_manual,R_1036.jpg,Recyclable,ok
0.434,0.15,0.854,0.23,0.392,perlu_cek_manual,R_1044.jpg,Recyclable,ok
0.471,0.6,0.524,0.254,0.477,perlu_cek_manual,R_1047.jpg,Recyclable,ok
0.538,0.259,0.402,0.195,0.359,perlu_cek_manual,R_1048.jpg,Recyclable,ok
0.421,0.693,0.933,0.101,0.541,perlu_cek_manual,R_1049.jpg,Recyclable,ok
1.0,0.312,1.0,0.146,0.623,perlu_cek_manual,R_1053.jpg,Recyclable,ok
0.448,0.28,0.815,0.418,0.465,perlu_cek_manual,R_1057.jpg,Recyclable,ok
0.374,0.106,0.886,0.229,0.367,perlu_cek_manual,R_1060.jpg,Recyclable,ok
0.333,0.0,0.892,0.473,0.373,perlu_cek_manual,R_1061.jpg,Recyclable,ok
0.076,1.0,0.701,0.339,0.531,perlu_cek_manual,R_1068.jpg,Recyclable,ok
0.737,0.565,0.609,0.407,0.594,perlu_cek_manual,R_1070.jpg,Recyclable,ok
0.338,0.668,0.826,0.651,0.597,perlu_cek_manual,R_1073.jpg,Recyclable,ok
0.641,0.25,0.533,0.183,0.411,perlu_cek_manual,R_1075.jpg,Recyclable,ok
0.378,0.505,0.44,0.313,0.415,perlu_cek_manual,R_1077.jpg,Recyclable,ok
0.374,0.055,0.906,0.268,0.363,perlu_cek_manual,R_108.jpg,Recyclable,ok
0.541,0.62,0.352,0.352,0.489,perlu_cek_manual,R_1084.jpg,Recyclable,ok
0.376,0.45,0.687,0.385,0.462,perlu_cek_manual,R_1085.jpg,Recyclable,ok
0.717,0.597,0.41,0.217,0.52,perlu_cek_manual,R_1088.jpg,Recyclable,ok
1.0,0.146,0.301,0.346,0.473,perlu_cek_manual,R_1090.jpg,Recyclable,ok
0.492,0.381,0.867,0.406,0.517,perlu_cek_manual,R_1091.jpg,Recyclable,ok
0.576,0.351,0.829,0.092,0.462,perlu_cek_manual,R_1092.jpg,Recyclable,ok
1.0,0.396,0.902,0.191,0.637,perlu_cek_manual,R_1093.jpg,Recyclable,ok
0.334,0.306,0.854,0.324,0.428,perlu_cek_manual,R_1095.jpg,Recyclable,ok
0.588,0.513,0.669,0.395,0.543,perlu_cek_manual,R_1098.jpg,Recyclable,ok
0.335,0.283,0.894,0.684,0.501,perlu_cek_manual,R_1101.jpg,Recyclable,ok
0.619,0.359,0.638,0.181,0.457,perlu_cek_manual,R_1102.jpg,Recyclable,ok
0.403,0.329,0.358,0.296,0.35,perlu_cek_manual,R_1107.jpg,Recyclable,ok
0.792,0.136,0.636,0.385,0.483,perlu_cek_manual,R_1116.jpg,Recyclable,ok
0.693,0.334,0.925,0.384,0.57,perlu_cek_manual,R_1118.jpg,Recyclable,ok
1.0,0.218,0.539,0.408,0.555,perlu_cek_manual,R_112.jpg,Recyclable,ok
1.0,0.315,1.0,0.184,0.631,perlu_cek_manual,R_1121.jpg,Recyclable,ok
1.0,0.199,0.524,0.411,0.547,perlu_cek_manual,R_1122.jpg,Recyclable,ok
0.324,0.486,0.92,0.108,0.448,perlu_cek_manual,R_1124.jpg,Recyclable,ok
0.459,0.494,0.573,0.441,0.489,perlu_cek_manual,R_1125.jpg,Recyclable,ok
1.0,0.153,0.945,0.045,0.544,perlu_cek_manual,R_1128.jpg,Recyclable,ok
0.513,0.477,0.519,0.369,0.475,perlu_cek_manual,R_1129.jpg,Recyclable,ok
0.229,0.286,0.781,0.274,0.365,perlu_cek_manual,R_1131.jpg,Recyclable,ok
0.909,0.157,0.954,0.52,0.614,perlu_cek_manual,R_1133.jpg,Recyclable,ok
0.508,0.157,0.94,0.105,0.409,perlu_cek_manual,R_1135.jpg,Recyclable,ok
0.5,0.377,0.481,0.555,0.47,perlu_cek_manual,R_1138.jpg,Recyclable,ok
0.606,0.394,0.996,0.234,0.546,perlu_cek_manual,R_114.jpg,Recyclable,ok
0.818,0.409,0.916,0.089,0.569,perlu_cek_manual,R_1141.jpg,Recyclable,ok
0.439,0.526,0.906,0.096,0.49,perlu_cek_manual,R_1144.jpg,Recyclable,ok
1.0,0.0,0.964,0.427,0.578,perlu_cek_manual,R_1147.jpg,Recyclable,ok
0.499,0.801,0.948,0.243,0.628,perlu_cek_manual,R_1150.jpg,Recyclable,ok
0.256,0.485,0.269,0.456,0.367,perlu_cek_manual,R_1153.jpg,Recyclable,ok
0.761,0.284,0.436,0.305,0.461,perlu_cek_manual,R_1159.jpg,Recyclable,ok
1.0,0.179,0.754,0.227,0.55,perlu_cek_manual,R_116.jpg,Recyclable,ok
0.704,0.295,0.942,0.431,0.574,perlu_cek_manual,R_1167.jpg,Recyclable,ok
0.524,0.554,0.402,0.256,0.455,perlu_cek_manual,R_1168.jpg,Recyclable,ok
0.537,0.747,0.697,0.567,0.638,perlu_cek_manual,R_1169.jpg,Recyclable,ok
0.798,0.586,0.532,0.0,0.521,perlu_cek_manual,R_117.jpg,Recyclable,ok
0.462,0.304,0.816,0.16,0.425,perlu_cek_manual,R_1173.jpg,Recyclable,ok
0.534,0.459,0.592,0.61,0.538,perlu_cek_manual,R_1174.jpg,Recyclable,ok
0.607,0.469,0.543,0.206,0.473,perlu_cek_manual,R_1175.jpg,Recyclable,ok
1.0,0.247,0.848,0.51,0.646,perlu_cek_manual,R_118.jpg,Recyclable,ok
0.803,0.488,0.626,0.574,0.627,perlu_cek_manual,R_1182.jpg,Recyclable,ok
1.0,0.496,0.562,0.168,0.595,perlu_cek_manual,R_1184.jpg,Recyclable,ok
0.214,1.0,0.289,0.41,0.504,perlu_cek_manual,R_1187.jpg,Recyclable,ok
1.0,0.272,1.0,0.024,0.586,perlu_cek_manual,R_1188.jpg,Recyclable,ok
0.485,0.359,0.781,0.05,0.419,perlu_cek_manual,R_1191.jpg,Recyclable,ok
0.706,0.38,0.84,0.421,0.578,perlu_cek_manual,R_1194.jpg,Recyclable,ok
0.383,0.495,0.83,0.557,0.541,perlu_cek_manual,R_1197.jpg,Recyclable,ok
0.912,0.384,0.738,0.532,0.643,perlu_cek_manual,R_1198.jpg,Recyclable,ok
0.336,0.395,0.477,0.473,0.409,perlu_cek_manual,R_1200.jpg,Recyclable,ok
0.408,0.711,0.698,0.321,0.54,perlu_cek_manual,R_1202.jpg,Recyclable,ok
1.0,0.0,0.855,0.582,0.587,perlu_cek_manual,R_1205.jpg,Recyclable,ok
0.627,0.44,0.514,0.597,0.542,perlu_cek_manual,R_1208.jpg,Recyclable,ok
0.498,0.364,0.319,0.586,0.439,perlu_cek_manual,R_1210.jpg,Recyclable,ok
0.388,0.969,0.447,0.289,0.555,perlu_cek_manual,R_1212.jpg,Recyclable,ok
0.503,0.62,0.894,0.184,0.553,perlu_cek_manual,R_1217.jpg,Recyclable,ok
0.55,0.275,0.857,0.398,0.499,perlu_cek_manual,R_1219.jpg,Recyclable,ok
0.447,0.177,0.854,0.236,0.405,perlu_cek_manual,R_1222.jpg,Recyclable,ok
0.73,0.444,0.427,0.201,0.478,perlu_cek_manual,R_1230.jpg,Recyclable,ok
0.469,0.454,0.971,0.223,0.516,perlu_cek_manual,R_1233.jpg,Recyclable,ok
0.448,0.344,0.422,0.366,0.395,perlu_cek_manual,R_1243.jpg,Recyclable,ok
0.497,0.491,0.695,0.427,0.521,perlu_cek_manual,R_1246.jpg,Recyclable,ok
0.178,0.185,0.853,0.475,0.374,perlu_cek_manual,R_1248.jpg,Recyclable,ok
1.0,0.104,1.0,0.046,0.54,perlu_cek_manual,R_125.jpg,Recyclable,ok
0.278,0.164,0.897,0.272,0.367,perlu_cek_manual,R_1255.jpg,Recyclable,ok
0.495,0.557,0.587,0.494,0.532,perlu_cek_manual,R_1257.jpg,Recyclable,ok
0.323,0.435,0.786,0.46,0.477,perlu_cek_manual,R_1258.jpg,Recyclable,ok
0.506,0.0,0.915,0.445,0.424,perlu_cek_manual,R_1263.jpg,Recyclable,ok
0.395,0.17,0.886,0.48,0.442,perlu_cek_manual,R_1265.jpg,Recyclable,ok
1.0,0.308,0.529,0.634,0.625,perlu_cek_manual,R_1267.jpg,Recyclable,ok
0.238,0.515,0.4,0.335,0.373,perlu_cek_manual,R_1269.jpg,Recyclable,ok
0.378,0.298,0.677,0.077,0.354,perlu_cek_manual,R_1271.jpg,Recyclable,ok
0.408,0.354,0.315,0.559,0.403,perlu_cek_manual,R_1273.jpg,Recyclable,ok
0.566,0.349,0.862,0.096,0.466,perlu_cek_manual,R_1274.jpg,Recyclable,ok
0.518,0.252,0.935,0.344,0.487,perlu_cek_manual,R_128.jpg,Recyclable,ok
0.833,0.331,0.39,0.325,0.492,perlu_cek_manual,R_1280.jpg,Recyclable,ok
0.413,0.577,0.456,0.524,0.493,perlu_cek_manual,R_1287.jpg,Recyclable,ok
0.56,0.517,0.921,0.429,0.593,perlu_cek_manual,R_1289.jpg,Recyclable,ok
0.733,0.627,0.959,0.048,0.61,perlu_cek_manual,R_129.jpg,Recyclable,ok
0.588,0.556,0.566,0.185,0.494,perlu_cek_manual,R_1291.jpg,Recyclable,ok
1.0,0.239,0.968,0.13,0.592,perlu_cek_manual,R_1292.jpg,Recyclable,ok
0.658,0.646,0.828,0.362,0.629,perlu_cek_manual,R_1293.jpg,Recyclable,ok
0.967,0.296,0.758,0.307,0.592,perlu_cek_manual,R_1295.jpg,Recyclable,ok
0.263,0.681,0.259,0.565,0.448,perlu_cek_manual,R_1296.jpg,Recyclable,ok
0.232,0.283,0.651,0.344,0.354,perlu_cek_manual,R_1297.jpg,Recyclable,ok
0.667,0.855,0.625,0.257,0.633,perlu_cek_manual,R_1299.jpg,Recyclable,ok
0.425,0.976,0.515,0.367,0.597,perlu_cek_manual,R_1301.jpg,Recyclable,ok
0.314,0.424,0.861,0.275,0.449,perlu_cek_manual,R_1304.jpg,Recyclable,ok
0.61,0.839,0.835,0.085,0.618,perlu_cek_manual,R_1307.jpg,Recyclable,ok
0.643,0.46,0.525,0.265,0.489,perlu_cek_manual,R_1309.jpg,Recyclable,ok
1.0,0.22,0.966,0.432,0.645,perlu_cek_manual,R_1312.jpg,Recyclable,ok
0.369,0.918,0.503,0.567,0.6,perlu_cek_manual,R_1313.jpg,Recyclable,ok
0.382,0.533,0.58,0.513,0.493,perlu_cek_manual,R_1315.jpg,Recyclable,ok
0.406,0.508,0.73,0.568,0.534,perlu_cek_manual,R_1319.jpg,Recyclable,ok
0.524,0.0,0.924,0.339,0.41,perlu_cek_manual,R_1323.jpg,Recyclable,ok
1.0,0.09,0.975,0.371,0.596,perlu_cek_manual,R_1324.jpg,Recyclable,ok
0.563,0.502,0.608,0.522,0.545,perlu_cek_manual,R_1326.jpg,Recyclable,ok
0.854,0.464,0.977,0.278,0.647,perlu_cek_manual,R_1327.jpg,Recyclable,ok
0.472,0.833,0.57,0.366,0.579,perlu_cek_manual,R_1328.jpg,Recyclable,ok
0.198,0.113,0.77,0.593,0.366,perlu_cek_manual,R_1331.jpg,Recyclable,ok
1.0,0.268,0.952,0.337,0.638,perlu_cek_manual,R_1334.jpg,Recyclable,ok
0.608,0.594,0.973,0.198,0.595,perlu_cek_manual,R_1335.jpg,Recyclable,ok
0.533,0.636,0.65,0.472,0.575,perlu_cek_manual,R_1337.jpg,Recyclable,ok
0.8,0.437,0.313,0.024,0.438,perlu_cek_manual,R_1343.jpg,Recyclable,ok
0.483,0.415,0.931,0.357,0.527,perlu_cek_manual,R_1351.jpg,Recyclable,ok
0.736,0.523,1.0,0.226,0.623,perlu_cek_manual,R_1352.jpg,Recyclable,ok
0.987,0.596,0.369,0.241,0.597,perlu_cek_manual,R_1354.jpg,Recyclable,ok
0.614,0.536,0.943,0.58,0.65,perlu_cek_manual,R_1357.jpg,Recyclable,ok
0.753,0.7,0.972,0.032,0.637,perlu_cek_manual,R_1361.jpg,Recyclable,ok
0.567,0.72,0.834,0.349,0.623,perlu_cek_manual,R_1362.jpg,Recyclable,ok
0.587,0.27,0.44,0.317,0.409,perlu_cek_manual,R_1363.jpg,Recyclable,ok
0.668,0.247,0.926,0.573,0.574,perlu_cek_manual,R_1370.jpg,Recyclable,ok
1.0,0.281,0.578,0.625,0.625,perlu_cek_manual,R_1373.jpg,Recyclable,ok
0.772,0.219,0.411,0.165,0.413,perlu_cek_manual,R_1375.jpg,Recyclable,ok
0.87,0.507,0.968,0.026,0.612,perlu_cek_manual,R_1376.jpg,Recyclable,ok
0.457,0.814,0.767,0.23,0.581,perlu_cek_manual,R_1378.jpg,Recyclable,ok
0.695,0.143,0.954,0.447,0.532,perlu_cek_manual,R_1380.jpg,Recyclable,ok
0.259,0.388,0.885,0.484,0.468,perlu_cek_manual,R_1383.jpg,Recyclable,ok
0.44,0.38,0.288,0.377,0.379,perlu_cek_manual,R_1386.jpg,Recyclable,ok
0.49,0.242,0.871,0.34,0.462,perlu_cek_manual,R_1389.jpg,Recyclable,ok
0.69,0.814,0.426,0.4,0.616,perlu_cek_manual,R_1390.jpg,Recyclable,ok
0.845,0.62,1.0,0.047,0.649,perlu_cek_manual,R_1392.jpg,Recyclable,ok
0.123,0.569,0.757,0.19,0.397,perlu_cek_manual,R_1393.jpg,Recyclable,ok
1.0,0.194,0.951,0.199,0.588,perlu_cek_manual,R_1395.jpg,Recyclable,ok
1.0,0.243,0.846,0.245,0.591,perlu_cek_manual,R_1396.jpg,Recyclable,ok
0.283,0.447,0.779,0.373,0.449,perlu_cek_manual,R_1398.jpg,Recyclable,ok
1.0,0.0,0.978,0.001,0.496,perlu_cek_manual,R_1402.jpg,Recyclable,ok
1.0,0.1,0.548,0.252,0.49,perlu_cek_manual,R_1404.jpg,Recyclable,ok
1.0,0.364,0.884,0.233,0.633,perlu_cek_manual,R_1406.jpg,Recyclable,ok
1.0,0.07,0.965,0.398,0.594,perlu_cek_manual,R_1412.jpg,Recyclable,ok
0.778,0.236,0.942,0.264,0.546,perlu_cek_manual,R_1414.jpg,Recyclable,ok
0.796,0.0,0.9,0.47,0.513,perlu_cek_manual,R_1415.jpg,Recyclable,ok
0.344,0.546,0.898,0.438,0.534,perlu_cek_manual,R_1419.jpg,Recyclable,ok
0.442,1.0,0.495,0.295,0.591,perlu_cek_manual,R_1423.jpg,Recyclable,ok
1.0,0.351,0.776,0.158,0.592,perlu_cek_manual,R_1425.jpg,Recyclable,ok
0.411,0.356,0.443,0.208,0.361,perlu_cek_manual,R_1426.jpg,Recyclable,ok
0.256,0.208,0.776,0.395,0.373,perlu_cek_manual,R_1433.jpg,Recyclable,ok
0.346,0.232,0.588,0.372,0.365,perlu_cek_manual,R_1434.jpg,Recyclable,ok
0.256,1.0,0.873,0.358,0.623,perlu_cek_manual,R_1437.jpg,Recyclable,ok
0.495,0.459,0.632,0.37,0.487,perlu_cek_manual,R_1439.jpg,Recyclable,ok
1.0,0.19,0.456,0.55,0.558,perlu_cek_manual,R_1441.jpg,Recyclable,ok
0.264,1.0,0.68,0.172,0.55,perlu_cek_manual,R_1442.jpg,Recyclable,ok
1.0,0.125,0.955,0.361,0.601,perlu_cek_manual,R_1445.jpg,Recyclable,ok
0.424,1.0,0.774,0.322,0.647,perlu_cek_manual,R_1446.jpg,Recyclable,ok
0.344,0.578,0.536,0.276,0.439,perlu_cek_manual,R_1448.jpg,Recyclable,ok
0.348,0.45,0.453,0.317,0.393,perlu_cek_manual,R_145.jpg,Recyclable,ok
0.462,0.689,0.936,0.368,0.606,perlu_cek_manual,R_1451.jpg,Recyclable,ok
0.24,0.63,0.641,0.497,0.488,perlu_cek_manual,R_1452.jpg,Recyclable,ok
0.322,0.264,0.762,0.422,0.413,perlu_cek_manual,R_1454.jpg,Recyclable,ok
0.248,0.232,0.876,0.414,0.402,perlu_cek_manual,R_1455.jpg,Recyclable,ok
0.071,1.0,0.602,0.316,0.505,perlu_cek_manual,R_1458.jpg,Recyclable,ok
0.403,0.139,0.914,0.614,0.468,perlu_cek_manual,R_1465.jpg,Recyclable,ok
0.568,0.229,0.792,0.682,0.534,perlu_cek_manual,R_1468.jpg,Recyclable,ok
1.0,0.074,0.79,0.446,0.569,perlu_cek_manual,R_1471.jpg,Recyclable,ok
1.0,0.0,1.0,0.0,0.5,perlu_cek_manual,R_1475.jpg,Recyclable,ok
0.294,1.0,0.533,0.288,0.552,perlu_cek_manual,R_1478.jpg,Recyclable,ok
0.806,0.649,0.78,0.087,0.61,perlu_cek_manual,R_1479.jpg,Recyclable,ok
0.457,0.118,0.885,0.196,0.389,perlu_cek_manual,R_148.jpg,Recyclable,ok
0.73,0.417,0.794,0.052,0.513,perlu_cek_manual,R_1480.jpg,Recyclable,ok
0.044,0.794,0.424,0.529,0.442,perlu_cek_manual,R_1481.jpg,Recyclable,ok
0.447,0.305,0.432,0.506,0.413,perlu_cek_manual,R_1482.jpg,Recyclable,ok
0.501,0.393,0.858,0.395,0.519,perlu_cek_manual,R_1487.jpg,Recyclable,ok
0.139,0.464,0.576,0.328,0.362,perlu_cek_manual,R_1497.jpg,Recyclable,ok
1.0,0.0,1.0,0.003,0.501,perlu_cek_manual,R_1499.jpg,Recyclable,ok
0.218,1.0,0.345,0.323,0.499,perlu_cek_manual,R_1503.jpg,Recyclable,ok
0.477,0.254,0.439,0.363,0.38,perlu_cek_manual,R_1505.jpg,Recyclable,ok
0.315,0.965,0.755,0.488,0.633,perlu_cek_manual,R_151.jpg,Recyclable,ok
0.398,0.559,0.845,0.331,0.522,perlu_cek_manual,R_1512.jpg,Recyclable,ok
0.75,0.251,0.941,0.186,0.526,perlu_cek_manual,R_1514.jpg,Recyclable,ok
1.0,0.375,1.0,0.157,0.644,perlu_cek_manual,R_1515.jpg,Recyclable,ok
0.576,0.54,0.578,0.346,0.52,perlu_cek_manual,R_1516.jpg,Recyclable,ok
0.945,0.21,0.894,0.455,0.616,perlu_cek_manual,R_1518.jpg,Recyclable,ok
0.65,0.276,0.481,0.144,0.403,perlu_cek_manual,R_152.jpg,Recyclable,ok
1.0,0.265,0.936,0.372,0.641,perlu_cek_manual,R_1525.jpg,Recyclable,ok
0.463,0.332,0.562,0.239,0.399,perlu_cek_manual,R_1526.jpg,Recyclable,ok
0.259,0.303,0.845,0.297,0.397,perlu_cek_manual,R_1528.jpg,Recyclable,ok
0.512,0.332,0.452,0.364,0.416,perlu_cek_manual,R_153.jpg,Recyclable,ok
0.432,0.35,0.412,0.333,0.384,perlu_cek_manual,R_1531.jpg,Recyclable,ok
0.435,0.231,0.36,0.412,0.354,perlu_cek_manual,R_1533.jpg,Recyclable,ok
0.663,0.74,0.735,0.32,0.632,perlu_cek_manual,R_1534.jpg,Recyclable,ok
0.877,0.137,0.901,0.193,0.523,perlu_cek_manual,R_1535.jpg,Recyclable,ok
0.232,0.632,0.347,0.378,0.404,perlu_cek_manual,R_1536.jpg,Recyclable,ok
0.441,0.442,0.949,0.384,0.531,perlu_cek_manual,R_1540.jpg,Recyclable,ok
0.477,0.565,0.509,0.415,0.497,perlu_cek_manual,R_1542.jpg,Recyclable,ok
1.0,0.507,0.728,0.103,0.618,perlu_cek_manual,R_1546.jpg,Recyclable,ok
0.465,0.0,0.915,0.544,0.431,perlu_cek_manual,R_1549.jpg,Recyclable,ok
0.53,0.371,0.488,0.197,0.407,perlu_cek_manual,R_155.jpg,Recyclable,ok
0.827,0.409,0.983,0.164,0.6,perlu_cek_manual,R_1551.jpg,Recyclable,ok
0.467,0.314,0.423,0.321,0.383,perlu_cek_manual,R_1557.jpg,Recyclable,ok
0.394,0.414,0.874,0.136,0.444,perlu_cek_manual,R_1560.jpg,Recyclable,ok
0.17,0.336,0.903,0.306,0.394,perlu_cek_manual,R_1561.jpg,Recyclable,ok
0.566,0.235,0.887,0.445,0.507,perlu_cek_manual,R_1562.jpg,Recyclable,ok
0.599,0.497,0.913,0.136,0.539,perlu_cek_manual,R_1563.jpg,Recyclable,ok
0.382,0.0,0.831,0.477,0.376,perlu_cek_manual,R_1568.jpg,Recyclable,ok
0.954,0.307,0.99,0.347,0.646,perlu_cek_manual,R_1569.jpg,Recyclable,ok
0.824,0.487,0.957,0.266,0.638,perlu_cek_manual,R_1571.jpg,Recyclable,ok
0.454,0.0,0.812,0.275,0.354,perlu_cek_manual,R_1572.jpg,Recyclable,ok
1.0,0.227,0.998,0.077,0.583,perlu_cek_manual,R_1573.jpg,Recyclable,ok
0.612,0.574,0.916,0.062,0.551,perlu_cek_manual,R_1574.jpg,Recyclable,ok
0.685,0.68,0.431,0.433,0.582,perlu_cek_manual,R_1575.jpg,Recyclable,ok
0.251,0.611,0.865,0.266,0.485,perlu_cek_manual,R_1579.jpg,Recyclable,ok
0.228,1.0,0.516,0.179,0.507,perlu_cek_manual,R_1582.jpg,Recyclable,ok
0.365,0.957,0.414,0.455,0.57,perlu_cek_manual,R_1584.jpg,Recyclable,ok
0.411,0.0,0.929,0.4,0.389,perlu_cek_manual,R_1588.jpg,Recyclable,ok
0.438,0.464,0.871,0.479,0.541,perlu_cek_manual,R_1591.jpg,Recyclable,ok
1.0,0.287,0.903,0.377,0.642,perlu_cek_manual,R_1592.jpg,Recyclable,ok
0.517,0.448,0.414,0.255,0.423,perlu_cek_manual,R_1594.jpg,Recyclable,ok
0.382,0.068,0.848,0.546,0.414,perlu_cek_manual,R_1595.jpg,Recyclable,ok
0.588,1.0,0.437,0.348,0.633,perlu_cek_manual,R_1598.jpg,Recyclable,ok
0.792,0.41,0.444,0.286,0.507,perlu_cek_manual,R_1599.jpg,Recyclable,ok
1.0,0.377,0.947,0.143,0.631,perlu_cek_manual,R_1600.jpg,Recyclable,ok
0.331,0.41,0.871,0.464,0.489,perlu_cek_manual,R_1601.jpg,Recyclable,ok
0.542,0.516,0.938,0.453,0.595,perlu_cek_manual,R_1603.jpg,Recyclable,ok
0.411,0.648,0.688,0.462,0.548,perlu_cek_manual,R_1606.jpg,Recyclable,ok
0.339,0.466,0.432,0.424,0.413,perlu_cek_manual,R_1607.jpg,Recyclable,ok
0.714,0.621,0.928,0.293,0.645,perlu_cek_manual,R_1609.jpg,Recyclable,ok
0.436,0.219,0.49,0.32,0.358,perlu_cek_manual,R_161.jpg,Recyclable,ok
0.52,1.0,0.894,0.071,0.649,perlu_cek_manual,R_1611.jpg,Recyclable,ok
0.306,0.348,0.836,0.521,0.468,perlu_cek_manual,R_1616.jpg,Recyclable,ok
1.0,0.0,0.947,0.583,0.606,perlu_cek_manual,R_1617.jpg,Recyclable,ok
0.641,0.263,0.881,0.374,0.522,perlu_cek_manual,R_1622.jpg,Recyclable,ok
0.18,0.778,0.37,0.328,0.427,perlu_cek_manual,R_1625.jpg,Recyclable,ok
0.642,0.455,0.486,0.42,0.51,perlu_cek_manual,R_1627.jpg,Recyclable,ok
0.528,0.621,0.485,0.427,0.527,perlu_cek_manual,R_1629.jpg,Recyclable,ok
0.272,0.423,0.386,0.403,0.366,perlu_cek_manual,R_1633.jpg,Recyclable,ok
0.151,0.852,0.463,0.395,0.472,perlu_cek_manual,R_1636.jpg,Recyclable,ok
0.356,0.313,0.902,0.186,0.418,perlu_cek_manual,R_1648.jpg,Recyclable,ok
0.686,0.137,0.574,0.265,0.415,perlu_cek_manual,R_1649.jpg,Recyclable,ok
0.155,0.333,0.689,0.389,0.362,perlu_cek_manual,R_1653.jpg,Recyclable,ok
0.695,0.363,0.94,0.455,0.597,perlu_cek_manual,R_1669.jpg,Recyclable,ok
0.76,0.372,0.939,0.354,0.598,perlu_cek_manual,R_1672.jpg,Recyclable,ok
0.138,0.548,0.29,0.531,0.37,perlu_cek_manual,R_1676.jpg,Recyclable,ok
0.428,0.522,0.445,0.4,0.454,perlu_cek_manual,R_168.jpg,Recyclable,ok
0.47,0.341,0.474,0.428,0.423,perlu_cek_manual,R_1681.jpg,Recyclable,ok
0.486,0.28,0.392,0.628,0.434,perlu_cek_manual,R_1683.jpg,Recyclable,ok
0.877,0.576,0.852,0.127,0.632,perlu_cek_manual,R_1688.jpg,Recyclable,ok
1.0,0.0,1.0,0.2,0.54,perlu_cek_manual,R_169.jpg,Recyclable,ok
0.286,0.452,0.419,0.436,0.392,perlu_cek_manual,R_1694.jpg,Recyclable,ok
0.107,0.505,0.741,0.125,0.357,perlu_cek_manual,R_1695.jpg,Recyclable,ok
0.446,0.451,0.405,0.412,0.433,perlu_cek_manual,R_1698.jpg,Recyclable,ok
0.362,0.504,0.531,0.332,0.432,perlu_cek_manual,R_1699.jpg,Recyclable,ok
0.623,0.379,0.497,0.284,0.457,perlu_cek_manual,R_170.jpg,Recyclable,ok
0.54,0.27,0.896,0.426,0.507,perlu_cek_manual,R_1703.jpg,Recyclable,ok
0.792,0.369,0.546,0.539,0.565,perlu_cek_manual,R_1707.jpg,Recyclable,ok
0.297,0.918,0.497,0.282,0.52,perlu_cek_manual,R_1710.jpg,Recyclable,ok
0.319,0.418,0.47,0.27,0.369,perlu_cek_manual,R_172.jpg,Recyclable,ok
0.311,0.304,0.79,0.481,0.439,perlu_cek_manual,R_1720.jpg,Recyclable,ok
0.504,0.304,0.531,0.409,0.43,perlu_cek_manual,R_1727.jpg,Recyclable,ok
0.413,0.277,0.573,0.556,0.433,perlu_cek_manual,R_1728.jpg,Recyclable,ok
0.714,0.423,0.849,0.293,0.569,perlu_cek_manual,R_1729.jpg,Recyclable,ok
0.579,0.314,0.462,0.381,0.437,perlu_cek_manual,R_1730.jpg,Recyclable,ok
0.419,0.355,0.43,0.369,0.392,perlu_cek_manual,R_1733.jpg,Recyclable,ok
0.192,0.593,0.468,0.407,0.411,perlu_cek_manual,R_1736.jpg,Recyclable,ok
0.413,0.318,0.903,0.225,0.445,perlu_cek_manual,R_1740.jpg,Recyclable,ok
0.39,0.749,0.558,0.337,0.521,perlu_cek_manual,R_1742.jpg,Recyclable,ok
0.076,0.634,0.828,0.25,0.429,perlu_cek_manual,R_1743.jpg,Recyclable,ok
0.587,0.632,0.934,0.341,0.621,perlu_cek_manual,R_1744.jpg,Recyclable,ok
1.0,0.45,0.85,0.13,0.631,perlu_cek_manual,R_1751.jpg,Recyclable,ok
0.533,0.297,0.944,0.114,0.461,perlu_cek_manual,R_1753.jpg,Recyclable,ok
0.398,0.436,0.587,0.53,0.474,perlu_cek_manual,R_1754.jpg,Recyclable,ok
0.638,0.562,0.697,0.464,0.592,perlu_cek_manual,R_1757.jpg,Recyclable,ok
0.4,0.12,0.837,0.274,0.378,perlu_cek_manual,R_1760.jpg,Recyclable,ok
0.459,0.359,0.518,0.448,0.439,perlu_cek_manual,R_1763.jpg,Recyclable,ok
0.548,0.44,0.863,0.475,0.564,perlu_cek_manual,R_1765.jpg,Recyclable,ok
1.0,0.21,0.319,0.449,0.516,perlu_cek_manual,R_1768.jpg,Recyclable,ok
0.635,0.355,0.473,0.244,0.44,perlu_cek_manual,R_1769.jpg,Recyclable,ok
0.424,0.751,0.879,0.154,0.559,perlu_cek_manual,R_1777.jpg,Recyclable,ok
0.319,0.627,0.756,0.177,0.471,perlu_cek_manual,R_1778.jpg,Recyclable,ok
0.52,0.226,0.384,0.671,0.435,perlu_cek_manual,R_1783.jpg,Recyclable,ok
0.61,0.484,0.322,0.196,0.432,perlu_cek_manual,R_179.jpg,Recyclable,ok
0.345,0.441,0.532,0.375,0.417,perlu_cek_manual,R_1790.jpg,Recyclable,ok
0.877,0.34,0.87,0.296,0.598,perlu_cek_manual,R_1809.jpg,Recyclable,ok
0.196,0.413,0.785,0.296,0.399,perlu_cek_manual,R_1815.jpg,Recyclable,ok
0.581,0.465,0.96,0.559,0.618,perlu_cek_manual,R_1817.jpg,Recyclable,ok
0.245,0.545,0.433,0.337,0.391,perlu_cek_manual,R_1820.jpg,Recyclable,ok
0.321,0.94,0.772,0.486,0.63,perlu_cek_manual,R_1821.jpg,Recyclable,ok
0.389,0.398,0.718,0.585,0.497,perlu_cek_manual,R_1822.jpg,Recyclable,ok
0.193,0.361,0.865,0.308,0.401,perlu_cek_manual,R_1823.jpg,Recyclable,ok
0.439,0.599,0.665,0.207,0.486,perlu_cek_manual,R_1824.jpg,Recyclable,ok
1.0,0.598,0.833,0.0,0.646,perlu_cek_manual,R_1827.jpg,Recyclable,ok
0.427,0.058,0.96,0.447,0.427,perlu_cek_manual,R_1828.jpg,Recyclable,ok
0.522,0.176,0.908,0.724,0.536,perlu_cek_manual,R_1832.jpg,Recyclable,ok
0.822,0.297,0.954,0.563,0.639,perlu_cek_manual,R_1833.jpg,Recyclable,ok
1.0,0.429,0.507,0.352,0.6,perlu_cek_manual,R_1837.jpg,Recyclable,ok
0.226,0.678,0.542,0.403,0.46,perlu_cek_manual,R_1839.jpg,Recyclable,ok
0.607,0.094,0.931,0.408,0.478,perlu_cek_manual,R_184.jpg,Recyclable,ok
0.318,0.276,0.624,0.514,0.406,perlu_cek_manual,R_1845.jpg,Recyclable,ok
0.58,0.399,0.607,0.665,0.548,perlu_cek_manual,R_1846.jpg,Recyclable,ok
0.108,0.904,0.642,0.143,0.461,perlu_cek_manual,R_1847.jpg,Recyclable,ok
0.298,0.449,0.756,0.318,0.439,perlu_cek_manual,R_1850.jpg,Recyclable,ok
0.571,0.325,0.393,0.552,0.458,perlu_cek_manual,R_1853.jpg,Recyclable,ok
0.341,0.797,0.986,0.323,0.603,perlu_cek_manual,R_1854.jpg,Recyclable,ok
0.858,0.199,0.951,0.213,0.55,perlu_cek_manual,R_1855.jpg,Recyclable,ok
0.755,0.462,0.479,0.284,0.518,perlu_cek_manual,R_1860.jpg,Recyclable,ok
0.316,0.783,0.889,0.392,0.586,perlu_cek_manual,R_1861.jpg,Recyclable,ok
1.0,0.241,0.855,0.338,0.611,perlu_cek_manual,R_1864.jpg,Recyclable,ok
1.0,0.181,0.976,0.183,0.586,perlu_cek_manual,R_1867.jpg,Recyclable,ok
0.339,0.137,0.867,0.209,0.358,perlu_cek_manual,R_1868.jpg,Recyclable,ok
1.0,0.0,1.0,0.499,0.6,perlu_cek_manual,R_187.jpg,Recyclable,ok
0.195,0.564,0.634,0.235,0.402,perlu_cek_manual,R_1874.jpg,Recyclable,ok
0.193,0.496,0.605,0.311,0.39,perlu_cek_manual,R_1879.jpg,Recyclable,ok
0.745,0.357,0.97,0.289,0.582,perlu_cek_manual,R_188.jpg,Recyclable,ok
0.768,0.479,0.668,0.395,0.587,perlu_cek_manual,R_1880.jpg,Recyclable,ok
1.0,0.0,0.969,0.293,0.552,perlu_cek_manual,R_1882.jpg,Recyclable,ok
0.803,0.0,0.906,0.267,0.476,perlu_cek_manual,R_1884.jpg,Recyclable,ok
0.656,0.437,0.775,0.443,0.571,perlu_cek_manual,R_1887.jpg,Recyclable,ok
0.293,0.0,1.0,0.745,0.437,perlu_cek_manual,R_1889.jpg,Recyclable,ok
0.449,0.348,0.59,0.078,0.373,perlu_cek_manual,R_1895.jpg,Recyclable,ok
0.773,0.309,0.934,0.644,0.64,perlu_cek_manual,R_1899.jpg,Recyclable,ok
0.397,0.311,0.446,0.365,0.375,perlu_cek_manual,R_19.jpg,Recyclable,ok
0.274,0.641,0.938,0.424,0.547,perlu_cek_manual,R_1900.jpg,Recyclable,ok
0.556,0.378,0.448,0.6,0.49,perlu_cek_manual,R_1906.jpg,Recyclable,ok
0.43,0.504,0.925,0.33,0.531,perlu_cek_manual,R_1911.jpg,Recyclable,ok
0.525,0.663,0.957,0.278,0.603,perlu_cek_manual,R_1912.jpg,Recyclable,ok
1.0,0.23,0.747,0.301,0.578,perlu_cek_manual,R_1916.jpg,Recyclable,ok
0.379,0.529,0.637,0.297,0.459,perlu_cek_manual,R_1920.jpg,Recyclable,ok
0.996,0.226,0.827,0.124,0.557,perlu_cek_manual,R_1921.jpg,Recyclable,ok
0.505,0.075,0.88,0.423,0.434,perlu_cek_manual,R_1930.jpg,Recyclable,ok
0.63,0.334,0.922,0.512,0.576,perlu_cek_manual,R_1933.jpg,Recyclable,ok
0.991,0.0,0.914,0.289,0.538,perlu_cek_manual,R_1937.jpg,Recyclable,ok
0.361,0.437,0.385,0.419,0.4,perlu_cek_manual,R_1938.jpg,Recyclable,ok
0.078,0.183,0.911,0.665,0.393,perlu_cek_manual,R_1939.jpg,Recyclable,ok
0.75,0.373,0.892,0.32,0.579,perlu_cek_manual,R_1941.jpg,Recyclable,ok
0.831,0.254,0.935,0.148,0.542,perlu_cek_manual,R_1942.jpg,Recyclable,ok
0.519,0.291,0.479,0.394,0.417,perlu_cek_manual,R_1943.jpg,Recyclable,ok
0.331,0.017,0.843,0.456,0.364,perlu_cek_manual,R_1946.jpg,Recyclable,ok
0.226,0.065,0.845,0.6,0.377,perlu_cek_manual,R_1957.jpg,Recyclable,ok
1.0,0.448,0.597,0.29,0.612,perlu_cek_manual,R_196.jpg,Recyclable,ok
0.639,0.137,0.944,0.311,0.484,perlu_cek_manual,R_1962.jpg,Recyclable,ok
0.429,0.261,0.491,0.377,0.381,perlu_cek_manual,R_1964.jpg,Recyclable,ok
0.365,0.217,0.751,0.289,0.383,perlu_cek_manual,R_1969.jpg,Recyclable,ok
0.658,0.448,0.884,0.453,0.599,perlu_cek_manual,R_197.jpg,Recyclable,ok
0.212,0.669,0.308,0.419,0.41,perlu_cek_manual,R_1976.jpg,Recyclable,ok
0.867,0.507,0.758,0.207,0.605,perlu_cek_manual,R_1977.jpg,Recyclable,ok
0.562,0.446,0.794,0.144,0.49,perlu_cek_manual,R_1979.jpg,Recyclable,ok
0.879,0.381,0.94,0.313,0.629,perlu_cek_manual,R_1981.jpg,Recyclable,ok
0.524,0.534,0.936,0.417,0.588,perlu_cek_manual,R_1986.jpg,Recyclable,ok
0.385,0.062,0.886,0.231,0.357,perlu_cek_manual,R_1993.jpg,Recyclable,ok
1.0,0.333,0.85,0.389,0.648,perlu_cek_manual,R_1996.jpg,Recyclable,ok
0.281,0.338,0.875,0.58,0.476,perlu_cek_manual,R_1997.jpg,Recyclable,ok
0.569,0.488,0.91,0.337,0.566,perlu_cek_manual,R_1998.jpg,Recyclable,ok
0.904,0.197,0.889,0.248,0.558,perlu_cek_manual,R_2000.jpg,Recyclable,ok
0.491,0.0,0.884,0.18,0.36,perlu_cek_manual,R_2002.jpg,Recyclable,ok
0.305,0.264,0.901,0.251,0.401,perlu_cek_manual,R_2007.jpg,Recyclable,ok
1.0,0.047,0.796,0.395,0.552,perlu_cek_manual,R_2010.jpg,Recyclable,ok
0.095,0.252,0.939,0.623,0.416,perlu_cek_manual,R_2012.jpg,Recyclable,ok
0.327,0.486,0.708,0.314,0.448,perlu_cek_manual,R_2013.jpg,Recyclable,ok
0.538,0.27,0.797,0.495,0.501,perlu_cek_manual,R_2014.jpg,Recyclable,ok
0.365,0.146,0.873,0.537,0.435,perlu_cek_manual,R_2017.jpg,Recyclable,ok
0.73,0.59,0.96,0.1,0.608,perlu_cek_manual,R_202.jpg,Recyclable,ok
0.297,0.336,0.796,0.366,0.422,perlu_cek_manual,R_2020.jpg,Recyclable,ok
0.391,0.465,0.891,0.495,0.534,perlu_cek_manual,R_2021.jpg,Recyclable,ok
0.432,0.506,0.447,0.217,0.414,perlu_cek_manual,R_2029.jpg,Recyclable,ok
0.31,0.233,0.715,0.387,0.383,perlu_cek_manual,R_2030.jpg,Recyclable,ok
0.439,0.397,0.487,0.258,0.4,perlu_cek_manual,R_2032.jpg,Recyclable,ok
0.236,0.244,0.79,0.282,0.359,perlu_cek_manual,R_2033.jpg,Recyclable,ok
0.582,0.597,0.833,0.299,0.58,perlu_cek_manual,R_2034.jpg,Recyclable,ok
0.368,0.166,0.889,0.558,0.449,perlu_cek_manual,R_2036.jpg,Recyclable,ok
0.457,0.489,0.734,0.636,0.558,perlu_cek_manual,R_2038.jpg,Recyclable,ok
0.63,0.426,0.908,0.339,0.566,perlu_cek_manual,R_204.jpg,Recyclable,ok
0.649,0.722,0.681,0.369,0.621,perlu_cek_manual,R_2043.jpg,Recyclable,ok
0.543,0.362,0.89,0.54,0.558,perlu_cek_manual,R_2044.jpg,Recyclable,ok
0.792,0.328,0.894,0.205,0.556,perlu_cek_manual,R_2046.jpg,Recyclable,ok
0.32,0.0,1.0,0.716,0.439,perlu_cek_manual,R_2050.jpg,Recyclable,ok
0.454,0.706,0.771,0.543,0.611,perlu_cek_manual,R_2052.jpg,Recyclable,ok
0.454,0.41,0.721,0.256,0.455,perlu_cek_manual,R_2053.jpg,Recyclable,ok
0.443,0.432,0.845,0.48,0.528,perlu_cek_manual,R_2055.jpg,Recyclable,ok
1.0,0.251,0.837,0.248,0.592,perlu_cek_manual,R_2056.jpg,Recyclable,ok
0.65,0.307,0.921,0.287,0.529,perlu_cek_manual,R_206.jpg,Recyclable,ok
0.414,0.202,0.901,0.561,0.477,perlu_cek_manual,R_2060.jpg,Recyclable,ok
0.658,0.479,0.823,0.311,0.568,perlu_cek_manual,R_2061.jpg,Recyclable,ok
0.369,0.535,0.835,0.135,0.465,perlu_cek_manual,R_2064.jpg,Recyclable,ok
0.038,0.462,1.0,0.233,0.397,perlu_cek_manual,R_2066.jpg,Recyclable,ok
0.472,0.394,0.923,0.286,0.502,perlu_cek_manual,R_2068.jpg,Recyclable,ok
0.464,0.959,0.406,0.273,0.563,perlu_cek_manual,R_2070.jpg,Recyclable,ok
0.49,0.533,0.487,0.356,0.476,perlu_cek_manual,R_2071.jpg,Recyclable,ok
0.418,0.431,0.816,0.518,0.521,perlu_cek_manual,R_2073.jpg,Recyclable,ok
0.378,0.366,0.504,0.565,0.437,perlu_cek_manual,R_2076.jpg,Recyclable,ok
0.413,0.154,0.755,0.354,0.392,perlu_cek_manual,R_2077.jpg,Recyclable,ok
0.17,0.101,0.79,0.649,0.369,perlu_cek_manual,R_2083.jpg,Recyclable,ok
0.566,0.65,0.602,0.329,0.551,perlu_cek_manual,R_2084.jpg,Recyclable,ok
0.62,0.626,0.483,0.276,0.526,perlu_cek_manual,R_2085.jpg,Recyclable,ok
0.756,0.336,0.88,0.357,0.575,perlu_cek_manual,R_2086.jpg,Recyclable,ok
1.0,0.371,0.898,0.273,0.646,perlu_cek_manual,R_209.jpg,Recyclable,ok
0.463,0.297,0.647,0.399,0.437,perlu_cek_manual,R_21.jpg,Recyclable,ok
1.0,0.228,0.943,0.436,0.644,perlu_cek_manual,R_2100.jpg,Recyclable,ok
0.781,0.553,0.896,0.186,0.617,perlu_cek_manual,R_2102.jpg,Recyclable,ok
0.681,0.572,0.942,0.184,0.601,perlu_cek_manual,R_2106.jpg,Recyclable,ok
0.711,0.198,0.954,0.302,0.524,perlu_cek_manual,R_2110.jpg,Recyclable,ok
0.541,0.442,0.934,0.416,0.565,perlu_cek_manual,R_2111.jpg,Recyclable,ok
1.0,0.146,0.872,0.299,0.578,perlu_cek_manual,R_2114.jpg,Recyclable,ok
0.638,0.392,0.759,0.205,0.502,perlu_cek_manual,R_2119.jpg,Recyclable,ok
0.382,0.406,0.844,0.424,0.49,perlu_cek_manual,R_212.jpg,Recyclable,ok
1.0,0.27,0.981,0.058,0.589,perlu_cek_manual,R_2120.jpg,Recyclable,ok
0.419,0.53,0.628,0.348,0.48,perlu_cek_manual,R_2122.jpg,Recyclable,ok
0.434,0.544,0.897,0.298,0.532,perlu_cek_manual,R_2124.jpg,Recyclable,ok
0.38,0.749,0.509,0.214,0.483,perlu_cek_manual,R_2125.jpg,Recyclable,ok
0.676,0.32,0.922,0.76,0.635,perlu_cek_manual,R_2126.jpg,Recyclable,ok
0.385,0.459,0.888,0.177,0.466,perlu_cek_manual,R_2128.jpg,Recyclable,ok
0.73,0.588,0.653,0.455,0.617,perlu_cek_manual,R_2129.jpg,Recyclable,ok
0.311,0.137,0.821,0.463,0.391,perlu_cek_manual,R_2130.jpg,Recyclable,ok
0.931,0.357,0.511,0.383,0.565,perlu_cek_manual,R_2131.jpg,Recyclable,ok
1.0,0.037,0.824,0.352,0.546,perlu_cek_manual,R_2135.jpg,Recyclable,ok
0.617,0.767,0.518,0.351,0.589,perlu_cek_manual,R_2138.jpg,Recyclable,ok
0.377,0.138,0.931,0.435,0.428,perlu_cek_manual,R_2139.jpg,Recyclable,ok
1.0,0.357,0.879,0.236,0.63,perlu_cek_manual,R_214.jpg,Recyclable,ok
0.492,0.245,0.433,0.249,0.358,perlu_cek_manual,R_2140.jpg,Recyclable,ok
1.0,0.0,0.795,0.488,0.557,perlu_cek_manual,R_2143.jpg,Recyclable,ok
0.41,0.221,0.885,0.305,0.427,perlu_cek_manual,R_2144.jpg,Recyclable,ok
0.301,0.124,0.875,0.333,0.369,perlu_cek_manual,R_2147.jpg,Recyclable,ok
0.293,0.419,0.78,0.32,0.434,perlu_cek_manual,R_2148.jpg,Recyclable,ok
0.248,0.749,0.268,0.563,0.465,perlu_cek_manual,R_2154.jpg,Recyclable,ok
0.301,1.0,0.59,0.42,0.592,perlu_cek_manual,R_2156.jpg,Recyclable,ok
0.419,0.493,1.0,0.459,0.565,perlu_cek_manual,R_2162.jpg,Recyclable,ok
0.555,0.268,0.814,0.388,0.487,perlu_cek_manual,R_2165.jpg,Recyclable,ok
0.245,0.313,0.624,0.374,0.367,perlu_cek_manual,R_2170.jpg,Recyclable,ok
1.0,0.0,1.0,0.284,0.557,perlu_cek_manual,R_2171.jpg,Recyclable,ok
0.476,0.389,0.377,0.549,0.445,perlu_cek_manual,R_2180.jpg,Recyclable,ok
0.438,0.414,0.414,0.47,0.432,perlu_cek_manual,R_2182.jpg,Recyclable,ok
0.656,0.456,0.542,0.393,0.521,perlu_cek_manual,R_2189.jpg,Recyclable,ok
0.083,0.446,0.818,0.409,0.404,perlu_cek_manual,R_2191.jpg,Recyclable,ok
0.316,0.381,0.661,0.581,0.457,perlu_cek_manual,R_2192.jpg,Recyclable,ok
0.366,0.418,0.63,0.358,0.433,perlu_cek_manual,R_2197.jpg,Recyclable,ok
0.664,0.481,0.922,0.307,0.589,perlu_cek_manual,R_2204.jpg,Recyclable,ok
0.914,0.419,0.395,0.533,0.585,perlu_cek_manual,R_2205.jpg,Recyclable,ok
0.429,0.137,0.901,0.287,0.408,perlu_cek_manual,R_2207.jpg,Recyclable,ok
0.113,0.64,0.869,0.416,0.483,perlu_cek_manual,R_2210.jpg,Recyclable,ok
0.41,0.651,0.319,0.392,0.46,perlu_cek_manual,R_2212.jpg,Recyclable,ok
1.0,0.0,1.0,0.474,0.595,perlu_cek_manual,R_2216.jpg,Recyclable,ok
0.358,0.449,0.784,0.436,0.486,perlu_cek_manual,R_2217.jpg,Recyclable,ok
0.302,0.61,0.811,0.335,0.503,perlu_cek_manual,R_2219.jpg,Recyclable,ok
0.368,0.382,0.414,0.603,0.429,perlu_cek_manual,R_2223.jpg,Recyclable,ok
1.0,0.306,0.764,0.279,0.6,perlu_cek_manual,R_2229.jpg,Recyclable,ok
0.411,1.0,0.38,0.201,0.54,perlu_cek_manual,R_223.jpg,Recyclable,ok
1.0,0.0,1.0,0.552,0.61,perlu_cek_manual,R_2232.jpg,Recyclable,ok
1.0,0.107,0.682,0.595,0.588,perlu_cek_manual,R_2233.jpg,Recyclable,ok
0.091,0.446,0.663,0.405,0.375,perlu_cek_manual,R_2238.jpg,Recyclable,ok
0.189,0.669,0.873,0.346,0.501,perlu_cek_manual,R_2240.jpg,Recyclable,ok
0.251,0.216,0.829,0.392,0.384,perlu_cek_manual,R_2249.jpg,Recyclable,ok
0.082,0.494,0.648,0.4,0.382,perlu_cek_manual,R_2252.jpg,Recyclable,ok
0.197,0.504,0.288,0.493,0.367,perlu_cek_manual,R_2255.jpg,Recyclable,ok
0.237,0.722,0.301,0.304,0.409,perlu_cek_manual,R_2256.jpg,Recyclable,ok
0.455,0.261,0.494,0.366,0.387,perlu_cek_manual,R_2258.jpg,Recyclable,ok
0.322,0.295,0.424,0.546,0.379,perlu_cek_manual,R_2260.jpg,Recyclable,ok
0.348,1.0,0.288,0.4,0.542,perlu_cek_manual,R_2264.jpg,Recyclable,ok
0.216,0.516,0.265,0.482,0.369,perlu_cek_manual,R_2269.jpg,Recyclable,ok
0.411,1.0,0.528,0.543,0.637,perlu_cek_manual,R_2271.jpg,Recyclable,ok
0.572,0.351,0.865,0.378,0.526,perlu_cek_manual,R_2273.jpg,Recyclable,ok
0.478,0.417,0.567,0.359,0.454,perlu_cek_manual,R_2278.jpg,Recyclable,ok
0.302,0.522,0.294,0.499,0.406,perlu_cek_manual,R_2279.jpg,Recyclable,ok
0.584,0.663,0.374,0.361,0.521,perlu_cek_manual,R_2284.jpg,Recyclable,ok
0.626,0.701,0.729,0.53,0.65,perlu_cek_manual,R_2287.jpg,Recyclable,ok
0.759,0.29,0.425,0.257,0.451,perlu_cek_manual,R_229.jpg,Recyclable,ok
0.707,0.411,0.975,0.275,0.585,perlu_cek_manual,R_2292.jpg,Recyclable,ok
0.626,0.338,0.607,0.39,0.489,perlu_cek_manual,R_23.jpg,Recyclable,ok
0.256,0.447,0.833,0.428,0.463,perlu_cek_manual,R_2304.jpg,Recyclable,ok
0.088,0.523,0.781,0.383,0.416,perlu_cek_manual,R_2306.jpg,Recyclable,ok
0.675,0.741,0.39,0.465,0.596,perlu_cek_manual,R_2307.jpg,Recyclable,ok
0.783,0.537,0.629,0.538,0.63,perlu_cek_manual,R_231.jpg,Recyclable,ok
1.0,0.42,0.372,0.437,0.588,perlu_cek_manual,R_2317.jpg,Recyclable,ok
0.397,0.434,1.0,0.557,0.561,perlu_cek_manual,R_2319.jpg,Recyclable,ok
0.388,0.091,0.895,0.464,0.415,perlu_cek_manual,R_2322.jpg,Recyclable,ok
0.451,0.636,0.935,0.169,0.547,perlu_cek_manual,R_2329.jpg,Recyclable,ok
0.749,0.232,0.931,0.37,0.555,perlu_cek_manual,R_2330.jpg,Recyclable,ok
0.599,0.0,0.966,0.052,0.383,perlu_cek_manual,R_2333.jpg,Recyclable,ok
0.526,0.359,0.534,0.311,0.435,perlu_cek_manual,R_2335.jpg,Recyclable,ok
0.614,1.0,0.395,0.254,0.614,perlu_cek_manual,R_2339.jpg,Recyclable,ok
0.593,0.529,0.745,0.356,0.557,perlu_cek_manual,R_2344.jpg,Recyclable,ok
0.72,0.314,0.837,0.284,0.534,perlu_cek_manual,R_2346.jpg,Recyclable,ok
0.287,0.713,0.503,0.167,0.434,perlu_cek_manual,R_235.jpg,Recyclable,ok
0.281,0.827,0.385,0.378,0.485,perlu_cek_manual,R_2358.jpg,Recyclable,ok
0.729,0.7,0.349,0.563,0.611,perlu_cek_manual,R_2362.jpg,Recyclable,ok
0.284,0.375,0.931,0.426,0.469,perlu_cek_manual,R_2363.jpg,Recyclable,ok
1.0,0.0,1.0,0.0,0.5,perlu_cek_manual,R_2366.jpg,Recyclable,ok
0.598,0.23,0.298,0.469,0.402,perlu_cek_manual,R_2369.jpg,Recyclable,ok
0.785,0.497,0.97,0.048,0.588,perlu_cek_manual,R_237.jpg,Recyclable,ok
0.479,0.565,0.951,0.504,0.604,perlu_cek_manual,R_2371.jpg,Recyclable,ok
0.172,0.568,0.863,0.185,0.432,perlu_cek_manual,R_2373.jpg,Recyclable,ok
0.393,0.28,0.828,0.435,0.455,perlu_cek_manual,R_2375.jpg,Recyclable,ok
0.68,0.436,0.364,0.569,0.521,perlu_cek_manual,R_2382.jpg,Recyclable,ok
0.632,0.497,0.912,0.345,0.59,perlu_cek_manual,R_2385.jpg,Recyclable,ok
1.0,0.047,0.822,0.439,0.566,perlu_cek_manual,R_2390.jpg,Recyclable,ok
1.0,0.0,1.0,0.0,0.5,perlu_cek_manual,R_2393.jpg,Recyclable,ok
0.49,0.341,0.292,0.575,0.423,perlu_cek_manual,R_2397.jpg,Recyclable,ok
0.314,0.0,0.837,0.461,0.354,perlu_cek_manual,R_2398.jpg,Recyclable,ok
0.457,0.284,0.342,0.521,0.395,perlu_cek_manual,R_240.jpg,Recyclable,ok
0.787,0.492,0.544,0.343,0.561,perlu_cek_manual,R_2401.jpg,Recyclable,ok
1.0,0.0,0.745,0.46,0.541,perlu_cek_manual,R_2407.jpg,Recyclable,ok
0.464,0.18,0.918,0.343,0.446,perlu_cek_manual,R_241.jpg,Recyclable,ok
1.0,0.0,1.0,0.013,0.503,perlu_cek_manual,R_2410.jpg,Recyclable,ok
0.33,0.244,0.897,0.285,0.409,perlu_cek_manual,R_242.jpg,Recyclable,ok
0.181,0.586,0.337,0.467,0.391,perlu_cek_manual,R_2422.jpg,Recyclable,ok
0.296,0.524,0.304,0.292,0.365,perlu_cek_manual,R_2425.jpg,Recyclable,ok
0.5,0.24,0.361,0.505,0.395,perlu_cek_manual,R_2426.jpg,Recyclable,ok
0.74,0.337,0.401,0.585,0.52,perlu_cek_manual,R_2427.jpg,Recyclable,ok
0.4,0.46,0.268,0.381,0.388,perlu_cek_manual,R_2430.jpg,Recyclable,ok
0.214,0.703,0.394,0.49,0.452,perlu_cek_manual,R_2431.jpg,Recyclable,ok
0.497,1.0,0.476,0.529,0.65,perlu_cek_manual,R_2432.jpg,Recyclable,ok
0.061,1.0,0.178,0.493,0.452,perlu_cek_manual,R_2438.jpg,Recyclable,ok
1.0,0.0,1.0,0.184,0.537,perlu_cek_manual,R_244.jpg,Recyclable,ok
0.358,0.076,0.834,0.391,0.375,perlu_cek_manual,R_2440.jpg,Recyclable,ok
0.996,0.583,0.454,0.419,0.648,perlu_cek_manual,R_2444.jpg,Recyclable,ok
0.542,0.336,0.412,0.594,0.464,perlu_cek_manual,R_2449.jpg,Recyclable,ok
0.847,0.312,0.819,0.439,0.599,perlu_cek_manual,R_2457.jpg,Recyclable,ok
1.0,0.0,1.0,0.417,0.583,perlu_cek_manual,R_246.jpg,Recyclable,ok
0.661,0.529,0.431,0.479,0.539,perlu_cek_manual,R_2460.jpg,Recyclable,ok
0.749,0.397,0.474,0.688,0.576,perlu_cek_manual,R_2465.jpg,Recyclable,ok
0.346,0.83,0.501,0.358,0.525,perlu_cek_manual,R_2466.jpg,Recyclable,ok
0.169,0.296,0.634,0.443,0.355,perlu_cek_manual,R_2468.jpg,Recyclable,ok
0.767,0.196,0.562,0.362,0.474,perlu_cek_manual,R_2469.jpg,Recyclable,ok
0.433,0.3,0.459,0.433,0.398,perlu_cek_manual,R_2471.jpg,Recyclable,ok
0.439,0.364,0.877,0.288,0.474,perlu_cek_manual,R_2473.jpg,Recyclable,ok
0.372,0.073,0.911,0.557,0.427,perlu_cek_manual,R_2474.jpg,Recyclable,ok
0.576,0.277,0.822,0.108,0.442,perlu_cek_manual,R_248.jpg,Recyclable,ok
0.54,0.203,0.654,0.673,0.488,perlu_cek_manual,R_2485.jpg,Recyclable,ok
0.58,0.335,0.816,0.386,0.515,perlu_cek_manual,R_2487.jpg,Recyclable,ok
1.0,0.316,0.515,0.386,0.575,perlu_cek_manual,R_2488.jpg,Recyclable,ok
0.505,0.582,0.313,0.25,0.439,perlu_cek_manual,R_249.jpg,Recyclable,ok
1.0,0.346,0.546,0.456,0.604,perlu_cek_manual,R_2492.jpg,Recyclable,ok
0.319,0.377,0.594,0.457,0.419,perlu_cek_manual,R_2497.jpg,Recyclable,ok
0.604,0.289,0.87,0.57,0.556,perlu_cek_manual,R_2500.jpg,Recyclable,ok
0.341,0.256,0.647,0.461,0.401,perlu_cek_manual,R_2504.jpg,Recyclable,ok
0.207,0.556,0.261,0.477,0.377,perlu_cek_manual,R_2506.jpg,Recyclable,ok
1.0,0.136,0.327,0.357,0.478,perlu_cek_manual,R_2511.jpg,Recyclable,ok
0.318,0.251,0.722,0.514,0.418,perlu_cek_manual,R_2512.jpg,Recyclable,ok
0.184,0.499,0.597,0.474,0.419,perlu_cek_manual,R_2514.jpg,Recyclable,ok
0.307,0.157,0.845,0.502,0.409,perlu_cek_manual,R_2515.jpg,Recyclable,ok
0.618,0.213,0.868,0.387,0.5,perlu_cek_manual,R_2518.jpg,Recyclable,ok
0.463,0.35,0.883,0.516,0.524,perlu_cek_manual,R_2519.jpg,Recyclable,ok
0.765,0.235,0.513,0.27,0.457,perlu_cek_manual,R_252.jpg,Recyclable,ok
0.796,0.634,0.813,0.138,0.619,perlu_cek_manual,R_2522.jpg,Recyclable,ok
0.247,0.295,0.924,0.027,0.353,perlu_cek_manual,R_2527.jpg,Recyclable,ok
1.0,0.0,0.952,0.094,0.509,perlu_cek_manual,R_2529.jpg,Recyclable,ok
1.0,0.297,0.97,0.246,0.632,perlu_cek_manual,R_253.jpg,Recyclable,ok
0.794,0.477,0.919,0.103,0.586,perlu_cek_manual,R_2530.jpg,Recyclable,ok
0.835,0.363,0.827,0.526,0.63,perlu_cek_manual,R_2531.jpg,Recyclable,ok
1.0,0.171,0.796,0.531,0.617,perlu_cek_manual,R_2532.jpg,Recyclable,ok
0.708,0.219,0.525,0.442,0.471,perlu_cek_manual,R_2533.jpg,Recyclable,ok
0.833,0.108,0.788,0.544,0.549,perlu_cek_manual,R_2535.jpg,Recyclable,ok
0.583,0.404,0.587,0.474,0.508,perlu_cek_manual,R_2536.jpg,Recyclable,ok
1.0,0.0,0.992,0.057,0.51,perlu_cek_manual,R_2539.jpg,Recyclable,ok
0.621,0.313,0.969,0.394,0.553,perlu_cek_manual,R_254.jpg,Recyclable,ok
0.42,0.541,0.58,0.073,0.419,perlu_cek_manual,R_2541.jpg,Recyclable,ok
0.64,0.436,0.848,0.308,0.554,perlu_cek_manual,R_2542.jpg,Recyclable,ok
0.428,0.581,0.555,0.125,0.438,perlu_cek_manual,R_2544.jpg,Recyclable,ok
0.242,0.071,0.913,0.37,0.351,perlu_cek_manual,R_2546.jpg,Recyclable,ok
0.842,0.119,0.934,0.42,0.559,perlu_cek_manual,R_2547.jpg,Recyclable,ok
0.489,0.379,0.846,0.338,0.497,perlu_cek_manual,R_2550.jpg,Recyclable,ok
0.743,0.231,0.911,0.268,0.528,perlu_cek_manual,R_2554.jpg,Recyclable,ok
0.445,0.359,0.497,0.211,0.383,perlu_cek_manual,R_2557.jpg,Recyclable,ok
1.0,0.25,0.399,0.324,0.52,perlu_cek_manual,R_2558.jpg,Recyclable,ok
0.517,0.341,0.827,0.411,0.505,perlu_cek_manual,R_2563.jpg,Recyclable,ok
0.691,0.348,0.943,0.354,0.571,perlu_cek_manual,R_2565.jpg,Recyclable,ok
0.581,0.079,0.941,0.329,0.452,perlu_cek_manual,R_2566.jpg,Recyclable,ok
0.222,0.75,0.888,0.226,0.514,perlu_cek_manual,R_257.jpg,Recyclable,ok
1.0,0.13,0.972,0.571,0.647,perlu_cek_manual,R_2576.jpg,Recyclable,ok
0.7,0.303,0.935,0.665,0.621,perlu_cek_manual,R_2577.jpg,Recyclable,ok
0.419,0.247,0.743,0.389,0.426,perlu_cek_manual,R_2582.jpg,Recyclable,ok
0.73,0.635,0.889,0.248,0.637,perlu_cek_manual,R_2592.jpg,Recyclable,ok
0.512,0.611,0.93,0.216,0.566,perlu_cek_manual,R_2594.jpg,Recyclable,ok
0.534,0.545,0.88,0.555,0.611,perlu_cek_manual,R_2595.jpg,Recyclable,ok
0.359,0.42,0.794,0.351,0.463,perlu_cek_manual,R_2597.jpg,Recyclable,ok
0.16,0.16,0.707,0.57,0.352,perlu_cek_manual,R_2598.jpg,Recyclable,ok
1.0,0.539,0.737,0.196,0.648,perlu_cek_manual,R_2599.jpg,Recyclable,ok
0.301,0.551,0.321,0.268,0.373,perlu_cek_manual,R_26.jpg,Recyclable,ok
0.695,0.74,0.84,0.195,0.637,perlu_cek_manual,R_2601.jpg,Recyclable,ok
1.0,0.0,0.965,0.785,0.65,perlu_cek_manual,R_2603.jpg,Recyclable,ok
0.177,0.194,0.778,0.447,0.356,perlu_cek_manual,R_2604.jpg,Recyclable,ok
0.536,0.336,0.828,0.556,0.539,perlu_cek_manual,R_2606.jpg,Recyclable,ok
0.337,0.262,0.551,0.37,0.364,perlu_cek_manual,R_2607.jpg,Recyclable,ok
0.686,0.157,0.838,0.295,0.479,perlu_cek_manual,R_2609.jpg,Recyclable,ok
0.264,0.032,0.865,0.482,0.358,perlu_cek_manual,R_2611.jpg,Recyclable,ok
0.534,0.49,0.533,0.276,0.469,perlu_cek_manual,R_2612.jpg,Recyclable,ok
0.734,0.392,0.933,0.299,0.584,perlu_cek_manual,R_2614.jpg,Recyclable,ok
0.14,1.0,0.861,0.142,0.543,perlu_cek_manual,R_2615.jpg,Recyclable,ok
0.247,0.211,0.826,0.516,0.406,perlu_cek_manual,R_2616.jpg,Recyclable,ok
1.0,0.077,0.971,0.234,0.564,perlu_cek_manual,R_2617.jpg,Recyclable,ok
0.443,0.288,0.861,0.462,0.484,perlu_cek_manual,R_2619.jpg,Recyclable,ok
0.511,0.391,0.727,0.466,0.509,perlu_cek_manual,R_2620.jpg,Recyclable,ok
0.586,0.131,0.859,0.278,0.442,perlu_cek_manual,R_2621.jpg,Recyclable,ok
0.515,0.187,0.892,0.356,0.46,perlu_cek_manual,R_2626.jpg,Recyclable,ok
0.602,0.433,0.609,0.537,0.54,perlu_cek_manual,R_2628.jpg,Recyclable,ok
1.0,0.313,0.521,0.376,0.573,perlu_cek_manual,R_2630.jpg,Recyclable,ok
0.492,0.41,0.934,0.503,0.558,perlu_cek_manual,R_2631.jpg,Recyclable,ok
0.291,0.25,0.821,0.359,0.398,perlu_cek_manual,R_2633.jpg,Recyclable,ok
0.292,0.151,0.718,0.449,0.366,perlu_cek_manual,R_2638.jpg,Recyclable,ok
0.529,0.298,0.924,0.336,0.5,perlu_cek_manual,R_2643.jpg,Recyclable,ok
0.566,0.361,0.534,0.495,0.484,perlu_cek_manual,R_2645.jpg,Recyclable,ok
0.328,0.087,0.862,0.485,0.394,perlu_cek_manual,R_2648.jpg,Recyclable,ok
0.264,0.27,0.82,0.426,0.409,perlu_cek_manual,R_2649.jpg,Recyclable,ok
0.561,0.589,0.916,0.188,0.566,perlu_cek_manual,R_2651.jpg,Recyclable,ok
0.33,0.44,0.846,0.327,0.465,perlu_cek_manual,R_2652.jpg,Recyclable,ok
0.309,0.185,0.824,0.581,0.429,perlu_cek_manual,R_2653.jpg,Recyclable,ok
0.451,0.384,0.383,0.527,0.433,perlu_cek_manual,R_2654.jpg,Recyclable,ok
0.578,0.408,0.952,0.21,0.528,perlu_cek_manual,R_2656.jpg,Recyclable,ok
0.446,0.434,0.906,0.199,0.485,perlu_cek_manual,R_2659.jpg,Recyclable,ok
0.486,0.224,0.903,0.426,0.479,perlu_cek_manual,R_2661.jpg,Recyclable,ok
0.604,0.703,0.628,0.528,0.624,perlu_cek_manual,R_2663.jpg,Recyclable,ok
0.816,0.38,0.558,0.562,0.583,perlu_cek_manual,R_2664.jpg,Recyclable,ok
0.275,0.392,0.375,0.468,0.369,perlu_cek_manual,R_2666.jpg,Recyclable,ok
0.504,0.376,0.853,0.425,0.52,perlu_cek_manual,R_2668.jpg,Recyclable,ok
0.568,0.493,0.624,0.585,0.56,perlu_cek_manual,R_2677.jpg,Recyclable,ok
0.459,0.23,0.846,0.215,0.419,perlu_cek_manual,R_2680.jpg,Recyclable,ok
0.798,0.107,0.951,0.482,0.558,perlu_cek_manual,R_2684.jpg,Recyclable,ok
0.705,0.448,0.84,0.316,0.577,perlu_cek_manual,R_2687.jpg,Recyclable,ok
0.66,0.353,0.578,0.487,0.517,perlu_cek_manual,R_2689.jpg,Recyclable,ok
0.538,0.663,1.0,0.272,0.615,perlu_cek_manual,R_2691.jpg,Recyclable,ok
1.0,0.495,0.485,0.483,0.642,perlu_cek_manual,R_2692.jpg,Recyclable,ok
0.325,0.255,0.398,0.641,0.382,perlu_cek_manual,R_2693.jpg,Recyclable,ok
0.343,0.246,0.777,0.221,0.376,perlu_cek_manual,R_2696.jpg,Recyclable,ok
0.239,0.275,0.814,0.535,0.424,perlu_cek_manual,R_2697.jpg,Recyclable,ok
0.321,0.33,0.833,0.338,0.43,perlu_cek_manual,R_270.jpg,Recyclable,ok
0.448,0.511,0.895,0.374,0.541,perlu_cek_manual,R_2700.jpg,Recyclable,ok
0.441,0.451,0.882,0.12,0.468,perlu_cek_manual,R_2701.jpg,Recyclable,ok
0.552,0.432,0.9,0.271,0.529,perlu_cek_manual,R_2704.jpg,Recyclable,ok
1.0,0.0,1.0,0.358,0.572,perlu_cek_manual,R_2706.jpg,Recyclable,ok
1.0,0.228,0.567,0.511,0.584,perlu_cek_manual,R_2707.jpg,Recyclable,ok
0.837,0.423,0.91,0.446,0.65,perlu_cek_manual,R_2708.jpg,Recyclable,ok
0.301,0.058,0.856,0.478,0.375,perlu_cek_manual,R_2711.jpg,Recyclable,ok
0.763,0.462,0.963,0.097,0.579,perlu_cek_manual,R_2712.jpg,Recyclable,ok
0.311,0.201,0.707,0.426,0.38,perlu_cek_manual,R_2713.jpg,Recyclable,ok
0.92,0.4,0.578,0.638,0.639,perlu_cek_manual,R_2714.jpg,Recyclable,ok
0.252,1.0,0.61,0.353,0.568,perlu_cek_manual,R_2715.jpg,Recyclable,ok
0.296,0.426,0.716,0.507,0.461,perlu_cek_manual,R_2716.jpg,Recyclable,ok
0.312,1.0,0.454,0.479,0.58,perlu_cek_manual,R_2717.jpg,Recyclable,ok
0.495,0.544,0.875,0.434,0.573,perlu_cek_manual,R_2719.jpg,Recyclable,ok
1.0,0.272,0.492,0.539,0.588,perlu_cek_manual,R_272.jpg,Recyclable,ok
1.0,0.0,0.679,0.38,0.512,perlu_cek_manual,R_2721.jpg,Recyclable,ok
0.338,0.173,0.621,0.552,0.388,perlu_cek_manual,R_2723.jpg,Recyclable,ok
1.0,0.012,0.836,0.313,0.534,perlu_cek_manual,R_2724.jpg,Recyclable,ok
0.6,0.0,0.9,0.463,0.453,perlu_cek_manual,R_2727.jpg,Recyclable,ok
0.434,0.47,0.557,0.428,0.468,perlu_cek_manual,R_2729.jpg,Recyclable,ok
0.47,0.013,0.898,0.38,0.4,perlu_cek_manual,R_2730.jpg,Recyclable,ok
0.969,0.251,0.83,0.498,0.631,perlu_cek_manual,R_2733.jpg,Recyclable,ok
0.25,0.841,0.404,0.473,0.503,perlu_cek_manual,R_2734.jpg,Recyclable,ok
0.355,0.239,0.889,0.478,0.452,perlu_cek_manual,R_2737.jpg,Recyclable,ok
0.505,0.298,0.94,0.573,0.544,perlu_cek_manual,R_2739.jpg,Recyclable,ok
0.82,0.0,0.946,0.453,0.526,perlu_cek_manual,R_274.jpg,Recyclable,ok
1.0,0.2,0.566,0.266,0.526,perlu_cek_manual,R_2740.jpg,Recyclable,ok
0.757,0.36,0.96,0.391,0.605,perlu_cek_manual,R_2741.jpg,Recyclable,ok
0.499,1.0,0.445,0.463,0.631,perlu_cek_manual,R_2746.jpg,Recyclable,ok
0.498,0.097,0.856,0.509,0.451,perlu_cek_manual,R_2747.jpg,Recyclable,ok
0.951,0.032,0.921,0.32,0.543,perlu_cek_manual,R_2748.jpg,Recyclable,ok
1.0,0.0,0.922,0.37,0.558,perlu_cek_manual,R_2749.jpg,Recyclable,ok
0.502,0.568,0.917,0.248,0.554,perlu_cek_manual,R_2753.jpg,Recyclable,ok
0.523,0.091,0.871,0.342,0.427,perlu_cek_manual,R_2754.jpg,Recyclable,ok
0.464,0.75,0.612,0.491,0.585,perlu_cek_manual,R_2756.jpg,Recyclable,ok
0.042,0.85,0.284,0.506,0.426,perlu_cek_manual,R_2757.jpg,Recyclable,ok
0.417,0.19,0.876,0.42,0.441,perlu_cek_manual,R_2758.jpg,Recyclable,ok
0.523,0.0,0.913,0.57,0.454,perlu_cek_manual,R_2759.jpg,Recyclable,ok
0.579,0.448,0.944,0.452,0.587,perlu_cek_manual,R_2760.jpg,Recyclable,ok
0.536,0.0,0.919,0.351,0.415,perlu_cek_manual,R_2762.jpg,Recyclable,ok
0.563,0.202,0.834,0.257,0.448,perlu_cek_manual,R_2767.jpg,Recyclable,ok
0.709,0.357,0.78,0.382,0.552,perlu_cek_manual,R_277.jpg,Recyclable,ok
0.588,0.629,0.878,0.241,0.589,perlu_cek_manual,R_2770.jpg,Recyclable,ok
0.454,0.672,0.931,0.519,0.628,perlu_cek_manual,R_2773.jpg,Recyclable,ok
0.243,0.383,0.745,0.55,0.447,perlu_cek_manual,R_2777.jpg,Recyclable,ok
0.6,0.422,0.953,0.3,0.557,perlu_cek_manual,R_2778.jpg,Recyclable,ok
0.205,0.305,0.853,0.491,0.422,perlu_cek_manual,R_2781.jpg,Recyclable,ok
0.774,0.542,0.903,0.356,0.647,perlu_cek_manual,R_2787.jpg,Recyclable,ok
0.423,0.097,0.879,0.185,0.369,perlu_cek_manual,R_2788.jpg,Recyclable,ok
0.532,0.361,0.895,0.409,0.529,perlu_cek_manual,R_2789.jpg,Recyclable,ok
0.418,0.267,0.901,0.337,0.453,perlu_cek_manual,R_2791.jpg,Recyclable,ok
0.514,0.482,0.867,0.308,0.534,perlu_cek_manual,R_2792.jpg,Recyclable,ok
1.0,0.451,1.0,0.004,0.636,perlu_cek_manual,R_2793.jpg,Recyclable,ok
0.465,0.525,0.938,0.37,0.559,perlu_cek_manual,R_2794.jpg,Recyclable,ok
0.293,0.36,0.499,0.467,0.389,perlu_cek_manual,R_2795.jpg,Recyclable,ok
0.422,0.318,0.737,0.412,0.452,perlu_cek_manual,R_2798.jpg,Recyclable,ok
0.054,0.808,0.445,0.23,0.394,perlu_cek_manual,R_28.jpg,Recyclable,ok
1.0,0.254,0.957,0.222,0.612,perlu_cek_manual,R_2802.jpg,Recyclable,ok
0.548,0.321,0.959,0.212,0.495,perlu_cek_manual,R_2806.jpg,Recyclable,ok
1.0,0.39,0.582,0.296,0.593,perlu_cek_manual,R_2810.jpg,Recyclable,ok
1.0,0.155,0.935,0.415,0.616,perlu_cek_manual,R_2811.jpg,Recyclable,ok
0.547,0.062,0.821,0.4,0.427,perlu_cek_manual,R_2819.jpg,Recyclable,ok
0.955,0.566,0.396,0.539,0.643,perlu_cek_manual,R_282.jpg,Recyclable,ok
0.396,0.047,0.809,0.468,0.388,perlu_cek_manual,R_2822.jpg,Recyclable,ok
0.388,0.206,0.873,0.383,0.43,perlu_cek_manual,R_2824.jpg,Recyclable,ok
0.596,0.403,0.964,0.357,0.564,perlu_cek_manual,R_2826.jpg,Recyclable,ok
0.597,0.353,0.91,0.506,0.568,perlu_cek_manual,R_2837.jpg,Recyclable,ok
0.432,0.103,0.904,0.428,0.427,perlu_cek_manual,R_2842.jpg,Recyclable,ok
0.359,0.104,0.828,0.245,0.354,perlu_cek_manual,R_2844.jpg,Recyclable,ok
0.158,0.794,0.589,0.247,0.453,perlu_cek_manual,R_2846.jpg,Recyclable,ok
1.0,0.273,0.998,0.003,0.582,perlu_cek_manual,R_2848.jpg,Recyclable,ok
0.755,0.432,0.957,0.487,0.645,perlu_cek_manual,R_2856.jpg,Recyclable,ok
0.715,0.243,0.865,0.121,0.485,perlu_cek_manual,R_2859.jpg,Recyclable,ok
0.074,0.799,0.24,0.564,0.423,perlu_cek_manual,R_286.jpg,Recyclable,ok
0.398,0.438,0.817,0.134,0.441,perlu_cek_manual,R_2860.jpg,Recyclable,ok
0.736,0.5,0.868,0.46,0.636,perlu_cek_manual,R_2862.jpg,Recyclable,ok
0.612,0.253,0.375,0.542,0.443,perlu_cek_manual,R_287.jpg,Recyclable,ok
0.43,0.572,0.755,0.015,0.454,perlu_cek_manual,R_2877.jpg,Recyclable,ok
0.271,0.559,0.228,0.591,0.413,perlu_cek_manual,R_288.jpg,Recyclable,ok
0.84,0.415,0.954,0.261,0.62,perlu_cek_manual,R_2884.jpg,Recyclable,ok
0.542,0.032,0.92,0.227,0.402,perlu_cek_manual,R_2892.jpg,Recyclable,ok
0.508,0.352,0.511,0.57,0.474,perlu_cek_manual,R_2894.jpg,Recyclable,ok
0.555,0.134,0.808,0.673,0.503,perlu_cek_manual,R_2895.jpg,Recyclable,ok
0.901,0.449,0.723,0.0,0.549,perlu_cek_manual,R_2897.jpg,Recyclable,ok
0.354,0.51,0.904,0.206,0.481,perlu_cek_manual,R_2898.jpg,Recyclable,ok
0.733,0.36,0.571,0.0,0.442,perlu_cek_manual,R_2902.jpg,Recyclable,ok
0.395,0.209,0.379,0.468,0.351,perlu_cek_manual,R_2905.jpg,Recyclable,ok
0.482,0.685,0.703,0.284,0.547,perlu_cek_manual,R_2911.jpg,Recyclable,ok
0.832,0.605,0.938,0.0,0.619,perlu_cek_manual,R_2912.jpg,Recyclable,ok
0.814,0.686,0.942,0.0,0.638,perlu_cek_manual,R_2913.jpg,Recyclable,ok
0.73,0.698,0.929,0.003,0.615,perlu_cek_manual,R_2915.jpg,Recyclable,ok
0.663,0.329,0.893,0.48,0.572,perlu_cek_manual,R_2917.jpg,Recyclable,ok
0.751,0.492,0.827,0.011,0.54,perlu_cek_manual,R_2919.jpg,Recyclable,ok
0.756,0.667,0.874,0.209,0.643,perlu_cek_manual,R_2921.jpg,Recyclable,ok
0.408,0.828,0.898,0.112,0.573,perlu_cek_manual,R_2923.jpg,Recyclable,ok
0.766,0.294,0.926,0.4,0.583,perlu_cek_manual,R_2925.jpg,Recyclable,ok
0.538,0.0,0.93,0.395,0.426,perlu_cek_manual,R_2926.jpg,Recyclable,ok
0.679,0.522,0.871,0.365,0.607,perlu_cek_manual,R_2927.jpg,Recyclable,ok
0.551,0.31,0.534,0.613,0.488,perlu_cek_manual,R_2930.jpg,Recyclable,ok
0.47,0.312,0.576,0.046,0.359,perlu_cek_manual,R_2932.jpg,Recyclable,ok
0.413,0.434,0.642,0.458,0.474,perlu_cek_manual,R_2934.jpg,Recyclable,ok
0.781,0.654,0.881,0.002,0.607,perlu_cek_manual,R_2936.jpg,Recyclable,ok
0.5,0.941,0.953,0.037,0.63,perlu_cek_manual,R_2937.jpg,Recyclable,ok
0.972,0.0,1.0,0.0,0.492,perlu_cek_manual,R_2939.jpg,Recyclable,ok
0.786,0.344,0.482,0.558,0.547,perlu_cek_manual,R_294.jpg,Recyclable,ok
0.813,0.587,0.978,0.005,0.617,perlu_cek_manual,R_2951.jpg,Recyclable,ok
0.783,0.457,0.627,0.283,0.554,perlu_cek_manual,R_2953.jpg,Recyclable,ok
0.559,0.394,0.969,0.007,0.481,perlu_cek_manual,R_2958.jpg,Recyclable,ok
0.43,0.376,0.862,0.524,0.519,perlu_cek_manual,R_296.jpg,Recyclable,ok
0.572,0.867,0.473,0.39,0.604,perlu_cek_manual,R_2961.jpg,Recyclable,ok
1.0,0.581,0.806,0.0,0.635,perlu_cek_manual,R_2964.jpg,Recyclable,ok
0.544,0.751,0.956,0.023,0.584,perlu_cek_manual,R_2968.jpg,Recyclable,ok
0.315,0.0,0.82,0.513,0.361,perlu_cek_manual,R_2975.jpg,Recyclable,ok
1.0,0.181,0.769,0.327,0.574,perlu_cek_manual,R_2976.jpg,Recyclable,ok
1.0,0.455,1.0,0.007,0.638,perlu_cek_manual,R_2978.jpg,Recyclable,ok
0.486,0.549,0.636,0.581,0.554,perlu_cek_manual,R_2979.jpg,Recyclable,ok
0.611,0.696,0.761,0.066,0.557,perlu_cek_manual,R_2980.jpg,Recyclable,ok
0.287,0.009,0.899,0.466,0.362,perlu_cek_manual,R_2982.jpg,Recyclable,ok
0.626,0.462,0.721,0.198,0.51,perlu_cek_manual,R_2985.jpg,Recyclable,ok
0.362,0.81,0.893,0.251,0.58,perlu_cek_manual,R_2987.jpg,Recyclable,ok
0.945,0.0,0.989,0.453,0.572,perlu_cek_manual,R_2988.jpg,Recyclable,ok
0.376,0.612,0.643,0.702,0.565,perlu_cek_manual,R_2996.jpg,Recyclable,ok
0.452,0.16,0.808,0.268,0.399,perlu_cek_manual,R_2998.jpg,Recyclable,ok
0.458,0.664,0.871,0.083,0.528,perlu_cek_manual,R_3002.jpg,Recyclable,ok
0.349,0.175,0.867,0.564,0.443,perlu_cek_manual,R_3003.jpg,Recyclable,ok
0.171,0.519,0.561,0.37,0.393,perlu_cek_manual,R_3005.jpg,Recyclable,ok
0.518,0.308,0.426,0.547,0.442,perlu_cek_manual,R_3006.jpg,Recyclable,ok
0.258,0.293,0.729,0.432,0.398,perlu_cek_manual,R_3008.jpg,Recyclable,ok
1.0,0.42,0.456,0.565,0.63,perlu_cek_manual,R_301.jpg,Recyclable,ok
0.294,0.299,0.554,0.608,0.41,perlu_cek_manual,R_3018.jpg,Recyclable,ok
0.391,0.901,0.929,0.194,0.612,perlu_cek_manual,R_3020.jpg,Recyclable,ok
0.614,0.624,0.849,0.058,0.553,perlu_cek_manual,R_3028.jpg,Recyclable,ok
0.857,0.593,0.855,0.008,0.608,perlu_cek_manual,R_3036.jpg,Recyclable,ok
0.155,0.444,0.81,0.581,0.458,perlu_cek_manual,R_3037.jpg,Recyclable,ok
0.638,0.614,0.864,0.065,0.561,perlu_cek_manual,R_3039.jpg,Recyclable,ok
0.521,0.704,0.625,0.315,0.556,perlu_cek_manual,R_304.jpg,Recyclable,ok
0.785,0.403,0.56,0.583,0.585,perlu_cek_manual,R_3042.jpg,Recyclable,ok
0.469,0.257,0.503,0.604,0.439,perlu_cek_manual,R_3046.jpg,Recyclable,ok
0.731,0.0,0.943,0.53,0.514,perlu_cek_manual,R_305.jpg,Recyclable,ok
0.753,0.63,0.939,0.0,0.603,perlu_cek_manual,R_3054.jpg,Recyclable,ok
0.411,0.298,0.403,0.377,0.369,perlu_cek_manual,R_3058.jpg,Recyclable,ok
0.199,0.179,0.721,0.695,0.397,perlu_cek_manual,R_3060.jpg,Recyclable,ok
0.872,0.185,1.0,0.181,0.553,perlu_cek_manual,R_3061.jpg,Recyclable,ok
0.565,0.783,0.944,0.152,0.624,perlu_cek_manual,R_3062.jpg,Recyclable,ok
0.972,0.494,0.952,0.0,0.63,perlu_cek_manual,R_3066.jpg,Recyclable,ok
0.139,0.743,0.401,0.361,0.417,perlu_cek_manual,R_3068.jpg,Recyclable,ok
0.368,0.493,0.849,0.208,0.47,perlu_cek_manual,R_3069.jpg,Recyclable,ok
0.643,0.274,0.666,0.125,0.433,perlu_cek_manual,R_3073.jpg,Recyclable,ok
0.823,0.302,0.96,0.026,0.535,perlu_cek_manual,R_3075.jpg,Recyclable,ok
0.265,0.257,0.54,0.585,0.382,perlu_cek_manual,R_3077.jpg,Recyclable,ok
0.333,0.191,0.568,0.486,0.368,perlu_cek_manual,R_3078.jpg,Recyclable,ok
0.232,0.513,0.592,0.67,0.476,perlu_cek_manual,R_3079.jpg,Recyclable,ok
0.453,0.0,0.914,0.389,0.396,perlu_cek_manual,R_308.jpg,Recyclable,ok
0.625,0.488,0.746,0.093,0.502,perlu_cek_manual,R_3080.jpg,Recyclable,ok
0.356,0.485,0.592,0.343,0.439,perlu_cek_manual,R_3081.jpg,Recyclable,ok
0.373,0.232,0.32,0.557,0.357,perlu_cek_manual,R_3083.jpg,Recyclable,ok
0.617,0.41,0.469,0.348,0.472,perlu_cek_manual,R_3087.jpg,Recyclable,ok
0.263,0.32,0.641,0.489,0.401,perlu_cek_manual,R_309.jpg,Recyclable,ok
1.0,0.0,1.0,0.008,0.502,perlu_cek_manual,R_3099.jpg,Recyclable,ok
0.574,0.749,0.791,0.0,0.555,perlu_cek_manual,R_3103.jpg,Recyclable,ok
0.213,0.306,0.918,0.585,0.456,perlu_cek_manual,R_3105.jpg,Recyclable,ok
0.762,0.689,0.984,0.0,0.632,perlu_cek_manual,R_3107.jpg,Recyclable,ok
0.995,0.193,0.875,0.356,0.603,perlu_cek_manual,R_3109.jpg,Recyclable,ok
0.364,0.666,0.399,0.3,0.449,perlu_cek_manual,R_3113.jpg,Recyclable,ok
0.602,0.53,0.689,0.542,0.586,perlu_cek_manual,R_3119.jpg,Recyclable,ok
0.596,0.622,0.941,0.025,0.559,perlu_cek_manual,R_3122.jpg,Recyclable,ok
0.748,0.0,0.858,0.525,0.501,perlu_cek_manual,R_3124.jpg,Recyclable,ok
0.436,0.328,0.977,0.043,0.433,perlu_cek_manual,R_3126.jpg,Recyclable,ok
1.0,0.575,0.837,0.003,0.64,perlu_cek_manual,R_3128.jpg,Recyclable,ok
0.444,0.076,0.936,0.484,0.44,perlu_cek_manual,R_313.jpg,Recyclable,ok
0.264,0.914,0.883,0.269,0.584,perlu_cek_manual,R_3133.jpg,Recyclable,ok
0.624,0.764,0.946,0.079,0.621,perlu_cek_manual,R_3135.jpg,Recyclable,ok
0.769,0.588,0.812,0.049,0.579,perlu_cek_manual,R_3137.jpg,Recyclable,ok
0.455,0.744,0.838,0.157,0.559,perlu_cek_manual,R_3139.jpg,Recyclable,ok
0.502,0.297,0.48,0.664,0.468,perlu_cek_manual,R_3143.jpg,Recyclable,ok
0.421,0.277,0.272,0.603,0.384,perlu_cek_manual,R_3145.jpg,Recyclable,ok
0.524,0.695,0.726,0.407,0.592,perlu_cek_manual,R_3149.jpg,Recyclable,ok
0.281,0.728,0.241,0.575,0.466,perlu_cek_manual,R_315.jpg,Recyclable,ok
0.464,0.622,0.931,0.279,0.568,perlu_cek_manual,R_3152.jpg,Recyclable,ok
0.44,0.294,0.279,0.663,0.409,perlu_cek_manual,R_3154.jpg,Recyclable,ok
0.99,0.033,0.779,0.479,0.559,perlu_cek_manual,R_3157.jpg,Recyclable,ok
0.302,0.267,0.478,0.467,0.36,perlu_cek_manual,R_3160.jpg,Recyclable,ok
0.622,0.369,0.774,0.167,0.486,perlu_cek_manual,R_3167.jpg,Recyclable,ok
0.781,0.578,0.623,0.517,0.636,perlu_cek_manual,R_3170.jpg,Recyclable,ok
0.736,0.309,0.551,0.622,0.548,perlu_cek_manual,R_3172.jpg,Recyclable,ok
1.0,0.355,0.651,0.229,0.582,perlu_cek_manual,R_3176.jpg,Recyclable,ok
0.622,0.799,0.953,0.016,0.62,perlu_cek_manual,R_3177.jpg,Recyclable,ok
0.565,0.649,0.696,0.644,0.632,perlu_cek_manual,R_3178.jpg,Recyclable,ok
0.658,0.5,0.911,0.128,0.555,perlu_cek_manual,R_319.jpg,Recyclable,ok
0.698,0.487,0.706,0.67,0.63,perlu_cek_manual,R_3198.jpg,Recyclable,ok
1.0,0.232,0.57,0.478,0.579,perlu_cek_manual,R_3199.jpg,Recyclable,ok
1.0,0.085,0.984,0.283,0.579,perlu_cek_manual,R_32.jpg,Recyclable,ok
1.0,0.223,0.44,0.452,0.545,perlu_cek_manual,R_320.jpg,Recyclable,ok
0.127,0.68,0.215,0.346,0.354,perlu_cek_manual,R_3203.jpg,Recyclable,ok
0.497,0.401,0.624,0.57,0.508,perlu_cek_manual,R_3207.jpg,Recyclable,ok
0.266,0.716,0.281,0.303,0.412,perlu_cek_manual,R_3208.jpg,Recyclable,ok
1.0,0.0,0.876,0.42,0.559,perlu_cek_manual,R_321.jpg,Recyclable,ok
0.821,0.193,0.438,0.537,0.499,perlu_cek_manual,R_3211.jpg,Recyclable,ok
0.535,1.0,0.49,0.444,0.647,perlu_cek_manual,R_3213.jpg,Recyclable,ok
0.916,0.325,0.886,0.467,0.643,perlu_cek_manual,R_3218.jpg,Recyclable,ok
1.0,0.184,0.419,0.54,0.547,perlu_cek_manual,R_3219.jpg,Recyclable,ok
0.462,0.0,0.578,0.54,0.362,perlu_cek_manual,R_3222.jpg,Recyclable,ok
0.417,1.0,0.29,0.611,0.605,perlu_cek_manual,R_3226.jpg,Recyclable,ok
0.741,0.0,0.565,0.47,0.43,perlu_cek_manual,R_3228.jpg,Recyclable,ok
0.744,0.351,0.955,0.566,0.633,perlu_cek_manual,R_3229.jpg,Recyclable,ok
0.38,0.952,0.478,0.5,0.596,perlu_cek_manual,R_3231.jpg,Recyclable,ok
0.303,0.457,0.294,0.321,0.351,perlu_cek_manual,R_3232.jpg,Recyclable,ok
0.179,0.303,0.594,0.453,0.354,perlu_cek_manual,R_3237.jpg,Recyclable,ok
0.397,1.0,0.312,0.494,0.58,perlu_cek_manual,R_3238.jpg,Recyclable,ok
0.351,0.499,0.962,0.242,0.496,perlu_cek_manual,R_3239.jpg,Recyclable,ok
0.631,0.27,0.69,0.426,0.493,perlu_cek_manual,R_3241.jpg,Recyclable,ok
1.0,0.0,0.765,0.595,0.572,perlu_cek_manual,R_3243.jpg,Recyclable,ok
0.853,0.363,0.687,0.612,0.624,perlu_cek_manual,R_3249.jpg,Recyclable,ok
0.293,1.0,0.248,0.436,0.525,perlu_cek_manual,R_3251.jpg,Recyclable,ok
0.502,0.964,0.481,0.369,0.61,perlu_cek_manual,R_3254.jpg,Recyclable,ok
0.421,0.504,0.257,0.525,0.434,perlu_cek_manual,R_3257.jpg,Recyclable,ok
0.733,0.497,0.602,0.311,0.552,perlu_cek_manual,R_326.jpg,Recyclable,ok
0.63,0.077,0.523,0.176,0.352,perlu_cek_manual,R_3261.jpg,Recyclable,ok
0.346,0.394,0.583,0.382,0.415,perlu_cek_manual,R_3262.jpg,Recyclable,ok
0.132,0.548,0.547,0.361,0.386,perlu_cek_manual,R_3264.jpg,Recyclable,ok
0.857,0.098,0.436,0.576,0.489,perlu_cek_manual,R_3265.jpg,Recyclable,ok
0.379,0.296,0.874,0.506,0.478,perlu_cek_manual,R_3268.jpg,Recyclable,ok
1.0,0.235,0.547,0.592,0.598,perlu_cek_manual,R_3272.jpg,Recyclable,ok
0.434,0.66,0.251,0.143,0.407,perlu_cek_manual,R_3275.jpg,Recyclable,ok
0.562,1.0,0.274,0.437,0.611,perlu_cek_manual,R_3276.jpg,Recyclable,ok
0.376,0.454,0.559,0.22,0.405,perlu_cek_manual,R_3281.jpg,Recyclable,ok
0.538,0.709,0.755,0.087,0.542,perlu_cek_manual,R_3282.jpg,Recyclable,ok
0.202,0.531,0.372,0.392,0.373,perlu_cek_manual,R_3285.jpg,Recyclable,ok
0.44,0.058,0.896,0.278,0.384,perlu_cek_manual,R_329.jpg,Recyclable,ok
1.0,0.0,0.522,0.139,0.432,perlu_cek_manual,R_3292.jpg,Recyclable,ok
0.405,0.501,0.449,0.143,0.39,perlu_cek_manual,R_3293.jpg,Recyclable,ok
1.0,0.0,0.935,0.451,0.577,perlu_cek_manual,R_3299.jpg,Recyclable,ok
0.725,0.0,0.857,0.0,0.389,perlu_cek_manual,R_33.jpg,Recyclable,ok
0.373,0.749,0.327,0.359,0.474,perlu_cek_manual,R_3303.jpg,Recyclable,ok
0.786,0.0,0.468,0.639,0.457,perlu_cek_manual,R_3305.jpg,Recyclable,ok
0.653,0.0,0.53,0.587,0.419,perlu_cek_manual,R_3307.jpg,Recyclable,ok
0.204,0.628,0.222,0.285,0.351,perlu_cek_manual,R_3310.jpg,Recyclable,ok
0.765,0.0,0.581,0.429,0.432,perlu_cek_manual,R_3311.jpg,Recyclable,ok
0.272,0.499,0.413,0.372,0.388,perlu_cek_manual,R_3316.jpg,Recyclable,ok
0.643,0.353,0.926,0.361,0.556,perlu_cek_manual,R_3320.jpg,Recyclable,ok
0.632,0.564,0.864,0.159,0.563,perlu_cek_manual,R_3323.jpg,Recyclable,ok
0.244,0.401,0.813,0.096,0.375,perlu_cek_manual,R_3327.jpg,Recyclable,ok
0.646,0.409,0.168,0.521,0.455,perlu_cek_manual,R_3330.jpg,Recyclable,ok
0.506,0.412,0.931,0.148,0.491,perlu_cek_manual,R_3331.jpg,Recyclable,ok
0.464,0.877,0.48,0.548,0.608,perlu_cek_manual,R_3340.jpg,Recyclable,ok
0.662,0.13,0.495,0.314,0.399,perlu_cek_manual,R_3342.jpg,Recyclable,ok
0.66,0.419,0.525,0.454,0.519,perlu_cek_manual,R_3343.jpg,Recyclable,ok
0.57,0.0,0.917,0.4,0.434,perlu_cek_manual,R_3345.jpg,Recyclable,ok
1.0,0.273,1.0,0.004,0.583,perlu_cek_manual,R_3348.jpg,Recyclable,ok
0.632,0.19,0.953,0.288,0.495,perlu_cek_manual,R_3355.jpg,Recyclable,ok
0.591,0.379,0.892,0.514,0.572,perlu_cek_manual,R_3363.jpg,Recyclable,ok
1.0,0.0,0.981,0.503,0.597,perlu_cek_manual,R_3364.jpg,Recyclable,ok
0.627,0.18,0.499,0.221,0.386,perlu_cek_manual,R_3365.jpg,Recyclable,ok
0.498,0.969,0.439,0.544,0.636,perlu_cek_manual,R_3366.jpg,Recyclable,ok
0.274,0.489,0.57,0.614,0.466,perlu_cek_manual,R_3375.jpg,Recyclable,ok
0.186,0.82,0.358,0.224,0.418,perlu_cek_manual,R_3378.jpg,Recyclable,ok
1.0,0.349,0.586,0.481,0.618,perlu_cek_manual,R_3379.jpg,Recyclable,ok
1.0,0.0,0.97,0.364,0.567,perlu_cek_manual,R_3383.jpg,Recyclable,ok
0.579,0.532,0.94,0.298,0.581,perlu_cek_manual,R_3387.jpg,Recyclable,ok
1.0,0.097,0.943,0.359,0.59,perlu_cek_manual,R_3389.jpg,Recyclable,ok
0.268,0.767,0.239,0.417,0.442,perlu_cek_manual,R_3393.jpg,Recyclable,ok
0.476,0.269,0.705,0.374,0.439,perlu_cek_manual,R_3394.jpg,Recyclable,ok
0.105,0.256,0.972,0.31,0.365,perlu_cek_manual,R_3402.jpg,Recyclable,ok
0.415,0.399,0.832,0.415,0.494,perlu_cek_manual,R_3404.jpg,Recyclable,ok
0.296,0.437,0.414,0.325,0.368,perlu_cek_manual,R_3405.jpg,Recyclable,ok
1.0,0.131,0.857,0.225,0.556,perlu_cek_manual,R_341.jpg,Recyclable,ok
0.835,0.0,0.77,0.435,0.492,perlu_cek_manual,R_3415.jpg,Recyclable,ok
0.896,0.0,0.733,0.598,0.535,perlu_cek_manual,R_3416.jpg,Recyclable,ok
1.0,0.247,0.498,0.596,0.593,perlu_cek_manual,R_3426.jpg,Recyclable,ok
0.291,1.0,0.519,0.271,0.545,perlu_cek_manual,R_3428.jpg,Recyclable,ok
0.201,0.223,0.769,0.402,0.361,perlu_cek_manual,R_3430.jpg,Recyclable,ok
0.755,0.037,0.959,0.164,0.462,perlu_cek_manual,R_3432.jpg,Recyclable,ok
1.0,0.223,0.288,0.385,0.501,perlu_cek_manual,R_3433.jpg,Recyclable,ok
1.0,0.207,0.588,0.545,0.589,perlu_cek_manual,R_3436.jpg,Recyclable,ok
0.588,0.304,0.815,0.293,0.489,perlu_cek_manual,R_3437.jpg,Recyclable,ok
0.201,0.74,0.383,0.235,0.406,perlu_cek_manual,R_3444.jpg,Recyclable,ok
0.451,0.65,0.912,0.423,0.597,perlu_cek_manual,R_3447.jpg,Recyclable,ok
0.252,0.476,0.508,0.614,0.443,perlu_cek_manual,R_3448.jpg,Recyclable,ok
0.645,0.46,0.969,0.619,0.649,perlu_cek_manual,R_3450.jpg,Recyclable,ok
0.728,0.227,0.523,0.364,0.464,perlu_cek_manual,R_3451.jpg,Recyclable,ok
1.0,0.269,0.742,0.447,0.618,perlu_cek_manual,R_3455.jpg,Recyclable,ok
0.391,0.594,0.608,0.197,0.457,perlu_cek_manual,R_3456.jpg,Recyclable,ok
0.345,0.424,0.495,0.514,0.432,perlu_cek_manual,R_3459.jpg,Recyclable,ok
0.984,0.0,0.978,0.266,0.544,perlu_cek_manual,R_346.jpg,Recyclable,ok
0.24,0.707,0.581,0.13,0.426,perlu_cek_manual,R_3462.jpg,Recyclable,ok
0.29,0.478,0.59,0.218,0.392,perlu_cek_manual,R_3463.jpg,Recyclable,ok
0.608,0.474,0.924,0.176,0.544,perlu_cek_manual,R_3466.jpg,Recyclable,ok
0.375,0.307,0.454,0.295,0.354,perlu_cek_manual,R_3469.jpg,Recyclable,ok
0.373,1.0,0.952,0.219,0.646,perlu_cek_manual,R_3471.jpg,Recyclable,ok
0.222,1.0,0.586,0.336,0.551,perlu_cek_manual,R_3474.jpg,Recyclable,ok
1.0,0.167,0.372,0.421,0.509,perlu_cek_manual,R_3477.jpg,Recyclable,ok
0.891,0.048,0.893,0.287,0.518,perlu_cek_manual,R_3478.jpg,Recyclable,ok
0.366,0.32,0.502,0.265,0.359,perlu_cek_manual,R_3479.jpg,Recyclable,ok
0.249,0.314,0.911,0.248,0.401,perlu_cek_manual,R_348.jpg,Recyclable,ok
1.0,0.0,0.742,0.68,0.584,perlu_cek_manual,R_3481.jpg,Recyclable,ok
0.336,1.0,0.255,0.598,0.571,perlu_cek_manual,R_3482.jpg,Recyclable,ok
0.476,0.894,0.441,0.14,0.527,perlu_cek_manual,R_3483.jpg,Recyclable,ok
0.272,0.584,0.891,0.241,0.483,perlu_cek_manual,R_3484.jpg,Recyclable,ok
0.358,0.773,0.408,0.247,0.47,perlu_cek_manual,R_3486.jpg,Recyclable,ok
0.167,0.501,0.431,0.368,0.36,perlu_cek_manual,R_3488.jpg,Recyclable,ok
0.49,0.459,0.813,0.436,0.535,perlu_cek_manual,R_3491.jpg,Recyclable,ok
0.289,0.2,0.81,0.465,0.402,perlu_cek_manual,R_3494.jpg,Recyclable,ok
0.184,0.797,0.44,0.452,0.473,perlu_cek_manual,R_3499.jpg,Recyclable,ok
0.175,0.467,0.503,0.542,0.401,perlu_cek_manual,R_350.jpg,Recyclable,ok
0.923,0.156,0.645,0.558,0.564,perlu_cek_manual,R_3500.jpg,Recyclable,ok
0.266,0.382,0.824,0.295,0.418,perlu_cek_manual,R_3502.jpg,Recyclable,ok
0.431,0.0,0.847,0.418,0.382,perlu_cek_manual,R_3507.jpg,Recyclable,ok
0.309,0.405,0.265,0.54,0.375,perlu_cek_manual,R_3508.jpg,Recyclable,ok
1.0,0.184,0.52,0.437,0.547,perlu_cek_manual,R_3509.jpg,Recyclable,ok
0.161,1.0,0.703,0.298,0.549,perlu_cek_manual,R_3510.jpg,Recyclable,ok
1.0,0.0,1.0,0.463,0.593,perlu_cek_manual,R_3511.jpg,Recyclable,ok
0.167,0.689,0.385,0.288,0.392,perlu_cek_manual,R_3512.jpg,Recyclable,ok
0.753,0.46,0.985,0.393,0.64,perlu_cek_manual,R_3513.jpg,Recyclable,ok
0.848,0.448,0.993,0.146,0.617,perlu_cek_manual,R_3518.jpg,Recyclable,ok
1.0,0.0,1.0,0.348,0.57,perlu_cek_manual,R_3525.jpg,Recyclable,ok
1.0,0.405,0.587,0.501,0.639,perlu_cek_manual,R_3532.jpg,Recyclable,ok
0.296,0.689,0.723,0.176,0.475,perlu_cek_manual,R_3538.jpg,Recyclable,ok
0.883,0.511,0.602,0.48,0.635,perlu_cek_manual,R_354.jpg,Recyclable,ok
0.315,0.0,0.877,0.409,0.352,perlu_cek_manual,R_3540.jpg,Recyclable,ok
0.567,0.0,0.977,0.504,0.466,perlu_cek_manual,R_3542.jpg,Recyclable,ok
1.0,0.493,0.44,0.337,0.603,perlu_cek_manual,R_3543.jpg,Recyclable,ok
0.486,0.401,0.947,0.295,0.515,perlu_cek_manual,R_3544.jpg,Recyclable,ok
0.707,0.397,0.501,0.372,0.506,perlu_cek_manual,R_3545.jpg,Recyclable,ok
0.592,0.363,0.298,0.593,0.465,perlu_cek_manual,R_3547.jpg,Recyclable,ok
0.287,0.371,0.807,0.186,0.396,perlu_cek_manual,R_3548.jpg,Recyclable,ok
0.174,0.359,0.832,0.349,0.396,perlu_cek_manual,R_3549.jpg,Recyclable,ok
0.185,1.0,0.91,0.15,0.568,perlu_cek_manual,R_355.jpg,Recyclable,ok
0.849,0.476,0.328,0.407,0.544,perlu_cek_manual,R_3551.jpg,Recyclable,ok
0.328,0.43,0.854,0.331,0.464,perlu_cek_manual,R_3556.jpg,Recyclable,ok
1.0,0.171,0.442,0.506,0.541,perlu_cek_manual,R_3557.jpg,Recyclable,ok
1.0,0.164,0.553,0.662,0.592,perlu_cek_manual,R_3563.jpg,Recyclable,ok
0.821,0.104,0.991,0.309,0.538,perlu_cek_manual,R_3566.jpg,Recyclable,ok
0.226,0.458,0.827,0.288,0.428,perlu_cek_manual,R_3568.jpg,Recyclable,ok
0.224,1.0,0.91,0.291,0.607,perlu_cek_manual,R_357.jpg,Recyclable,ok
1.0,0.089,1.0,0.308,0.588,perlu_cek_manual,R_3573.jpg,Recyclable,ok
0.273,0.429,0.819,0.285,0.432,perlu_cek_manual,R_3575.jpg,Recyclable,ok
0.419,0.303,0.877,0.434,0.479,perlu_cek_manual,R_3577.jpg,Recyclable,ok
0.371,0.326,0.34,0.591,0.395,perlu_cek_manual,R_3579.jpg,Recyclable,ok
1.0,0.423,0.571,0.478,0.637,perlu_cek_manual,R_3581.jpg,Recyclable,ok
0.242,0.517,0.636,0.512,0.457,perlu_cek_manual,R_3582.jpg,Recyclable,ok
0.339,0.46,0.452,0.555,0.441,perlu_cek_manual,R_3583.jpg,Recyclable,ok
0.488,0.343,1.0,0.166,0.482,perlu_cek_manual,R_3589.jpg,Recyclable,ok
0.474,0.114,0.933,0.349,0.433,perlu_cek_manual,R_359.jpg,Recyclable,ok
0.35,0.33,0.293,0.486,0.36,perlu_cek_manual,R_3590.jpg,Recyclable,ok
0.435,0.5,0.944,0.233,0.516,perlu_cek_manual,R_3591.jpg,Recyclable,ok
0.814,0.398,0.967,0.341,0.625,perlu_cek_manual,R_3592.jpg,Recyclable,ok
0.304,0.509,0.643,0.275,0.428,perlu_cek_manual,R_3594.jpg,Recyclable,ok
0.624,0.099,0.826,0.4,0.462,perlu_cek_manual,R_3600.jpg,Recyclable,ok
0.741,0.515,0.461,0.534,0.576,perlu_cek_manual,R_3603.jpg,Recyclable,ok
0.37,0.426,0.41,0.52,0.425,perlu_cek_manual,R_3605.jpg,Recyclable,ok
0.193,0.419,0.404,0.468,0.358,perlu_cek_manual,R_3612.jpg,Recyclable,ok
0.548,0.373,0.94,0.451,0.554,perlu_cek_manual,R_3614.jpg,Recyclable,ok
0.257,0.335,0.337,0.592,0.363,perlu_cek_manual,R_3618.jpg,Recyclable,ok
1.0,0.058,0.898,0.169,0.531,perlu_cek_manual,R_3619.jpg,Recyclable,ok
1.0,0.293,0.446,0.0,0.477,perlu_cek_manual,R_3624.jpg,Recyclable,ok
1.0,0.359,0.866,0.294,0.64,perlu_cek_manual,R_3627.jpg,Recyclable,ok
0.428,0.963,0.656,0.487,0.646,perlu_cek_manual,R_3628.jpg,Recyclable,ok
0.44,0.075,0.476,0.515,0.353,perlu_cek_manual,R_3629.jpg,Recyclable,ok
0.587,0.108,0.95,0.382,0.475,perlu_cek_manual,R_3634.jpg,Recyclable,ok
0.472,0.312,0.449,0.551,0.435,perlu_cek_manual,R_3636.jpg,Recyclable,ok
0.377,0.869,0.92,0.454,0.649,perlu_cek_manual,R_3643.jpg,Recyclable,ok
0.757,0.675,0.981,0.111,0.648,perlu_cek_manual,R_3646.jpg,Recyclable,ok
0.698,0.313,0.963,0.458,0.588,perlu_cek_manual,R_3650.jpg,Recyclable,ok
0.732,0.196,0.49,0.454,0.467,perlu_cek_manual,R_3652.jpg,Recyclable,ok
0.301,0.467,0.398,0.483,0.406,perlu_cek_manual,R_3653.jpg,Recyclable,ok
0.937,0.445,0.506,0.601,0.636,perlu_cek_manual,R_3657.jpg,Recyclable,ok
0.425,0.275,0.37,0.525,0.389,perlu_cek_manual,R_3658.jpg,Recyclable,ok
0.809,0.171,0.975,0.451,0.579,perlu_cek_manual,R_366.jpg,Recyclable,ok
0.834,0.325,0.401,0.509,0.53,perlu_cek_manual,R_3664.jpg,Recyclable,ok
0.811,0.492,0.71,0.418,0.616,perlu_cek_manual,R_3667.jpg,Recyclable,ok
0.762,0.295,0.47,0.458,0.503,perlu_cek_manual,R_367.jpg,Recyclable,ok
0.451,0.267,0.914,0.278,0.454,perlu_cek_manual,R_3675.jpg,Recyclable,ok
0.553,0.453,0.957,0.225,0.538,perlu_cek_manual,R_3679.jpg,Recyclable,ok
0.473,0.512,0.583,0.5,0.512,perlu_cek_manual,R_3683.jpg,Recyclable,ok
0.389,0.26,0.323,0.499,0.359,perlu_cek_manual,R_3684.jpg,Recyclable,ok
0.548,0.353,0.744,0.35,0.489,perlu_cek_manual,R_3685.jpg,Recyclable,ok
0.451,0.47,0.932,0.25,0.513,perlu_cek_manual,R_3688.jpg,Recyclable,ok
1.0,0.364,0.802,0.373,0.644,perlu_cek_manual,R_3689.jpg,Recyclable,ok
0.304,0.408,0.285,0.519,0.374,perlu_cek_manual,R_3691.jpg,Recyclable,ok
0.52,0.305,0.354,0.541,0.426,perlu_cek_manual,R_3693.jpg,Recyclable,ok
0.768,0.458,0.71,0.196,0.549,perlu_cek_manual,R_3697.jpg,Recyclable,ok
1.0,0.0,1.0,0.541,0.608,perlu_cek_manual,R_3701.jpg,Recyclable,ok
0.351,0.526,0.404,0.557,0.455,perlu_cek_manual,R_3702.jpg,Recyclable,ok
0.485,0.62,0.963,0.252,0.574,perlu_cek_manual,R_3707.jpg,Recyclable,ok
0.452,0.028,0.917,0.24,0.375,perlu_cek_manual,R_3708.jpg,Recyclable,ok
0.776,0.0,0.926,0.061,0.43,perlu_cek_manual,R_371.jpg,Recyclable,ok
0.765,0.61,0.84,0.339,0.648,perlu_cek_manual,R_3714.jpg,Recyclable,ok
0.304,0.598,0.906,0.309,0.513,perlu_cek_manual,R_3715.jpg,Recyclable,ok
0.444,0.341,0.909,0.399,0.497,perlu_cek_manual,R_3717.jpg,Recyclable,ok
0.96,0.358,0.983,0.098,0.612,perlu_cek_manual,R_3718.jpg,Recyclable,ok
0.668,0.332,0.614,0.339,0.491,perlu_cek_manual,R_3719.jpg,Recyclable,ok
1.0,0.15,1.0,0.147,0.574,perlu_cek_manual,R_3726.jpg,Recyclable,ok
0.4,0.351,0.67,0.241,0.407,perlu_cek_manual,R_373.jpg,Recyclable,ok
0.258,0.582,0.338,0.442,0.408,perlu_cek_manual,R_3731.jpg,Recyclable,ok
0.609,0.297,0.55,0.273,0.437,perlu_cek_manual,R_3734.jpg,Recyclable,ok
0.658,0.489,0.921,0.073,0.543,perlu_cek_manual,R_3737.jpg,Recyclable,ok
0.202,0.673,0.616,0.404,0.466,perlu_cek_manual,R_3738.jpg,Recyclable,ok
0.783,0.403,0.907,0.259,0.589,perlu_cek_manual,R_374.jpg,Recyclable,ok
0.529,0.577,0.541,0.533,0.547,perlu_cek_manual,R_3741.jpg,Recyclable,ok
1.0,0.0,0.942,0.508,0.59,perlu_cek_manual,R_3742.jpg,Recyclable,ok
1.0,0.29,0.904,0.38,0.644,perlu_cek_manual,R_3745.jpg,Recyclable,ok
0.808,0.318,0.963,0.384,0.607,perlu_cek_manual,R_3746.jpg,Recyclable,ok
0.678,0.0,0.955,0.428,0.48,perlu_cek_manual,R_3755.jpg,Recyclable,ok
0.543,0.246,0.79,0.29,0.453,perlu_cek_manual,R_3757.jpg,Recyclable,ok
0.779,0.433,0.527,0.511,0.571,perlu_cek_manual,R_3758.jpg,Recyclable,ok
0.599,0.484,0.96,0.028,0.522,perlu_cek_manual,R_3760.jpg,Recyclable,ok
0.582,0.67,0.633,0.348,0.572,perlu_cek_manual,R_3761.jpg,Recyclable,ok
0.253,0.364,0.373,0.558,0.371,perlu_cek_manual,R_3763.jpg,Recyclable,ok
1.0,0.246,1.0,0.325,0.639,perlu_cek_manual,R_3764.jpg,Recyclable,ok
0.551,0.197,0.284,0.616,0.405,perlu_cek_manual,R_3766.jpg,Recyclable,ok
0.488,0.458,0.454,0.542,0.483,perlu_cek_manual,R_3769.jpg,Recyclable,ok
0.729,0.478,0.386,0.528,0.545,perlu_cek_manual,R_3771.jpg,Recyclable,ok
1.0,0.254,0.957,0.345,0.636,perlu_cek_manual,R_3773.jpg,Recyclable,ok
0.429,0.963,0.659,0.488,0.647,perlu_cek_manual,R_3774.jpg,Recyclable,ok
1.0,0.354,0.906,0.252,0.638,perlu_cek_manual,R_3775.jpg,Recyclable,ok
0.273,0.381,0.554,0.543,0.416,perlu_cek_manual,R_3777.jpg,Recyclable,ok
0.578,0.36,0.391,0.308,0.421,perlu_cek_manual,R_378.jpg,Recyclable,ok
0.609,0.787,0.789,0.0,0.577,perlu_cek_manual,R_3784.jpg,Recyclable,ok
0.316,0.638,0.471,0.502,0.481,perlu_cek_manual,R_3785.jpg,Recyclable,ok
1.0,0.455,0.531,0.087,0.56,perlu_cek_manual,R_3786.jpg,Recyclable,ok
0.554,0.32,0.276,0.47,0.411,perlu_cek_manual,R_3792.jpg,Recyclable,ok
0.41,1.0,0.625,0.331,0.614,perlu_cek_manual,R_3793.jpg,Recyclable,ok
0.514,0.527,0.422,0.176,0.432,perlu_cek_manual,R_3795.jpg,Recyclable,ok
0.392,0.258,0.475,0.457,0.382,perlu_cek_manual,R_3796.jpg,Recyclable,ok
0.4,0.401,0.669,0.504,0.475,perlu_cek_manual,R_3799.jpg,Recyclable,ok
0.659,0.179,0.902,0.273,0.486,perlu_cek_manual,R_380.jpg,Recyclable,ok
0.58,0.766,0.612,0.314,0.589,perlu_cek_manual,R_3801.jpg,Recyclable,ok
0.766,0.464,0.452,0.456,0.55,perlu_cek_manual,R_3803.jpg,Recyclable,ok
1.0,0.136,0.427,0.506,0.527,perlu_cek_manual,R_3810.jpg,Recyclable,ok
0.698,0.338,0.421,0.515,0.498,perlu_cek_manual,R_3812.jpg,Recyclable,ok
0.383,0.208,0.285,0.594,0.353,perlu_cek_manual,R_3813.jpg,Recyclable,ok
0.549,0.35,0.465,0.55,0.473,perlu_cek_manual,R_3815.jpg,Recyclable,ok
0.431,0.381,0.339,0.606,0.433,perlu_cek_manual,R_382.jpg,Recyclable,ok
0.652,0.264,0.419,0.473,0.453,perlu_cek_manual,R_3821.jpg,Recyclable,ok
0.731,0.351,0.559,0.599,0.556,perlu_cek_manual,R_3822.jpg,Recyclable,ok
0.728,0.418,0.443,0.544,0.541,perlu_cek_manual,R_3826.jpg,Recyclable,ok
1.0,0.179,0.547,0.206,0.504,perlu_cek_manual,R_3828.jpg,Recyclable,ok
0.278,0.438,0.368,0.52,0.393,perlu_cek_manual,R_3829.jpg,Recyclable,ok
0.806,0.584,0.534,0.54,0.632,perlu_cek_manual,R_3833.jpg,Recyclable,ok
0.712,0.434,0.963,0.049,0.546,perlu_cek_manual,R_3836.jpg,Recyclable,ok
0.503,0.535,0.557,0.273,0.477,perlu_cek_manual,R_3839.jpg,Recyclable,ok
0.642,0.224,0.901,0.351,0.51,perlu_cek_manual,R_384.jpg,Recyclable,ok
0.335,0.644,0.519,0.502,0.498,perlu_cek_manual,R_3841.jpg,Recyclable,ok
0.772,0.668,0.542,0.512,0.643,perlu_cek_manual,R_3843.jpg,Recyclable,ok
0.482,0.66,0.458,0.183,0.471,perlu_cek_manual,R_3850.jpg,Recyclable,ok
0.485,0.787,0.413,0.179,0.5,perlu_cek_manual,R_3852.jpg,Recyclable,ok
0.378,0.612,0.351,0.22,0.411,perlu_cek_manual,R_3853.jpg,Recyclable,ok
0.341,0.551,0.323,0.129,0.358,perlu_cek_manual,R_3856.jpg,Recyclable,ok
0.389,0.69,0.451,0.178,0.45,perlu_cek_manual,R_3857.jpg,Recyclable,ok
0.276,0.654,0.407,0.172,0.395,perlu_cek_manual,R_3858.jpg,Recyclable,ok
0.506,0.527,0.896,0.373,0.564,perlu_cek_manual,R_386.jpg,Recyclable,ok
0.397,0.706,0.318,0.463,0.487,perlu_cek_manual,R_3860.jpg,Recyclable,ok
0.584,0.269,0.466,0.192,0.387,perlu_cek_manual,R_3861.jpg,Recyclable,ok
0.195,0.662,0.452,0.181,0.384,perlu_cek_manual,R_3866.jpg,Recyclable,ok
0.601,0.277,0.384,0.175,0.375,perlu_cek_manual,R_3867.jpg,Recyclable,ok
0.63,0.307,0.39,0.246,0.408,perlu_cek_manual,R_3869.jpg,Recyclable,ok
0.397,0.079,0.852,0.492,0.411,perlu_cek_manual,R_387.jpg,Recyclable,ok
0.21,0.665,0.512,0.252,0.415,perlu_cek_manual,R_3872.jpg,Recyclable,ok
1.0,0.05,0.641,0.221,0.487,perlu_cek_manual,R_3873.jpg,Recyclable,ok
0.367,0.607,0.396,0.496,0.47,perlu_cek_manual,R_3875.jpg,Recyclable,ok
0.24,0.527,0.613,0.335,0.42,perlu_cek_manual,R_3876.jpg,Recyclable,ok
0.192,0.643,0.445,0.254,0.39,perlu_cek_manual,R_3877.jpg,Recyclable,ok
1.0,0.189,0.484,0.49,0.552,perlu_cek_manual,R_3878.jpg,Recyclable,ok
0.732,0.366,0.442,0.184,0.455,perlu_cek_manual,R_3881.jpg,Recyclable,ok
0.56,0.213,0.534,0.186,0.376,perlu_cek_manual,R_3882.jpg,Recyclable,ok
0.829,0.794,0.426,0.235,0.619,perlu_cek_manual,R_3886.jpg,Recyclable,ok
0.467,0.948,0.965,0.161,0.65,perlu_cek_manual,R_389.jpg,Recyclable,ok
0.264,1.0,0.888,0.282,0.613,perlu_cek_manual,R_3891.jpg,Recyclable,ok
0.35,0.458,0.327,0.32,0.372,perlu_cek_manual,R_3892.jpg,Recyclable,ok
0.426,0.431,0.269,0.22,0.355,perlu_cek_manual,R_3893.jpg,Recyclable,ok
0.503,1.0,0.377,0.465,0.619,perlu_cek_manual,R_3894.jpg,Recyclable,ok
0.401,0.522,0.443,0.182,0.402,perlu_cek_manual,R_3895.jpg,Recyclable,ok
0.214,0.574,0.544,0.135,0.372,perlu_cek_manual,R_3896.jpg,Recyclable,ok
0.095,0.704,0.502,0.165,0.373,perlu_cek_manual,R_39.jpg,Recyclable,ok
1.0,0.0,0.948,0.13,0.516,perlu_cek_manual,R_390.jpg,Recyclable,ok
1.0,0.0,0.836,0.145,0.496,perlu_cek_manual,R_3900.jpg,Recyclable,ok
0.699,0.288,0.441,0.281,0.44,perlu_cek_manual,R_3902.jpg,Recyclable,ok
0.306,0.711,0.732,0.143,0.48,perlu_cek_manual,R_3903.jpg,Recyclable,ok
0.538,0.257,0.447,0.182,0.364,perlu_cek_manual,R_3904.jpg,Recyclable,ok
0.649,0.459,0.55,0.227,0.488,perlu_cek_manual,R_3905.jpg,Recyclable,ok
0.751,0.445,0.952,0.296,0.608,perlu_cek_manual,R_391.jpg,Recyclable,ok
1.0,0.047,0.978,0.441,0.598,perlu_cek_manual,R_3910.jpg,Recyclable,ok
1.0,0.307,0.557,0.323,0.568,perlu_cek_manual,R_3912.jpg,Recyclable,ok
0.54,0.063,0.334,0.603,0.368,perlu_cek_manual,R_3915.jpg,Recyclable,ok
0.379,0.894,0.744,0.117,0.554,perlu_cek_manual,R_3916.jpg,Recyclable,ok
0.375,0.435,0.816,0.357,0.477,perlu_cek_manual,R_392.jpg,Recyclable,ok
0.578,0.5,0.831,0.341,0.558,perlu_cek_manual,R_3924.jpg,Recyclable,ok
0.44,0.792,0.405,0.273,0.505,perlu_cek_manual,R_3927.jpg,Recyclable,ok
0.349,0.869,0.637,0.269,0.547,perlu_cek_manual,R_3935.jpg,Recyclable,ok
0.414,0.211,0.434,0.383,0.351,perlu_cek_manual,R_3938.jpg,Recyclable,ok
0.493,0.223,0.393,0.545,0.402,perlu_cek_manual,R_3942.jpg,Recyclable,ok
0.655,0.393,0.856,0.188,0.523,perlu_cek_manual,R_3945.jpg,Recyclable,ok
0.538,1.0,0.448,0.182,0.587,perlu_cek_manual,R_3946.jpg,Recyclable,ok
0.942,0.415,0.387,0.334,0.551,perlu_cek_manual,R_3948.jpg,Recyclable,ok
0.723,0.467,0.847,0.205,0.567,perlu_cek_manual,R_3950.jpg,Recyclable,ok
0.535,0.204,0.49,0.196,0.359,perlu_cek_manual,R_3953.jpg,Recyclable,ok
0.248,0.202,0.853,0.455,0.397,perlu_cek_manual,R_3954.jpg,Recyclable,ok
0.281,0.151,0.827,0.49,0.393,perlu_cek_manual,R_3955.jpg,Recyclable,ok
1.0,0.127,0.915,0.157,0.552,perlu_cek_manual,R_3957.jpg,Recyclable,ok
0.138,1.0,0.293,0.465,0.493,perlu_cek_manual,R_3959.jpg,Recyclable,ok
0.388,0.742,0.491,0.364,0.51,perlu_cek_manual,R_3961.jpg,Recyclable,ok
0.401,0.272,0.398,0.549,0.391,perlu_cek_manual,R_3962.jpg,Recyclable,ok
0.596,0.629,0.813,0.035,0.538,perlu_cek_manual,R_3966.jpg,Recyclable,ok
0.569,0.447,0.576,0.39,0.498,perlu_cek_manual,R_3967.jpg,Recyclable,ok
0.374,0.523,0.502,0.429,0.455,perlu_cek_manual,R_3968.jpg,Recyclable,ok
1.0,0.0,0.984,0.317,0.56,perlu_cek_manual,R_397.jpg,Recyclable,ok
0.142,0.252,0.924,0.411,0.385,perlu_cek_manual,R_3972.jpg,Recyclable,ok
0.352,0.202,0.843,0.159,0.366,perlu_cek_manual,R_3974.jpg,Recyclable,ok
0.445,0.43,0.392,0.304,0.401,perlu_cek_manual,R_3976.jpg,Recyclable,ok
0.467,0.27,0.877,0.376,0.472,perlu_cek_manual,R_3979.jpg,Recyclable,ok
0.552,0.33,0.462,0.303,0.418,perlu_cek_manual,R_3980.jpg,Recyclable,ok
0.854,0.482,0.473,0.167,0.529,perlu_cek_manual,R_3981.jpg,Recyclable,ok
0.451,0.161,0.834,0.225,0.395,perlu_cek_manual,R_3983.jpg,Recyclable,ok
0.412,0.134,0.768,0.54,0.425,perlu_cek_manual,R_3987.jpg,Recyclable,ok
0.412,0.102,0.854,0.502,0.426,perlu_cek_manual,R_3989.jpg,Recyclable,ok
0.396,0.358,0.398,0.533,0.412,perlu_cek_manual,R_3991.jpg,Recyclable,ok
0.891,0.204,0.391,0.321,0.471,perlu_cek_manual,R_3993.jpg,Recyclable,ok
0.322,0.826,0.484,0.228,0.487,perlu_cek_manual,R_3997.jpg,Recyclable,ok
0.854,0.46,0.564,0.373,0.582,perlu_cek_manual,R_3999.jpg,Recyclable,ok
1.0,0.228,0.476,0.202,0.504,perlu_cek_manual,R_40.jpg,Recyclable,ok
0.912,0.512,0.624,0.462,0.645,perlu_cek_manual,R_4009.jpg,Recyclable,ok
0.503,0.326,0.429,0.163,0.367,perlu_cek_manual,R_4011.jpg,Recyclable,ok
0.396,0.207,0.885,0.376,0.433,perlu_cek_manual,R_4012.jpg,Recyclable,ok
0.544,0.517,0.587,0.072,0.45,perlu_cek_manual,R_4015.jpg,Recyclable,ok
0.397,0.619,0.279,0.214,0.404,perlu_cek_manual,R_4016.jpg,Recyclable,ok
0.262,0.497,0.493,0.141,0.355,perlu_cek_manual,R_4019.jpg,Recyclable,ok
0.832,0.415,0.501,0.467,0.568,perlu_cek_manual,R_4020.jpg,Recyclable,ok
0.932,0.682,0.354,0.283,0.612,perlu_cek_manual,R_4021.jpg,Recyclable,ok
0.468,0.385,0.47,0.111,0.372,perlu_cek_manual,R_4023.jpg,Recyclable,ok
0.51,0.343,0.698,0.456,0.487,perlu_cek_manual,R_4025.jpg,Recyclable,ok
0.573,0.278,0.403,0.333,0.402,perlu_cek_manual,R_4026.jpg,Recyclable,ok
0.492,0.724,0.708,0.399,0.586,perlu_cek_manual,R_4029.jpg,Recyclable,ok
0.581,0.378,0.623,0.191,0.45,perlu_cek_manual,R_4031.jpg,Recyclable,ok
0.546,0.206,0.432,0.398,0.392,perlu_cek_manual,R_4034.jpg,Recyclable,ok
0.231,1.0,0.888,0.278,0.603,perlu_cek_manual,R_4035.jpg,Recyclable,ok
0.486,0.313,0.393,0.581,0.435,perlu_cek_manual,R_4036.jpg,Recyclable,ok
0.745,0.548,0.947,0.057,0.589,perlu_cek_manual,R_4037.jpg,Recyclable,ok
0.642,0.301,0.532,0.482,0.486,perlu_cek_manual,R_4041.jpg,Recyclable,ok
1.0,0.098,0.819,0.444,0.582,perlu_cek_manual,R_4044.jpg,Recyclable,ok
0.755,0.604,0.744,0.012,0.559,perlu_cek_manual,R_4046.jpg,Recyclable,ok
0.544,0.889,0.683,0.113,0.589,perlu_cek_manual,R_4049.jpg,Recyclable,ok
0.939,0.439,0.976,0.132,0.635,perlu_cek_manual,R_4051.jpg,Recyclable,ok
0.736,0.423,0.487,0.391,0.523,perlu_cek_manual,R_4052.jpg,Recyclable,ok
0.828,0.664,0.416,0.192,0.569,perlu_cek_manual,R_4053.jpg,Recyclable,ok
0.379,0.342,0.324,0.348,0.351,perlu_cek_manual,R_4055.jpg,Recyclable,ok
0.657,0.653,0.827,0.423,0.643,perlu_cek_manual,R_4058.jpg,Recyclable,ok
0.819,0.0,0.976,0.071,0.455,perlu_cek_manual,R_406.jpg,Recyclable,ok
0.828,0.168,0.855,0.408,0.551,perlu_cek_manual,R_4062.jpg,Recyclable,ok
0.247,1.0,0.796,0.14,0.562,perlu_cek_manual,R_4063.jpg,Recyclable,ok
0.374,0.387,0.427,0.185,0.351,perlu_cek_manual,R_4064.jpg,Recyclable,ok
0.51,0.356,0.56,0.019,0.376,perlu_cek_manual,R_4065.jpg,Recyclable,ok
0.538,0.514,0.46,0.181,0.444,perlu_cek_manual,R_4066.jpg,Recyclable,ok
0.473,0.078,0.97,0.458,0.451,perlu_cek_manual,R_4068.jpg,Recyclable,ok
0.814,0.429,0.765,0.362,0.598,perlu_cek_manual,R_4070.jpg,Recyclable,ok
0.263,1.0,0.828,0.137,0.572,perlu_cek_manual,R_4071.jpg,Recyclable,ok
1.0,0.301,0.511,0.281,0.549,perlu_cek_manual,R_4072.jpg,Recyclable,ok
0.55,0.351,0.625,0.542,0.503,perlu_cek_manual,R_4074.jpg,Recyclable,ok
0.633,0.331,0.427,0.102,0.395,perlu_cek_manual,R_4075.jpg,Recyclable,ok
0.44,0.36,0.834,0.316,0.47,perlu_cek_manual,R_4077.jpg,Recyclable,ok
0.8,0.225,0.477,0.565,0.516,perlu_cek_manual,R_4080.jpg,Recyclable,ok
1.0,0.289,0.98,0.169,0.617,perlu_cek_manual,R_4081.jpg,Recyclable,ok
0.884,0.272,0.849,0.48,0.613,perlu_cek_manual,R_4083.jpg,Recyclable,ok
0.627,0.409,0.521,0.447,0.505,perlu_cek_manual,R_4086.jpg,Recyclable,ok
0.334,0.625,0.811,0.489,0.548,perlu_cek_manual,R_4087.jpg,Recyclable,ok
1.0,0.176,0.876,0.533,0.635,perlu_cek_manual,R_4089.jpg,Recyclable,ok
0.41,0.397,0.525,0.451,0.437,perlu_cek_manual,R_4091.jpg,Recyclable,ok
0.516,0.523,0.549,0.215,0.465,perlu_cek_manual,R_4092.jpg,Recyclable,ok
1.0,0.0,0.917,0.129,0.509,perlu_cek_manual,R_4095.jpg,Recyclable,ok
0.465,0.091,0.832,0.346,0.403,perlu_cek_manual,R_4099.jpg,Recyclable,ok
0.297,0.7,0.849,0.233,0.515,perlu_cek_manual,R_4100.jpg,Recyclable,ok
0.591,0.247,0.43,0.556,0.449,perlu_cek_manual,R_4104.jpg,Recyclable,ok
0.783,0.729,0.312,0.363,0.589,perlu_cek_manual,R_4105.jpg,Recyclable,ok
0.364,0.163,0.893,0.509,0.438,perlu_cek_manual,R_4107.jpg,Recyclable,ok
0.372,0.25,0.868,0.213,0.403,perlu_cek_manual,R_4108.jpg,Recyclable,ok
0.413,0.36,0.406,0.204,0.354,perlu_cek_manual,R_4109.jpg,Recyclable,ok
0.681,0.475,0.553,0.29,0.516,perlu_cek_manual,R_4111.jpg,Recyclable,ok
1.0,0.0,0.909,0.122,0.506,perlu_cek_manual,R_4113.jpg,Recyclable,ok
0.415,0.235,0.92,0.113,0.402,perlu_cek_manual,R_4114.jpg,Recyclable,ok
0.546,0.611,0.903,0.355,0.599,perlu_cek_manual,R_4115.jpg,Recyclable,ok
0.144,0.578,0.585,0.201,0.374,perlu_cek_manual,R_4116.jpg,Recyclable,ok
0.979,0.352,0.52,0.195,0.542,perlu_cek_manual,R_4119.jpg,Recyclable,ok
1.0,0.057,0.974,0.362,0.584,perlu_cek_manual,R_4121.jpg,Recyclable,ok
0.454,0.827,0.492,0.165,0.516,perlu_cek_manual,R_4123.jpg,Recyclable,ok
0.348,1.0,0.907,0.233,0.632,perlu_cek_manual,R_4124.jpg,Recyclable,ok
0.76,0.336,0.818,0.303,0.553,perlu_cek_manual,R_4125.jpg,Recyclable,ok
0.195,0.176,0.845,0.406,0.361,perlu_cek_manual,R_4127.jpg,Recyclable,ok
0.775,0.269,0.475,0.433,0.495,perlu_cek_manual,R_4130.jpg,Recyclable,ok
0.857,0.404,0.953,0.375,0.644,perlu_cek_manual,R_4132.jpg,Recyclable,ok
0.816,0.433,0.92,0.426,0.644,perlu_cek_manual,R_4133.jpg,Recyclable,ok
0.433,0.21,0.642,0.351,0.392,perlu_cek_manual,R_4135.jpg,Recyclable,ok
1.0,0.455,0.811,0.212,0.641,perlu_cek_manual,R_4136.jpg,Recyclable,ok
0.75,0.343,0.444,0.343,0.485,perlu_cek_manual,R_4137.jpg,Recyclable,ok
0.631,0.719,0.515,0.518,0.612,perlu_cek_manual,R_414.jpg,Recyclable,ok
0.295,0.611,0.38,0.494,0.447,perlu_cek_manual,R_4140.jpg,Recyclable,ok
0.348,0.259,0.74,0.411,0.412,perlu_cek_manual,R_4142.jpg,Recyclable,ok
0.835,0.221,0.906,0.477,0.594,perlu_cek_manual,R_4146.jpg,Recyclable,ok
0.509,0.3,0.519,0.589,0.464,perlu_cek_manual,R_4147.jpg,Recyclable,ok
1.0,0.104,0.735,0.462,0.571,perlu_cek_manual,R_4149.jpg,Recyclable,ok
1.0,0.363,0.606,0.424,0.615,perlu_cek_manual,R_4151.jpg,Recyclable,ok
0.289,0.114,0.715,0.513,0.366,perlu_cek_manual,R_4152.jpg,Recyclable,ok
1.0,0.449,0.642,0.186,0.6,perlu_cek_manual,R_4156.jpg,Recyclable,ok
0.365,0.335,0.522,0.373,0.389,perlu_cek_manual,R_4157.jpg,Recyclable,ok
0.5,0.62,0.418,0.313,0.482,perlu_cek_manual,R_4158.jpg,Recyclable,ok
0.538,0.231,0.527,0.445,0.425,perlu_cek_manual,R_4159.jpg,Recyclable,ok
0.517,0.45,0.704,0.517,0.534,perlu_cek_manual,R_416.jpg,Recyclable,ok
0.173,0.74,0.437,0.147,0.39,perlu_cek_manual,R_4165.jpg,Recyclable,ok
0.418,0.441,0.867,0.121,0.455,perlu_cek_manual,R_4169.jpg,Recyclable,ok
0.683,0.185,0.838,0.652,0.558,perlu_cek_manual,R_417.jpg,Recyclable,ok
0.362,0.426,0.478,0.233,0.378,perlu_cek_manual,R_4173.jpg,Recyclable,ok
1.0,0.023,0.191,0.576,0.46,perlu_cek_manual,R_4174.jpg,Recyclable,ok
0.349,0.459,0.469,0.366,0.409,perlu_cek_manual,R_4175.jpg,Recyclable,ok
0.579,0.425,0.598,0.506,0.522,perlu_cek_manual,R_4177.jpg,Recyclable,ok
1.0,0.0,0.937,0.219,0.531,perlu_cek_manual,R_4178.jpg,Recyclable,ok
0.617,0.295,0.42,0.274,0.413,perlu_cek_manual,R_4179.jpg,Recyclable,ok
0.154,0.739,0.256,0.343,0.388,perlu_cek_manual,R_4180.jpg,Recyclable,ok
0.381,0.532,0.462,0.458,0.458,perlu_cek_manual,R_4181.jpg,Recyclable,ok
0.399,0.305,0.655,0.527,0.447,perlu_cek_manual,R_4182.jpg,Recyclable,ok
0.47,0.606,0.832,0.374,0.564,perlu_cek_manual,R_4184.jpg,Recyclable,ok
0.24,0.279,0.829,0.201,0.362,perlu_cek_manual,R_4186.jpg,Recyclable,ok
0.384,0.972,0.698,0.322,0.61,perlu_cek_manual,R_4187.jpg,Recyclable,ok
0.747,0.766,0.685,0.165,0.624,perlu_cek_manual,R_4188.jpg,Recyclable,ok
0.758,0.509,0.961,0.351,0.642,perlu_cek_manual,R_4189.jpg,Recyclable,ok
0.689,0.492,0.741,0.428,0.588,perlu_cek_manual,R_4191.jpg,Recyclable,ok
0.792,0.085,0.96,0.494,0.554,perlu_cek_manual,R_4193.jpg,Recyclable,ok
0.456,0.284,0.439,0.295,0.369,perlu_cek_manual,R_4194.jpg,Recyclable,ok
0.49,0.227,0.276,0.474,0.365,perlu_cek_manual,R_4196.jpg,Recyclable,ok
0.828,0.237,0.707,0.289,0.519,perlu_cek_manual,R_4199.jpg,Recyclable,ok
0.204,0.267,0.469,0.609,0.357,perlu_cek_manual,R_4200.jpg,Recyclable,ok
0.432,0.224,0.887,0.446,0.463,perlu_cek_manual,R_4203.jpg,Recyclable,ok
0.366,0.067,0.912,0.336,0.379,perlu_cek_manual,R_4204.jpg,Recyclable,ok
0.701,0.287,0.37,0.591,0.489,perlu_cek_manual,R_4207.jpg,Recyclable,ok
0.803,0.235,0.488,0.14,0.437,perlu_cek_manual,R_4208.jpg,Recyclable,ok
0.863,0.399,0.815,0.237,0.589,perlu_cek_manual,R_4209.jpg,Recyclable,ok
0.798,0.334,0.897,0.407,0.6,perlu_cek_manual,R_421.jpg,Recyclable,ok
0.41,0.484,0.763,0.309,0.483,perlu_cek_manual,R_4214.jpg,Recyclable,ok
0.377,0.28,0.437,0.459,0.376,perlu_cek_manual,R_4216.jpg,Recyclable,ok
0.86,0.338,0.444,0.347,0.518,perlu_cek_manual,R_4218.jpg,Recyclable,ok
0.519,0.391,0.96,0.467,0.558,perlu_cek_manual,R_4219.jpg,Recyclable,ok
0.576,0.491,0.595,0.388,0.516,perlu_cek_manual,R_422.jpg,Recyclable,ok
0.266,0.51,0.861,0.261,0.457,perlu_cek_manual,R_4222.jpg,Recyclable,ok
0.92,0.303,0.528,0.578,0.588,perlu_cek_manual,R_4224.jpg,Recyclable,ok
0.719,0.435,0.915,0.469,0.623,perlu_cek_manual,R_4225.jpg,Recyclable,ok
0.287,0.277,0.969,0.374,0.438,perlu_cek_manual,R_4226.jpg,Recyclable,ok
0.61,0.492,0.962,0.233,0.57,perlu_cek_manual,R_4227.jpg,Recyclable,ok
0.316,0.448,0.811,0.399,0.471,perlu_cek_manual,R_4229.jpg,Recyclable,ok
0.377,0.072,0.992,0.298,0.393,perlu_cek_manual,R_4232.jpg,Recyclable,ok
0.09,0.64,0.834,0.371,0.46,perlu_cek_manual,R_4235.jpg,Recyclable,ok
0.646,0.424,0.829,0.515,0.59,perlu_cek_manual,R_4238.jpg,Recyclable,ok
0.192,0.993,0.955,0.168,0.58,perlu_cek_manual,R_4239.jpg,Recyclable,ok
0.412,0.234,0.579,0.564,0.422,perlu_cek_manual,R_4244.jpg,Recyclable,ok
0.933,0.12,0.953,0.377,0.582,perlu_cek_manual,R_4245.jpg,Recyclable,ok
0.874,0.16,0.283,0.402,0.447,perlu_cek_manual,R_4246.jpg,Recyclable,ok
0.517,0.483,0.547,0.312,0.472,perlu_cek_manual,R_4248.jpg,Recyclable,ok
0.398,0.42,0.542,0.077,0.369,perlu_cek_manual,R_4250.jpg,Recyclable,ok
0.477,0.745,0.923,0.208,0.593,perlu_cek_manual,R_4256.jpg,Recyclable,ok
0.783,0.263,0.951,0.146,0.533,perlu_cek_manual,R_4261.jpg,Recyclable,ok
0.882,0.442,0.967,0.141,0.619,perlu_cek_manual,R_4262.jpg,Recyclable,ok
0.748,0.397,0.698,0.337,0.551,perlu_cek_manual,R_4263.jpg,Recyclable,ok
0.538,0.838,0.965,0.101,0.626,perlu_cek_manual,R_4267.jpg,Recyclable,ok
0.311,0.293,0.757,0.444,0.422,perlu_cek_manual,R_4269.jpg,Recyclable,ok
0.185,0.776,0.329,0.192,0.392,perlu_cek_manual,R_4270.jpg,Recyclable,ok
0.654,0.321,0.926,0.52,0.582,perlu_cek_manual,R_4271.jpg,Recyclable,ok
1.0,0.607,0.785,0.042,0.647,perlu_cek_manual,R_4273.jpg,Recyclable,ok
0.63,0.295,0.415,0.565,0.474,perlu_cek_manual,R_4274.jpg,Recyclable,ok
0.767,0.475,0.961,0.175,0.6,perlu_cek_manual,R_4277.jpg,Recyclable,ok
0.618,0.409,0.584,0.31,0.487,perlu_cek_manual,R_4278.jpg,Recyclable,ok
0.498,0.491,0.884,0.52,0.578,perlu_cek_manual,R_4283.jpg,Recyclable,ok
0.628,0.103,0.906,0.524,0.505,perlu_cek_manual,R_4284.jpg,Recyclable,ok
0.57,1.0,0.642,0.2,0.639,perlu_cek_manual,R_4285.jpg,Recyclable,ok
0.698,0.519,0.956,0.36,0.628,perlu_cek_manual,R_429.jpg,Recyclable,ok
1.0,0.146,0.971,0.477,0.633,perlu_cek_manual,R_4291.jpg,Recyclable,ok
0.951,0.374,0.584,0.513,0.617,perlu_cek_manual,R_4292.jpg,Recyclable,ok
0.286,0.627,0.664,0.118,0.431,perlu_cek_manual,R_4294.jpg,Recyclable,ok
0.366,0.385,0.833,0.607,0.513,perlu_cek_manual,R_4295.jpg,Recyclable,ok
0.268,0.054,0.89,0.396,0.354,perlu_cek_manual,R_4297.jpg,Recyclable,ok
0.536,0.7,0.909,0.103,0.573,perlu_cek_manual,R_4298.jpg,Recyclable,ok
0.227,1.0,0.915,0.426,0.636,perlu_cek_manual,R_430.jpg,Recyclable,ok
1.0,0.169,0.57,0.503,0.565,perlu_cek_manual,R_4303.jpg,Recyclable,ok
0.895,0.129,0.947,0.258,0.548,perlu_cek_manual,R_4305.jpg,Recyclable,ok
0.59,0.278,0.96,0.245,0.501,perlu_cek_manual,R_4307.jpg,Recyclable,ok
0.466,0.239,0.732,0.452,0.448,perlu_cek_manual,R_4309.jpg,Recyclable,ok
0.676,0.203,0.947,0.25,0.503,perlu_cek_manual,R_431.jpg,Recyclable,ok
0.89,0.555,0.712,0.236,0.623,perlu_cek_manual,R_4310.jpg,Recyclable,ok
0.372,0.389,0.906,0.416,0.493,perlu_cek_manual,R_4314.jpg,Recyclable,ok
0.936,0.405,0.884,0.134,0.606,perlu_cek_manual,R_4316.jpg,Recyclable,ok
0.716,0.385,0.616,0.415,0.536,perlu_cek_manual,R_4317.jpg,Recyclable,ok
0.862,0.301,0.899,0.592,0.647,perlu_cek_manual,R_4320.jpg,Recyclable,ok
1.0,0.16,0.993,0.17,0.581,perlu_cek_manual,R_4327.jpg,Recyclable,ok
0.477,0.0,0.917,0.437,0.414,perlu_cek_manual,R_433.jpg,Recyclable,ok
0.537,0.499,0.934,0.45,0.588,perlu_cek_manual,R_4330.jpg,Recyclable,ok
0.998,0.599,0.659,0.003,0.611,perlu_cek_manual,R_4332.jpg,Recyclable,ok
0.757,0.625,0.822,0.01,0.581,perlu_cek_manual,R_4340.jpg,Recyclable,ok
1.0,0.583,0.866,0.0,0.648,perlu_cek_manual,R_4341.jpg,Recyclable,ok
0.483,0.763,0.891,0.17,0.586,perlu_cek_manual,R_4344.jpg,Recyclable,ok
0.893,0.384,0.537,0.224,0.535,perlu_cek_manual,R_4347.jpg,Recyclable,ok
1.0,0.23,0.939,0.458,0.648,perlu_cek_manual,R_4348.jpg,Recyclable,ok
0.673,0.362,0.911,0.525,0.598,perlu_cek_manual,R_435.jpg,Recyclable,ok
0.838,0.444,0.806,0.414,0.629,perlu_cek_manual,R_4352.jpg,Recyclable,ok
0.442,0.0,0.841,0.542,0.409,perlu_cek_manual,R_4353.jpg,Recyclable,ok
0.778,0.44,0.573,0.001,0.48,perlu_cek_manual,R_4358.jpg,Recyclable,ok
0.642,0.522,0.904,0.09,0.548,perlu_cek_manual,R_4360.jpg,Recyclable,ok
1.0,0.0,0.79,0.716,0.601,perlu_cek_manual,R_4361.jpg,Recyclable,ok
0.58,0.151,0.919,0.588,0.521,perlu_cek_manual,R_4368.jpg,Recyclable,ok
0.287,1.0,0.437,0.342,0.542,perlu_cek_manual,R_437.jpg,Recyclable,ok
0.797,0.471,0.886,0.099,0.577,perlu_cek_manual,R_4370.jpg,Recyclable,ok
0.683,0.125,0.943,0.185,0.468,perlu_cek_manual,R_4371.jpg,Recyclable,ok
0.551,0.257,0.648,0.363,0.445,perlu_cek_manual,R_4379.jpg,Recyclable,ok
1.0,0.724,0.622,0.0,0.642,perlu_cek_manual,R_4385.jpg,Recyclable,ok
1.0,0.0,1.0,0.0,0.5,perlu_cek_manual,R_4388.jpg,Recyclable,ok
0.669,0.381,0.488,0.384,0.49,perlu_cek_manual,R_439.jpg,Recyclable,ok
1.0,0.0,1.0,0.523,0.605,perlu_cek_manual,R_4392.jpg,Recyclable,ok
0.139,0.575,0.337,0.549,0.391,perlu_cek_manual,R_441.jpg,Recyclable,ok
0.761,0.039,0.948,0.561,0.542,perlu_cek_manual,R_4410.jpg,Recyclable,ok
0.973,0.056,0.99,0.063,0.519,perlu_cek_manual,R_4414.jpg,Recyclable,ok
0.638,0.242,0.94,0.453,0.543,perlu_cek_manual,R_4415.jpg,Recyclable,ok
1.0,0.327,0.511,0.517,0.604,perlu_cek_manual,R_442.jpg,Recyclable,ok
0.614,0.233,0.651,0.351,0.455,perlu_cek_manual,R_4420.jpg,Recyclable,ok
1.0,0.413,0.449,0.508,0.615,perlu_cek_manual,R_4421.jpg,Recyclable,ok
0.775,0.0,0.876,0.214,0.451,perlu_cek_manual,R_4424.jpg,Recyclable,ok
0.479,0.427,0.64,0.0,0.4,perlu_cek_manual,R_4426.jpg,Recyclable,ok
0.587,0.0,0.978,0.28,0.428,perlu_cek_manual,R_444.jpg,Recyclable,ok
0.459,0.139,0.881,0.557,0.467,perlu_cek_manual,R_4441.jpg,Recyclable,ok
0.915,0.461,0.562,0.522,0.63,perlu_cek_manual,R_4443.jpg,Recyclable,ok
1.0,0.0,1.0,0.001,0.5,perlu_cek_manual,R_4444.jpg,Recyclable,ok
0.24,0.211,0.919,0.479,0.415,perlu_cek_manual,R_4448.jpg,Recyclable,ok
0.529,0.714,0.617,0.53,0.602,perlu_cek_manual,R_445.jpg,Recyclable,ok
1.0,0.601,0.788,0.0,0.638,perlu_cek_manual,R_4453.jpg,Recyclable,ok
0.921,0.625,0.816,0.0,0.627,perlu_cek_manual,R_4459.jpg,Recyclable,ok
0.667,0.178,0.098,0.456,0.365,perlu_cek_manual,R_4462.jpg,Recyclable,ok
1.0,0.368,0.956,0.121,0.626,perlu_cek_manual,R_4467.jpg,Recyclable,ok
0.693,0.421,0.804,0.033,0.502,perlu_cek_manual,R_4476.jpg,Recyclable,ok
0.2,0.471,0.309,0.529,0.369,perlu_cek_manual,R_448.jpg,Recyclable,ok
0.582,0.783,0.987,0.072,0.621,perlu_cek_manual,R_4484.jpg,Recyclable,ok
1.0,0.0,1.0,0.435,0.587,perlu_cek_manual,R_4486.jpg,Recyclable,ok
0.248,0.505,0.766,0.345,0.448,perlu_cek_manual,R_4487.jpg,Recyclable,ok
0.256,0.283,0.944,0.454,0.441,perlu_cek_manual,R_4488.jpg,Recyclable,ok
0.533,0.0,0.927,0.473,0.44,perlu_cek_manual,R_4489.jpg,Recyclable,ok
1.0,0.381,0.622,0.335,0.606,perlu_cek_manual,R_4490.jpg,Recyclable,ok
0.22,0.415,0.707,0.462,0.424,perlu_cek_manual,R_4491.jpg,Recyclable,ok
0.698,0.423,0.92,0.355,0.591,perlu_cek_manual,R_4494.jpg,Recyclable,ok
0.843,0.318,0.559,0.62,0.584,perlu_cek_manual,R_450.jpg,Recyclable,ok
1.0,0.279,0.528,0.203,0.53,perlu_cek_manual,R_4500.jpg,Recyclable,ok
0.227,0.154,0.81,0.543,0.385,perlu_cek_manual,R_4502.jpg,Recyclable,ok
0.361,0.177,0.436,0.521,0.353,perlu_cek_manual,R_4504.jpg,Recyclable,ok
0.753,0.35,0.531,0.377,0.513,perlu_cek_manual,R_4511.jpg,Recyclable,ok
0.668,0.122,0.936,0.425,0.509,perlu_cek_manual,R_4516.jpg,Recyclable,ok
0.563,0.442,0.927,0.303,0.548,perlu_cek_manual,R_4531.jpg,Recyclable,ok
1.0,0.284,0.971,0.0,0.579,perlu_cek_manual,R_4532.jpg,Recyclable,ok
1.0,0.201,0.908,0.463,0.634,perlu_cek_manual,R_4533.jpg,Recyclable,ok
0.88,0.473,0.964,0.244,0.648,perlu_cek_manual,R_4536.jpg,Recyclable,ok
1.0,0.0,1.0,0.009,0.502,perlu_cek_manual,R_4539.jpg,Recyclable,ok
0.88,0.045,0.893,0.601,0.577,perlu_cek_manual,R_4554.jpg,Recyclable,ok
0.499,0.291,0.923,0.472,0.516,perlu_cek_manual,R_4561.jpg,Recyclable,ok
0.69,0.713,0.966,0.073,0.629,perlu_cek_manual,R_4564.jpg,Recyclable,ok
0.543,0.628,0.819,0.441,0.603,perlu_cek_manual,R_457.jpg,Recyclable,ok
0.889,0.54,0.976,0.001,0.624,perlu_cek_manual,R_4573.jpg,Recyclable,ok
0.686,0.507,0.941,0.102,0.567,perlu_cek_manual,R_4575.jpg,Recyclable,ok
1.0,0.237,0.399,0.517,0.554,perlu_cek_manual,R_4579.jpg,Recyclable,ok
0.7,0.551,0.965,0.139,0.596,perlu_cek_manual,R_4581.jpg,Recyclable,ok
0.661,0.386,0.603,0.0,0.435,perlu_cek_manual,R_4586.jpg,Recyclable,ok
0.449,0.755,0.887,0.429,0.624,perlu_cek_manual,R_4588.jpg,Recyclable,ok
0.757,0.288,0.484,0.334,0.477,perlu_cek_manual,R_459.jpg,Recyclable,ok
0.503,0.385,0.945,0.305,0.517,perlu_cek_manual,R_4591.jpg,Recyclable,ok
0.853,0.636,0.88,0.002,0.623,perlu_cek_manual,R_4596.jpg,Recyclable,ok
0.329,0.204,0.486,0.548,0.367,perlu_cek_manual,R_4597.jpg,Recyclable,ok
0.515,0.512,0.291,0.478,0.462,perlu_cek_manual,R_46.jpg,Recyclable,ok
0.515,0.0,0.696,0.358,0.366,perlu_cek_manual,R_4604.jpg,Recyclable,ok
1.0,0.033,0.999,0.0,0.51,perlu_cek_manual,R_4605.jpg,Recyclable,ok
0.792,0.594,0.963,0.0,0.609,perlu_cek_manual,R_4606.jpg,Recyclable,ok
0.201,0.55,0.452,0.583,0.432,perlu_cek_manual,R_4610.jpg,Recyclable,ok
0.816,0.483,0.909,0.367,0.645,perlu_cek_manual,R_4612.jpg,Recyclable,ok
1.0,0.075,0.541,0.512,0.533,perlu_cek_manual,R_4614.jpg,Recyclable,ok
0.372,0.0,0.894,0.303,0.351,perlu_cek_manual,R_4616.jpg,Recyclable,ok
0.613,1.0,0.396,0.416,0.646,perlu_cek_manual,R_4618.jpg,Recyclable,ok
1.0,0.642,0.725,0.0,0.638,perlu_cek_manual,R_4625.jpg,Recyclable,ok
0.422,0.199,0.363,0.697,0.398,perlu_cek_manual,R_4634.jpg,Recyclable,ok
0.189,0.231,0.822,0.337,0.358,perlu_cek_manual,R_4635.jpg,Recyclable,ok
0.989,0.462,0.988,0.0,0.633,perlu_cek_manual,R_4636.jpg,Recyclable,ok
0.328,0.313,0.711,0.294,0.393,perlu_cek_manual,R_4639.jpg,Recyclable,ok
0.379,0.29,0.613,0.22,0.367,perlu_cek_manual,R_4648.jpg,Recyclable,ok
0.474,0.351,0.771,0.419,0.486,perlu_cek_manual,R_465.jpg,Recyclable,ok
0.801,0.724,0.908,0.0,0.639,perlu_cek_manual,R_4657.jpg,Recyclable,ok
1.0,0.016,0.905,0.426,0.571,perlu_cek_manual,R_4662.jpg,Recyclable,ok
0.746,0.667,0.961,0.006,0.618,perlu_cek_manual,R_4665.jpg,Recyclable,ok
0.44,0.216,0.764,0.459,0.441,perlu_cek_manual,R_4668.jpg,Recyclable,ok
0.781,0.0,0.941,0.427,0.508,perlu_cek_manual,R_4671.jpg,Recyclable,ok
0.468,0.229,0.868,0.581,0.499,perlu_cek_manual,R_4674.jpg,Recyclable,ok
0.541,0.678,0.944,0.436,0.642,perlu_cek_manual,R_4677.jpg,Recyclable,ok
0.565,0.2,0.269,0.499,0.383,perlu_cek_manual,R_4683.jpg,Recyclable,ok
0.228,0.182,0.791,0.52,0.385,perlu_cek_manual,R_4684.jpg,Recyclable,ok
0.841,0.547,0.957,0.191,0.646,perlu_cek_manual,R_4692.jpg,Recyclable,ok
0.681,0.489,0.964,0.469,0.638,perlu_cek_manual,R_4696.jpg,Recyclable,ok
0.239,0.181,0.803,0.618,0.41,perlu_cek_manual,R_4699.jpg,Recyclable,ok
0.49,0.487,0.67,0.303,0.488,perlu_cek_manual,R_47.jpg,Recyclable,ok
0.669,0.301,0.925,0.397,0.555,perlu_cek_manual,R_4701.jpg,Recyclable,ok
0.567,0.158,0.904,0.482,0.495,perlu_cek_manual,R_4702.jpg,Recyclable,ok
0.223,0.469,0.834,0.13,0.401,perlu_cek_manual,R_4705.jpg,Recyclable,ok
0.329,0.36,0.411,0.352,0.359,perlu_cek_manual,R_4706.jpg,Recyclable,ok
1.0,0.0,1.0,0.0,0.5,perlu_cek_manual,R_4709.jpg,Recyclable,ok
0.296,0.334,0.283,0.588,0.363,perlu_cek_manual,R_471.jpg,Recyclable,ok
1.0,0.539,0.65,0.0,0.592,perlu_cek_manual,R_4719.jpg,Recyclable,ok
0.122,0.438,0.839,0.381,0.412,perlu_cek_manual,R_472.jpg,Recyclable,ok
1.0,0.152,0.958,0.307,0.599,perlu_cek_manual,R_4723.jpg,Recyclable,ok
0.626,0.83,0.977,0.044,0.641,perlu_cek_manual,R_4728.jpg,Recyclable,ok
0.957,0.0,0.995,0.0,0.486,perlu_cek_manual,R_4730.jpg,Recyclable,ok
0.396,0.559,0.595,0.176,0.441,perlu_cek_manual,R_4731.jpg,Recyclable,ok
1.0,0.0,1.0,0.0,0.5,perlu_cek_manual,R_4732.jpg,Recyclable,ok
0.541,0.174,0.883,0.38,0.467,perlu_cek_manual,R_474.jpg,Recyclable,ok
0.753,0.0,0.965,0.333,0.486,perlu_cek_manual,R_4741.jpg,Recyclable,ok
0.456,0.183,0.322,0.595,0.375,perlu_cek_manual,R_4743.jpg,Recyclable,ok
0.807,0.202,0.97,0.511,0.599,perlu_cek_manual,R_4748.jpg,Recyclable,ok
0.692,0.319,0.581,0.581,0.536,perlu_cek_manual,R_4752.jpg,Recyclable,ok
1.0,0.48,0.995,0.0,0.643,perlu_cek_manual,R_4758.jpg,Recyclable,ok
0.601,0.594,0.857,0.348,0.599,perlu_cek_manual,R_4759.jpg,Recyclable,ok
1.0,0.362,0.99,0.005,0.608,perlu_cek_manual,R_4760.jpg,Recyclable,ok
0.863,0.038,0.921,0.312,0.517,perlu_cek_manual,R_4764.jpg,Recyclable,ok
0.622,0.436,0.862,0.158,0.521,perlu_cek_manual,R_4768.jpg,Recyclable,ok
0.983,0.54,0.954,0.001,0.648,perlu_cek_manual,R_4770.jpg,Recyclable,ok
0.727,0.276,0.473,0.614,0.518,perlu_cek_manual,R_4777.jpg,Recyclable,ok
1.0,0.286,0.849,0.438,0.643,perlu_cek_manual,R_4786.jpg,Recyclable,ok
0.677,0.412,0.917,0.393,0.589,perlu_cek_manual,R_4792.jpg,Recyclable,ok
1.0,0.0,1.0,0.0,0.5,perlu_cek_manual,R_4794.jpg,Recyclable,ok
0.411,0.77,0.75,0.377,0.58,perlu_cek_manual,R_4795.jpg,Recyclable,ok
0.624,0.384,0.691,0.583,0.557,perlu_cek_manual,R_4798.jpg,Recyclable,ok
1.0,0.0,1.0,0.346,0.569,perlu_cek_manual,R_48.jpg,Recyclable,ok
0.725,0.454,0.55,0.417,0.547,perlu_cek_manual,R_480.jpg,Recyclable,ok
1.0,0.0,1.0,0.0,0.5,perlu_cek_manual,R_4803.jpg,Recyclable,ok
1.0,0.0,1.0,0.0,0.5,perlu_cek_manual,R_4807.jpg,Recyclable,ok
0.409,0.294,0.867,0.159,0.416,perlu_cek_manual,R_4812.jpg,Recyclable,ok
0.472,0.432,0.924,0.567,0.569,perlu_cek_manual,R_4814.jpg,Recyclable,ok
1.0,0.098,0.926,0.395,0.594,perlu_cek_manual,R_4816.jpg,Recyclable,ok
0.747,0.461,0.602,0.512,0.585,perlu_cek_manual,R_4821.jpg,Recyclable,ok
0.363,0.992,0.924,0.154,0.622,perlu_cek_manual,R_4822.jpg,Recyclable,ok
0.299,0.714,0.592,0.35,0.492,perlu_cek_manual,R_4827.jpg,Recyclable,ok
0.577,0.509,0.732,0.329,0.538,perlu_cek_manual,R_4839.jpg,Recyclable,ok
0.753,0.478,0.932,0.36,0.628,perlu_cek_manual,R_4842.jpg,Recyclable,ok
0.323,0.185,0.834,0.232,0.366,perlu_cek_manual,R_4844.jpg,Recyclable,ok
0.381,0.556,0.9,0.275,0.516,perlu_cek_manual,R_4849.jpg,Recyclable,ok
0.846,0.159,0.87,0.407,0.557,perlu_cek_manual,R_4850.jpg,Recyclable,ok
0.26,0.175,0.876,0.332,0.372,perlu_cek_manual,R_4851.jpg,Recyclable,ok
0.751,0.094,0.401,0.322,0.398,perlu_cek_manual,R_4852.jpg,Recyclable,ok
0.704,0.285,0.871,0.487,0.568,perlu_cek_manual,R_4859.jpg,Recyclable,ok
1.0,0.36,0.645,0.353,0.608,perlu_cek_manual,R_4861.jpg,Recyclable,ok
0.702,0.585,0.97,0.0,0.58,perlu_cek_manual,R_4868.jpg,Recyclable,ok
1.0,0.38,1.0,0.144,0.643,perlu_cek_manual,R_4873.jpg,Recyclable,ok
0.674,0.25,0.366,0.55,0.46,perlu_cek_manual,R_4884.jpg,Recyclable,ok
1.0,0.503,0.733,0.256,0.649,perlu_cek_manual,R_4888.jpg,Recyclable,ok
0.512,0.74,0.946,0.347,0.634,perlu_cek_manual,R_489.jpg,Recyclable,ok
0.524,0.208,0.411,0.569,0.416,perlu_cek_manual,R_4897.jpg,Recyclable,ok
1.0,0.204,0.543,0.582,0.586,perlu_cek_manual,R_4902.jpg,Recyclable,ok
0.671,0.399,0.479,0.025,0.422,perlu_cek_manual,R_4909.jpg,Recyclable,ok
0.552,0.234,0.944,0.416,0.508,perlu_cek_manual,R_491.jpg,Recyclable,ok
0.686,0.275,0.467,0.549,0.492,perlu_cek_manual,R_4910.jpg,Recyclable,ok
0.276,0.42,0.888,0.264,0.439,perlu_cek_manual,R_4912.jpg,Recyclable,ok
1.0,0.281,0.451,0.441,0.563,perlu_cek_manual,R_4915.jpg,Recyclable,ok
0.393,0.543,0.921,0.211,0.507,perlu_cek_manual,R_4919.jpg,Recyclable,ok
0.415,0.271,0.347,0.517,0.379,perlu_cek_manual,R_492.jpg,Recyclable,ok
0.454,0.17,0.392,0.501,0.366,perlu_cek_manual,R_4920.jpg,Recyclable,ok
0.335,0.455,0.622,0.204,0.402,perlu_cek_manual,R_4921.jpg,Recyclable,ok
0.775,0.281,0.402,0.457,0.489,perlu_cek_manual,R_4923.jpg,Recyclable,ok
0.146,0.692,0.271,0.398,0.385,perlu_cek_manual,R_4926.jpg,Recyclable,ok
0.724,0.0,0.537,0.607,0.446,perlu_cek_manual,R_4928.jpg,Recyclable,ok
0.61,0.5,0.545,0.376,0.517,perlu_cek_manual,R_4930.jpg,Recyclable,ok
0.542,0.373,0.807,0.611,0.558,perlu_cek_manual,R_4931.jpg,Recyclable,ok
0.774,0.0,0.535,0.537,0.447,perlu_cek_manual,R_4933.jpg,Recyclable,ok
0.788,0.41,0.536,0.687,0.604,perlu_cek_manual,R_4934.jpg,Recyclable,ok
0.246,1.0,0.779,0.488,0.627,perlu_cek_manual,R_4937.jpg,Recyclable,ok
0.633,0.136,0.918,0.41,0.496,perlu_cek_manual,R_494.jpg,Recyclable,ok
0.846,0.483,0.662,0.409,0.613,perlu_cek_manual,R_4942.jpg,Recyclable,ok
0.029,1.0,0.419,0.385,0.469,perlu_cek_manual,R_4949.jpg,Recyclable,ok
0.236,1.0,0.945,0.343,0.628,perlu_cek_manual,R_4951.jpg,Recyclable,ok
0.259,0.53,0.423,0.554,0.432,perlu_cek_manual,R_4952.jpg,Recyclable,ok
0.391,0.448,0.323,0.376,0.392,perlu_cek_manual,R_4954.jpg,Recyclable,ok
0.271,0.3,0.546,0.396,0.36,perlu_cek_manual,R_4955.jpg,Recyclable,ok
0.583,0.329,0.446,0.431,0.449,perlu_cek_manual,R_4957.jpg,Recyclable,ok
0.374,0.875,0.903,0.332,0.621,perlu_cek_manual,R_4958.jpg,Recyclable,ok
0.461,0.462,0.922,0.476,0.556,perlu_cek_manual,R_496.jpg,Recyclable,ok
0.403,0.344,0.348,0.421,0.378,perlu_cek_manual,R_4961.jpg,Recyclable,ok
0.237,0.322,0.784,0.621,0.449,perlu_cek_manual,R_4962.jpg,Recyclable,ok
0.387,0.636,0.531,0.382,0.49,perlu_cek_manual,R_4967.jpg,Recyclable,ok
0.529,0.48,0.575,0.358,0.489,perlu_cek_manual,R_4969.jpg,Recyclable,ok
0.272,0.922,0.237,0.341,0.474,perlu_cek_manual,R_497.jpg,Recyclable,ok
0.474,0.061,0.745,0.31,0.371,perlu_cek_manual,R_4971.jpg,Recyclable,ok
0.291,0.657,0.361,0.563,0.469,perlu_cek_manual,R_4975.jpg,Recyclable,ok
0.439,0.351,0.492,0.577,0.451,perlu_cek_manual,R_4979.jpg,Recyclable,ok
0.473,0.515,0.359,0.641,0.496,perlu_cek_manual,R_4981.jpg,Recyclable,ok
0.145,0.947,0.462,0.641,0.548,perlu_cek_manual,R_4982.jpg,Recyclable,ok
0.326,0.18,0.857,0.319,0.387,perlu_cek_manual,R_4986.jpg,Recyclable,ok
0.462,0.517,0.377,0.426,0.454,perlu_cek_manual,R_4987.jpg,Recyclable,ok
0.7,0.549,0.966,0.273,0.623,perlu_cek_manual,R_4992.jpg,Recyclable,ok
0.2,1.0,0.664,0.729,0.639,perlu_cek_manual,R_4993.jpg,Recyclable,ok
0.398,0.492,0.452,0.493,0.456,perlu_cek_manual,R_4994.jpg,Recyclable,ok
1.0,0.185,0.463,0.294,0.507,perlu_cek_manual,R_4995.jpg,Recyclable,ok
1.0,0.231,0.709,0.686,0.648,perlu_cek_manual,R_4997.jpg,Recyclable,ok
0.27,0.167,0.783,0.45,0.378,perlu_cek_manual,R_4999.jpg,Recyclable,ok
0.391,0.438,0.636,0.294,0.435,perlu_cek_manual,R_5.jpg,Recyclable,ok
0.276,0.759,0.19,0.249,0.398,perlu_cek_manual,R_50.jpg,Recyclable,ok
0.314,0.715,0.665,0.248,0.492,perlu_cek_manual,R_500.jpg,Recyclable,ok
0.227,0.554,0.347,0.556,0.415,perlu_cek_manual,R_5000.jpg,Recyclable,ok
0.416,0.438,0.369,0.481,0.426,perlu_cek_manual,R_5008.jpg,Recyclable,ok
1.0,0.0,1.0,0.453,0.591,perlu_cek_manual,R_5012.jpg,Recyclable,ok
0.463,0.375,0.415,0.287,0.392,perlu_cek_manual,R_5013.jpg,Recyclable,ok
0.238,1.0,0.573,0.507,0.588,perlu_cek_manual,R_5015.jpg,Recyclable,ok
1.0,0.078,0.883,0.572,0.614,perlu_cek_manual,R_5018.jpg,Recyclable,ok
1.0,0.281,0.582,0.567,0.614,perlu_cek_manual,R_5019.jpg,Recyclable,ok
0.457,0.841,0.793,0.192,0.586,perlu_cek_manual,R_5020.jpg,Recyclable,ok
0.251,0.386,0.721,0.356,0.406,perlu_cek_manual,R_5024.jpg,Recyclable,ok
0.539,0.485,0.35,0.52,0.481,perlu_cek_manual,R_5028.jpg,Recyclable,ok
0.092,0.791,0.441,0.494,0.452,perlu_cek_manual,R_5034.jpg,Recyclable,ok
0.673,0.246,0.358,0.227,0.393,perlu_cek_manual,R_504.jpg,Recyclable,ok
0.431,0.411,0.629,0.264,0.431,perlu_cek_manual,R_5043.jpg,Recyclable,ok
0.22,0.332,0.834,0.605,0.453,perlu_cek_manual,R_5045.jpg,Recyclable,ok
0.523,0.804,0.926,0.196,0.623,perlu_cek_manual,R_5050.jpg,Recyclable,ok
0.526,0.517,0.45,0.432,0.489,perlu_cek_manual,R_5055.jpg,Recyclable,ok
0.764,0.748,0.49,0.427,0.637,perlu_cek_manual,R_5059.jpg,Recyclable,ok
0.944,0.716,0.611,0.094,0.639,perlu_cek_manual,R_5064.jpg,Recyclable,ok
0.408,0.545,0.367,0.479,0.455,perlu_cek_manual,R_5067.jpg,Recyclable,ok
0.878,0.087,0.963,0.497,0.581,perlu_cek_manual,R_5068.jpg,Recyclable,ok
0.451,0.269,0.245,0.527,0.37,perlu_cek_manual,R_5069.jpg,Recyclable,ok
0.54,0.215,0.945,0.342,0.484,perlu_cek_manual,R_507.jpg,Recyclable,ok
0.895,0.0,0.897,0.374,0.523,perlu_cek_manual,R_5074.jpg,Recyclable,ok
0.656,0.491,0.934,0.039,0.539,perlu_cek_manual,R_5075.jpg,Recyclable,ok
0.922,0.529,0.384,0.443,0.601,perlu_cek_manual,R_5076.jpg,Recyclable,ok
0.391,0.406,0.301,0.435,0.386,perlu_cek_manual,R_5078.jpg,Recyclable,ok
0.064,0.967,0.243,0.511,0.46,perlu_cek_manual,R_5083.jpg,Recyclable,ok
0.568,0.128,0.493,0.348,0.377,perlu_cek_manual,R_5084.jpg,Recyclable,ok
0.227,0.475,0.392,0.623,0.414,perlu_cek_manual,R_5085.jpg,Recyclable,ok
0.707,0.598,0.479,0.474,0.582,perlu_cek_manual,R_5086.jpg,Recyclable,ok
0.577,0.427,0.5,0.208,0.443,perlu_cek_manual,R_5087.jpg,Recyclable,ok
1.0,0.376,0.648,0.075,0.557,perlu_cek_manual,R_5088.jpg,Recyclable,ok
1.0,0.3,0.974,0.175,0.62,perlu_cek_manual,R_509.jpg,Recyclable,ok
0.481,0.58,0.445,0.469,0.501,perlu_cek_manual,R_5093.jpg,Recyclable,ok
1.0,0.424,0.958,0.128,0.644,perlu_cek_manual,R_510.jpg,Recyclable,ok
0.449,0.485,0.448,0.477,0.465,perlu_cek_manual,R_5100.jpg,Recyclable,ok
0.537,0.159,0.881,0.537,0.492,perlu_cek_manual,R_5102.jpg,Recyclable,ok
0.637,0.438,0.883,0.182,0.536,perlu_cek_manual,R_511.jpg,Recyclable,ok
0.41,0.367,0.37,0.369,0.381,perlu_cek_manual,R_5117.jpg,Recyclable,ok
0.504,0.302,0.489,0.373,0.414,perlu_cek_manual,R_5118.jpg,Recyclable,ok
0.312,0.156,0.921,0.168,0.358,perlu_cek_manual,R_512.jpg,Recyclable,ok
0.281,0.226,0.829,0.405,0.399,perlu_cek_manual,R_5123.jpg,Recyclable,ok
0.571,0.39,0.55,0.631,0.525,perlu_cek_manual,R_5125.jpg,Recyclable,ok
0.707,0.62,0.95,0.295,0.647,perlu_cek_manual,R_5128.jpg,Recyclable,ok
0.31,0.385,0.438,0.309,0.358,perlu_cek_manual,R_5129.jpg,Recyclable,ok
0.602,0.556,0.487,0.38,0.521,perlu_cek_manual,R_5131.jpg,Recyclable,ok
0.618,0.57,0.49,0.451,0.545,perlu_cek_manual,R_5134.jpg,Recyclable,ok
0.674,0.41,0.385,0.613,0.525,perlu_cek_manual,R_5136.jpg,Recyclable,ok
0.641,0.31,0.508,0.278,0.442,perlu_cek_manual,R_5137.jpg,Recyclable,ok
0.443,0.356,0.351,0.489,0.408,perlu_cek_manual,R_5138.jpg,Recyclable,ok
1.0,0.255,0.903,0.326,0.622,perlu_cek_manual,R_5139.jpg,Recyclable,ok
0.283,0.401,0.492,0.547,0.413,perlu_cek_manual,R_5140.jpg,Recyclable,ok
0.794,0.26,0.429,0.18,0.438,perlu_cek_manual,R_5144.jpg,Recyclable,ok
0.094,0.266,0.719,0.506,0.353,perlu_cek_manual,R_515.jpg,Recyclable,ok
0.42,0.702,0.442,0.291,0.483,perlu_cek_manual,R_5152.jpg,Recyclable,ok
0.157,0.278,0.871,0.457,0.396,perlu_cek_manual,R_5153.jpg,Recyclable,ok
0.417,0.278,0.53,0.243,0.363,perlu_cek_manual,R_5154.jpg,Recyclable,ok
0.424,0.0,0.461,0.666,0.353,perlu_cek_manual,R_5157.jpg,Recyclable,ok
0.906,0.519,0.576,0.318,0.606,perlu_cek_manual,R_5160.jpg,Recyclable,ok
0.463,0.255,0.234,0.549,0.372,perlu_cek_manual,R_5165.jpg,Recyclable,ok
0.508,0.115,0.896,0.278,0.422,perlu_cek_manual,R_5166.jpg,Recyclable,ok
1.0,0.297,1.0,0.173,0.624,perlu_cek_manual,R_5168.jpg,Recyclable,ok
0.599,0.12,0.846,0.522,0.489,perlu_cek_manual,R_5174.jpg,Recyclable,ok
0.299,0.107,0.853,0.52,0.396,perlu_cek_manual,R_5177.jpg,Recyclable,ok
0.426,0.351,0.317,0.478,0.392,perlu_cek_manual,R_5180.jpg,Recyclable,ok
0.58,0.31,0.859,0.286,0.496,perlu_cek_manual,R_5182.jpg,Recyclable,ok
0.36,0.613,0.566,0.163,0.438,perlu_cek_manual,R_5186.jpg,Recyclable,ok
0.908,0.302,0.854,0.223,0.578,perlu_cek_manual,R_5189.jpg,Recyclable,ok
0.165,0.23,0.748,0.432,0.355,perlu_cek_manual,R_519.jpg,Recyclable,ok
0.514,0.0,0.954,0.161,0.377,perlu_cek_manual,R_5190.jpg,Recyclable,ok
0.33,0.89,0.486,0.481,0.559,perlu_cek_manual,R_5191.jpg,Recyclable,ok
0.608,0.149,0.498,0.272,0.381,perlu_cek_manual,R_5196.jpg,Recyclable,ok
0.74,0.373,0.908,0.548,0.625,perlu_cek_manual,R_520.jpg,Recyclable,ok
0.55,0.232,0.304,0.349,0.365,perlu_cek_manual,R_5202.jpg,Recyclable,ok
0.3,0.451,0.689,0.433,0.45,perlu_cek_manual,R_5205.jpg,Recyclable,ok
0.971,0.118,0.365,0.42,0.483,perlu_cek_manual,R_5208.jpg,Recyclable,ok
0.74,0.322,0.323,0.491,0.482,perlu_cek_manual,R_5209.jpg,Recyclable,ok
0.784,0.763,0.49,0.415,0.645,perlu_cek_manual,R_5210.jpg,Recyclable,ok
0.502,0.229,0.899,0.147,0.429,perlu_cek_manual,R_5211.jpg,Recyclable,ok
1.0,0.55,0.774,0.138,0.647,perlu_cek_manual,R_5217.jpg,Recyclable,ok
0.405,0.454,0.313,0.436,0.407,perlu_cek_manual,R_5219.jpg,Recyclable,ok
0.31,0.562,0.733,0.421,0.492,perlu_cek_manual,R_522.jpg,Recyclable,ok
0.785,0.0,0.845,0.573,0.519,perlu_cek_manual,R_5224.jpg,Recyclable,ok
0.547,0.137,0.29,0.484,0.36,perlu_cek_manual,R_5225.jpg,Recyclable,ok
0.694,0.508,0.908,0.469,0.636,perlu_cek_manual,R_5227.jpg,Recyclable,ok
0.402,0.019,0.962,0.354,0.389,perlu_cek_manual,R_5228.jpg,Recyclable,ok
0.851,0.581,0.347,0.462,0.592,perlu_cek_manual,R_523.jpg,Recyclable,ok
0.265,0.523,0.643,0.243,0.413,perlu_cek_manual,R_5232.jpg,Recyclable,ok
0.366,0.21,0.918,0.576,0.471,perlu_cek_manual,R_5233.jpg,Recyclable,ok
1.0,0.193,0.993,0.352,0.627,perlu_cek_manual,R_5235.jpg,Recyclable,ok
0.376,0.291,0.851,0.401,0.45,perlu_cek_manual,R_5239.jpg,Recyclable,ok
0.501,0.458,0.41,0.23,0.416,perlu_cek_manual,R_5241.jpg,Recyclable,ok
0.512,0.61,0.369,0.649,0.54,perlu_cek_manual,R_5242.jpg,Recyclable,ok
0.22,0.511,0.5,0.679,0.455,perlu_cek_manual,R_5244.jpg,Recyclable,ok
0.788,0.486,0.5,0.195,0.521,perlu_cek_manual,R_5246.jpg,Recyclable,ok
0.821,0.431,0.978,0.226,0.616,perlu_cek_manual,R_5248.jpg,Recyclable,ok
0.675,0.616,0.341,0.382,0.532,perlu_cek_manual,R_5250.jpg,Recyclable,ok
0.498,0.0,0.924,0.4,0.414,perlu_cek_manual,R_5251.jpg,Recyclable,ok
0.32,0.0,0.748,0.665,0.379,perlu_cek_manual,R_5252.jpg,Recyclable,ok
0.327,0.237,0.907,0.321,0.415,perlu_cek_manual,R_5253.jpg,Recyclable,ok
0.279,0.383,0.398,0.671,0.412,perlu_cek_manual,R_5255.jpg,Recyclable,ok
1.0,0.309,0.492,0.432,0.577,perlu_cek_manual,R_5257.jpg,Recyclable,ok
0.858,0.407,0.825,0.413,0.627,perlu_cek_manual,R_5260.jpg,Recyclable,ok
1.0,0.375,0.556,0.445,0.613,perlu_cek_manual,R_5263.jpg,Recyclable,ok
0.633,0.695,0.735,0.313,0.608,perlu_cek_manual,R_5266.jpg,Recyclable,ok
0.196,0.395,0.721,0.263,0.374,perlu_cek_manual,R_5270.jpg,Recyclable,ok
1.0,0.291,0.996,0.234,0.633,perlu_cek_manual,R_5273.jpg,Recyclable,ok
1.0,0.064,0.888,0.419,0.581,perlu_cek_manual,R_5276.jpg,Recyclable,ok
0.372,0.218,0.986,0.432,0.461,perlu_cek_manual,R_5278.jpg,Recyclable,ok
0.428,0.34,0.908,0.115,0.435,perlu_cek_manual,R_5280.jpg,Recyclable,ok
0.548,0.0,0.572,0.566,0.392,perlu_cek_manual,R_5285.jpg,Recyclable,ok
0.647,0.362,0.684,0.679,0.575,perlu_cek_manual,R_5286.jpg,Recyclable,ok
0.458,0.467,0.6,0.118,0.421,perlu_cek_manual,R_5287.jpg,Recyclable,ok
1.0,0.084,0.999,0.31,0.587,perlu_cek_manual,R_5288.jpg,Recyclable,ok
0.542,0.488,0.595,0.288,0.486,perlu_cek_manual,R_5294.jpg,Recyclable,ok
0.771,0.361,0.404,0.419,0.504,perlu_cek_manual,R_5295.jpg,Recyclable,ok
0.493,0.137,0.853,0.449,0.45,perlu_cek_manual,R_5299.jpg,Recyclable,ok
0.614,0.451,0.673,0.057,0.465,perlu_cek_manual,R_53.jpg,Recyclable,ok
0.447,0.409,0.423,0.454,0.432,perlu_cek_manual,R_5300.jpg,Recyclable,ok
0.656,0.805,0.356,0.369,0.583,perlu_cek_manual,R_5301.jpg,Recyclable,ok
0.408,0.0,0.82,0.617,0.41,perlu_cek_manual,R_5303.jpg,Recyclable,ok
0.599,0.41,0.575,0.683,0.554,perlu_cek_manual,R_5304.jpg,Recyclable,ok
0.503,0.504,0.617,0.337,0.493,perlu_cek_manual,R_5307.jpg,Recyclable,ok
0.768,0.619,0.892,0.047,0.604,perlu_cek_manual,R_5308.jpg,Recyclable,ok
0.67,0.555,0.627,0.081,0.509,perlu_cek_manual,R_5312.jpg,Recyclable,ok
0.98,0.429,0.895,0.002,0.602,perlu_cek_manual,R_5318.jpg,Recyclable,ok
0.571,0.318,0.905,0.472,0.542,perlu_cek_manual,R_5319.jpg,Recyclable,ok
0.486,0.401,0.908,0.316,0.511,perlu_cek_manual,R_532.jpg,Recyclable,ok
0.267,1.0,0.873,0.351,0.625,perlu_cek_manual,R_5323.jpg,Recyclable,ok
0.472,0.529,0.567,0.601,0.534,perlu_cek_manual,R_5335.jpg,Recyclable,ok
1.0,0.041,0.83,0.489,0.576,perlu_cek_manual,R_5336.jpg,Recyclable,ok
0.641,0.5,0.93,0.388,0.606,perlu_cek_manual,R_5337.jpg,Recyclable,ok
0.703,0.605,0.444,0.54,0.589,perlu_cek_manual,R_5339.jpg,Recyclable,ok
0.694,0.165,0.93,0.534,0.551,perlu_cek_manual,R_534.jpg,Recyclable,ok
0.756,0.0,0.991,0.302,0.486,perlu_cek_manual,R_5341.jpg,Recyclable,ok
1.0,0.198,1.0,0.412,0.642,perlu_cek_manual,R_5345.jpg,Recyclable,ok
0.516,0.807,0.577,0.528,0.618,perlu_cek_manual,R_5348.jpg,Recyclable,ok
0.9,0.379,0.949,0.292,0.632,perlu_cek_manual,R_5350.jpg,Recyclable,ok
0.126,0.425,0.864,0.383,0.415,perlu_cek_manual,R_5356.jpg,Recyclable,ok
0.901,0.367,0.859,0.317,0.616,perlu_cek_manual,R_5358.jpg,Recyclable,ok
0.48,0.229,0.916,0.1,0.416,perlu_cek_manual,R_5361.jpg,Recyclable,ok
0.441,0.643,0.702,0.292,0.524,perlu_cek_manual,R_5363.jpg,Recyclable,ok
0.478,0.387,0.695,0.547,0.508,perlu_cek_manual,R_5364.jpg,Recyclable,ok
0.46,0.208,0.855,0.449,0.461,perlu_cek_manual,R_5365.jpg,Recyclable,ok
0.819,0.186,0.902,0.327,0.547,perlu_cek_manual,R_5372.jpg,Recyclable,ok
0.439,0.415,0.371,0.375,0.405,perlu_cek_manual,R_5373.jpg,Recyclable,ok
0.398,0.496,0.43,0.393,0.433,perlu_cek_manual,R_5374.jpg,Recyclable,ok
1.0,0.0,0.95,0.548,0.599,perlu_cek_manual,R_5379.jpg,Recyclable,ok
0.723,0.271,0.723,0.156,0.474,perlu_cek_manual,R_538.jpg,Recyclable,ok
0.732,0.191,0.773,0.229,0.478,perlu_cek_manual,R_5380.jpg,Recyclable,ok
0.391,0.564,0.905,0.257,0.519,perlu_cek_manual,R_5383.jpg,Recyclable,ok
0.965,0.439,0.966,0.024,0.619,perlu_cek_manual,R_5385.jpg,Recyclable,ok
1.0,0.428,0.617,0.445,0.641,perlu_cek_manual,R_5386.jpg,Recyclable,ok
1.0,0.007,0.961,0.041,0.503,perlu_cek_manual,R_5387.jpg,Recyclable,ok
0.286,0.428,0.497,0.271,0.368,perlu_cek_manual,R_539.jpg,Recyclable,ok
0.547,0.343,0.429,0.466,0.446,perlu_cek_manual,R_5391.jpg,Recyclable,ok
0.326,0.24,0.857,0.287,0.399,perlu_cek_manual,R_5402.jpg,Recyclable,ok
0.58,0.187,0.971,0.433,0.511,perlu_cek_manual,R_5405.jpg,Recyclable,ok
1.0,0.16,1.0,0.324,0.613,perlu_cek_manual,R_5407.jpg,Recyclable,ok
0.706,0.712,0.542,0.469,0.627,perlu_cek_manual,R_541.jpg,Recyclable,ok
0.516,0.306,0.843,0.394,0.494,perlu_cek_manual,R_5414.jpg,Recyclable,ok
0.695,0.176,0.895,0.3,0.5,perlu_cek_manual,R_5417.jpg,Recyclable,ok
0.76,0.669,0.89,0.191,0.645,perlu_cek_manual,R_5418.jpg,Recyclable,ok
0.776,0.268,0.956,0.409,0.586,perlu_cek_manual,R_5419.jpg,Recyclable,ok
0.877,0.163,0.958,0.481,0.6,perlu_cek_manual,R_5421.jpg,Recyclable,ok
1.0,0.204,0.955,0.359,0.624,perlu_cek_manual,R_5423.jpg,Recyclable,ok
0.395,0.649,0.214,0.551,0.466,perlu_cek_manual,R_543.jpg,Recyclable,ok
1.0,0.0,1.0,0.64,0.628,perlu_cek_manual,R_5430.jpg,Recyclable,ok
1.0,0.0,0.948,0.415,0.573,perlu_cek_manual,R_5431.jpg,Recyclable,ok
0.624,0.499,0.903,0.548,0.627,perlu_cek_manual,R_5432.jpg,Recyclable,ok
1.0,0.25,0.962,0.347,0.637,perlu_cek_manual,R_5434.jpg,Recyclable,ok
1.0,0.0,0.883,0.516,0.58,perlu_cek_manual,R_5435.jpg,Recyclable,ok
0.814,0.369,0.56,0.422,0.551,perlu_cek_manual,R_544.jpg,Recyclable,ok
0.677,0.324,0.945,0.448,0.579,perlu_cek_manual,R_5440.jpg,Recyclable,ok
0.636,0.415,0.941,0.306,0.565,perlu_cek_manual,R_5441.jpg,Recyclable,ok
0.559,0.171,0.886,0.308,0.458,perlu_cek_manual,R_5442.jpg,Recyclable,ok
0.985,0.029,0.942,0.417,0.576,perlu_cek_manual,R_5445.jpg,Recyclable,ok
0.464,1.0,0.532,0.304,0.607,perlu_cek_manual,R_5448.jpg,Recyclable,ok
0.708,0.442,0.542,0.133,0.48,perlu_cek_manual,R_545.jpg,Recyclable,ok
1.0,0.242,0.885,0.377,0.625,perlu_cek_manual,R_5450.jpg,Recyclable,ok
1.0,0.339,0.941,0.219,0.634,perlu_cek_manual,R_5451.jpg,Recyclable,ok
0.761,0.349,0.938,0.28,0.577,perlu_cek_manual,R_5454.jpg,Recyclable,ok
0.914,0.0,0.947,0.508,0.565,perlu_cek_manual,R_5455.jpg,Recyclable,ok
0.528,0.476,0.611,0.155,0.454,perlu_cek_manual,R_5458.jpg,Recyclable,ok
0.751,0.601,0.559,0.297,0.577,perlu_cek_manual,R_5460.jpg,Recyclable,ok
0.329,0.108,0.876,0.483,0.403,perlu_cek_manual,R_5461.jpg,Recyclable,ok
0.388,0.334,0.423,0.386,0.378,perlu_cek_manual,R_5462.jpg,Recyclable,ok
0.351,0.129,1.0,0.14,0.372,perlu_cek_manual,R_5466.jpg,Recyclable,ok
0.549,0.28,0.939,0.227,0.482,perlu_cek_manual,R_5468.jpg,Recyclable,ok
1.0,0.0,1.0,0.669,0.634,perlu_cek_manual,R_5469.jpg,Recyclable,ok
1.0,0.04,0.841,0.423,0.565,perlu_cek_manual,R_5471.jpg,Recyclable,ok
0.406,0.192,0.884,0.305,0.417,perlu_cek_manual,R_5472.jpg,Recyclable,ok
0.497,0.079,0.82,0.439,0.425,perlu_cek_manual,R_5473.jpg,Recyclable,ok
0.861,0.289,0.963,0.193,0.576,perlu_cek_manual,R_5480.jpg,Recyclable,ok
0.234,0.418,0.897,0.399,0.455,perlu_cek_manual,R_5482.jpg,Recyclable,ok
0.571,0.252,0.929,0.406,0.514,perlu_cek_manual,R_5483.jpg,Recyclable,ok
1.0,0.0,1.0,0.517,0.603,perlu_cek_manual,R_5484.jpg,Recyclable,ok
0.782,0.475,0.95,0.3,0.627,perlu_cek_manual,R_5485.jpg,Recyclable,ok
1.0,0.0,1.0,0.634,0.627,perlu_cek_manual,R_5489.jpg,Recyclable,ok
0.524,0.55,0.957,0.09,0.532,perlu_cek_manual,R_549.jpg,Recyclable,ok
0.554,0.425,0.86,0.318,0.529,perlu_cek_manual,R_5492.jpg,Recyclable,ok
0.691,0.527,0.641,0.26,0.545,perlu_cek_manual,R_5493.jpg,Recyclable,ok
1.0,0.419,0.58,0.522,0.646,perlu_cek_manual,R_5494.jpg,Recyclable,ok
0.661,0.23,0.843,0.368,0.51,perlu_cek_manual,R_5496.jpg,Recyclable,ok
0.37,0.414,0.786,0.297,0.452,perlu_cek_manual,R_5498.jpg,Recyclable,ok
0.351,0.571,0.848,0.344,0.515,perlu_cek_manual,R_5505.jpg,Recyclable,ok
1.0,0.266,0.887,0.408,0.639,perlu_cek_manual,R_5507.jpg,Recyclable,ok
1.0,0.0,0.965,0.361,0.565,perlu_cek_manual,R_5511.jpg,Recyclable,ok
0.606,0.443,0.967,0.455,0.599,perlu_cek_manual,R_5512.jpg,Recyclable,ok
0.68,0.495,0.469,0.353,0.517,perlu_cek_manual,R_5514.jpg,Recyclable,ok
0.489,0.0,0.87,0.677,0.456,perlu_cek_manual,R_5516.jpg,Recyclable,ok
0.261,0.231,0.746,0.406,0.378,perlu_cek_manual,R_5522.jpg,Recyclable,ok
0.431,0.0,0.864,0.608,0.424,perlu_cek_manual,R_5528.jpg,Recyclable,ok
0.307,0.457,0.834,0.468,0.489,perlu_cek_manual,R_5530.jpg,Recyclable,ok
0.403,0.522,0.644,0.629,0.532,perlu_cek_manual,R_5537.jpg,Recyclable,ok
0.308,0.726,0.968,0.338,0.571,perlu_cek_manual,R_5538.jpg,Recyclable,ok
0.342,0.45,0.441,0.388,0.403,perlu_cek_manual,R_5539.jpg,Recyclable,ok
0.617,0.29,0.888,0.322,0.514,perlu_cek_manual,R_5542.jpg,Recyclable,ok
0.418,0.354,0.89,0.163,0.442,perlu_cek_manual,R_5544.jpg,Recyclable,ok
0.946,0.096,0.925,0.343,0.566,perlu_cek_manual,R_5545.jpg,Recyclable,ok
0.351,0.118,0.717,0.507,0.385,perlu_cek_manual,R_5546.jpg,Recyclable,ok
0.526,0.063,0.913,0.263,0.412,perlu_cek_manual,R_5547.jpg,Recyclable,ok
0.96,0.317,0.274,0.586,0.555,perlu_cek_manual,R_5549.jpg,Recyclable,ok
0.289,0.378,0.878,0.333,0.442,perlu_cek_manual,R_555.jpg,Recyclable,ok
1.0,0.0,1.0,0.705,0.641,perlu_cek_manual,R_5551.jpg,Recyclable,ok
0.578,0.385,0.467,0.213,0.425,perlu_cek_manual,R_5552.jpg,Recyclable,ok
0.579,0.284,0.585,0.426,0.461,perlu_cek_manual,R_5553.jpg,Recyclable,ok
1.0,0.112,0.92,0.364,0.59,perlu_cek_manual,R_5554.jpg,Recyclable,ok
0.522,0.172,0.815,0.278,0.427,perlu_cek_manual,R_556.jpg,Recyclable,ok
0.801,0.114,0.979,0.382,0.547,perlu_cek_manual,R_5561.jpg,Recyclable,ok
0.355,0.092,0.798,0.36,0.366,perlu_cek_manual,R_5566.jpg,Recyclable,ok
0.668,0.531,0.917,0.303,0.604,perlu_cek_manual,R_5567.jpg,Recyclable,ok
0.215,0.176,0.885,0.472,0.389,perlu_cek_manual,R_557.jpg,Recyclable,ok
0.295,0.37,0.434,0.569,0.4,perlu_cek_manual,R_5570.jpg,Recyclable,ok
0.589,0.158,0.833,0.37,0.465,perlu_cek_manual,R_5571.jpg,Recyclable,ok
0.425,0.201,0.729,0.497,0.433,perlu_cek_manual,R_5572.jpg,Recyclable,ok
1.0,0.11,0.986,0.454,0.621,perlu_cek_manual,R_5575.jpg,Recyclable,ok
1.0,0.0,0.948,0.457,0.581,perlu_cek_manual,R_5578.jpg,Recyclable,ok
1.0,0.138,1.0,0.237,0.589,perlu_cek_manual,R_5580.jpg,Recyclable,ok
0.867,0.374,0.866,0.214,0.588,perlu_cek_manual,R_5585.jpg,Recyclable,ok
1.0,0.0,0.979,0.451,0.586,perlu_cek_manual,R_5586.jpg,Recyclable,ok
1.0,0.182,0.884,0.506,0.633,perlu_cek_manual,R_5587.jpg,Recyclable,ok
0.375,0.942,0.329,0.527,0.566,perlu_cek_manual,R_5589.jpg,Recyclable,ok
1.0,0.0,0.99,0.446,0.587,perlu_cek_manual,R_5591.jpg,Recyclable,ok
0.588,0.409,0.858,0.618,0.595,perlu_cek_manual,R_5593.jpg,Recyclable,ok
0.163,0.691,0.783,0.278,0.468,perlu_cek_manual,R_5595.jpg,Recyclable,ok
0.978,0.053,0.92,0.387,0.571,perlu_cek_manual,R_5596.jpg,Recyclable,ok
1.0,0.15,0.954,0.451,0.626,perlu_cek_manual,R_5598.jpg,Recyclable,ok
0.314,0.449,0.882,0.412,0.488,perlu_cek_manual,R_5601.jpg,Recyclable,ok
1.0,0.0,0.91,0.263,0.535,perlu_cek_manual,R_5602.jpg,Recyclable,ok
0.81,0.201,0.945,0.503,0.593,perlu_cek_manual,R_5603.jpg,Recyclable,ok
0.794,0.695,0.85,0.12,0.641,perlu_cek_manual,R_5604.jpg,Recyclable,ok
0.678,0.613,0.94,0.301,0.635,perlu_cek_manual,R_5605.jpg,Recyclable,ok
0.675,0.228,0.984,0.284,0.524,perlu_cek_manual,R_5606.jpg,Recyclable,ok
0.357,0.287,0.506,0.519,0.398,perlu_cek_manual,R_561.jpg,Recyclable,ok
0.73,0.446,0.953,0.377,0.619,perlu_cek_manual,R_5613.jpg,Recyclable,ok
0.864,0.511,0.957,0.191,0.642,perlu_cek_manual,R_5618.jpg,Recyclable,ok
0.549,0.771,0.894,0.327,0.64,perlu_cek_manual,R_5619.jpg,Recyclable,ok
0.555,0.0,0.443,0.592,0.373,perlu_cek_manual,R_562.jpg,Recyclable,ok
0.312,0.333,0.855,0.392,0.443,perlu_cek_manual,R_5620.jpg,Recyclable,ok
0.654,0.434,0.948,0.583,0.633,perlu_cek_manual,R_5621.jpg,Recyclable,ok
0.513,0.302,0.511,0.085,0.364,perlu_cek_manual,R_5622.jpg,Recyclable,ok
0.514,1.0,0.461,0.233,0.593,perlu_cek_manual,R_5624.jpg,Recyclable,ok
0.459,0.294,0.922,0.113,0.433,perlu_cek_manual,R_5627.jpg,Recyclable,ok
0.115,0.346,0.87,0.519,0.416,perlu_cek_manual,R_5630.jpg,Recyclable,ok
0.341,0.251,0.773,0.336,0.399,perlu_cek_manual,R_5631.jpg,Recyclable,ok
0.452,0.296,0.516,0.635,0.455,perlu_cek_manual,R_5632.jpg,Recyclable,ok
0.423,0.495,0.885,0.353,0.523,perlu_cek_manual,R_5633.jpg,Recyclable,ok
1.0,0.0,0.981,0.546,0.605,perlu_cek_manual,R_5634.jpg,Recyclable,ok
0.555,0.0,0.882,0.419,0.427,perlu_cek_manual,R_5636.jpg,Recyclable,ok
0.781,0.157,0.917,0.137,0.492,perlu_cek_manual,R_5640.jpg,Recyclable,ok
1.0,0.055,1.0,0.357,0.588,perlu_cek_manual,R_5641.jpg,Recyclable,ok
0.835,0.225,0.939,0.181,0.542,perlu_cek_manual,R_5642.jpg,Recyclable,ok
0.64,0.284,0.92,0.241,0.509,perlu_cek_manual,R_5648.jpg,Recyclable,ok
0.454,0.255,0.957,0.234,0.451,perlu_cek_manual,R_5649.jpg,Recyclable,ok
0.338,0.0,0.917,0.377,0.36,perlu_cek_manual,R_5650.jpg,Recyclable,ok
0.972,0.083,0.923,0.395,0.58,perlu_cek_manual,R_5651.jpg,Recyclable,ok
0.565,0.625,0.933,0.188,0.581,perlu_cek_manual,R_5652.jpg,Recyclable,ok
0.695,0.489,0.391,0.428,0.519,perlu_cek_manual,R_5653.jpg,Recyclable,ok
0.441,0.124,0.881,0.422,0.43,perlu_cek_manual,R_5654.jpg,Recyclable,ok
0.601,0.396,0.842,0.298,0.527,perlu_cek_manual,R_5656.jpg,Recyclable,ok
0.475,0.579,0.675,0.314,0.514,perlu_cek_manual,R_5659.jpg,Recyclable,ok
1.0,0.223,0.936,0.289,0.612,perlu_cek_manual,R_5660.jpg,Recyclable,ok
0.896,0.531,0.437,0.532,0.622,perlu_cek_manual,R_5661.jpg,Recyclable,ok
0.744,0.327,0.932,0.045,0.517,perlu_cek_manual,R_5665.jpg,Recyclable,ok
0.538,0.229,0.929,0.455,0.507,perlu_cek_manual,R_5666.jpg,Recyclable,ok
0.458,0.467,0.961,0.308,0.531,perlu_cek_manual,R_567.jpg,Recyclable,ok
0.259,0.577,0.891,0.394,0.508,perlu_cek_manual,R_5671.jpg,Recyclable,ok
0.163,0.369,0.777,0.513,0.418,perlu_cek_manual,R_5678.jpg,Recyclable,ok
1.0,0.073,0.852,0.513,0.595,perlu_cek_manual,R_568.jpg,Recyclable,ok
0.422,0.617,0.875,0.555,0.598,perlu_cek_manual,R_5680.jpg,Recyclable,ok
0.765,0.409,0.951,0.342,0.611,perlu_cek_manual,R_5681.jpg,Recyclable,ok
0.464,0.245,0.914,0.293,0.454,perlu_cek_manual,R_5683.jpg,Recyclable,ok
0.562,0.547,0.599,0.048,0.462,perlu_cek_manual,R_5684.jpg,Recyclable,ok
0.421,0.21,0.276,0.539,0.352,perlu_cek_manual,R_569.jpg,Recyclable,ok
1.0,0.187,0.753,0.505,0.608,perlu_cek_manual,R_5692.jpg,Recyclable,ok
0.444,0.795,0.936,0.317,0.622,perlu_cek_manual,R_5697.jpg,Recyclable,ok
0.245,0.127,0.694,0.516,0.354,perlu_cek_manual,R_57.jpg,Recyclable,ok
1.0,0.0,1.0,0.442,0.588,perlu_cek_manual,R_5701.jpg,Recyclable,ok
0.303,0.421,0.892,0.319,0.46,perlu_cek_manual,R_5705.jpg,Recyclable,ok
0.672,0.246,0.84,0.606,0.565,perlu_cek_manual,R_5709.jpg,Recyclable,ok
1.0,0.0,1.0,0.549,0.61,perlu_cek_manual,R_571.jpg,Recyclable,ok
0.835,0.316,0.706,0.56,0.598,perlu_cek_manual,R_5710.jpg,Recyclable,ok
0.575,0.929,0.28,0.494,0.606,perlu_cek_manual,R_5715.jpg,Recyclable,ok
0.538,0.0,0.629,0.644,0.416,perlu_cek_manual,R_5718.jpg,Recyclable,ok
0.154,0.377,0.4,0.611,0.361,perlu_cek_manual,R_5725.jpg,Recyclable,ok
0.279,0.749,0.264,0.628,0.487,perlu_cek_manual,R_5727.jpg,Recyclable,ok
0.748,0.09,0.936,0.298,0.498,perlu_cek_manual,R_5729.jpg,Recyclable,ok
0.344,0.345,0.389,0.488,0.382,perlu_cek_manual,R_573.jpg,Recyclable,ok
0.648,0.318,0.844,0.631,0.585,perlu_cek_manual,R_5731.jpg,Recyclable,ok
0.239,0.34,0.521,0.637,0.405,perlu_cek_manual,R_5734.jpg,Recyclable,ok
0.376,0.0,0.802,0.655,0.404,perlu_cek_manual,R_5736.jpg,Recyclable,ok
1.0,0.0,0.883,0.704,0.617,perlu_cek_manual,R_5746.jpg,Recyclable,ok
0.963,0.0,0.896,0.504,0.569,perlu_cek_manual,R_5747.jpg,Recyclable,ok
0.518,0.427,0.945,0.541,0.581,perlu_cek_manual,R_5749.jpg,Recyclable,ok
0.45,0.308,0.64,0.582,0.472,perlu_cek_manual,R_575.jpg,Recyclable,ok
0.602,1.0,0.334,0.494,0.646,perlu_cek_manual,R_5751.jpg,Recyclable,ok
0.141,1.0,0.405,0.474,0.518,perlu_cek_manual,R_5753.jpg,Recyclable,ok
0.545,0.467,0.481,0.606,0.521,perlu_cek_manual,R_5755.jpg,Recyclable,ok
0.463,0.0,0.483,0.651,0.366,perlu_cek_manual,R_5758.jpg,Recyclable,ok
1.0,0.394,0.945,0.205,0.648,perlu_cek_manual,R_576.jpg,Recyclable,ok
0.567,0.336,0.5,0.189,0.409,perlu_cek_manual,R_5761.jpg,Recyclable,ok
0.315,0.864,0.868,0.4,0.607,perlu_cek_manual,R_5764.jpg,Recyclable,ok
0.351,0.6,0.425,0.471,0.465,perlu_cek_manual,R_5765.jpg,Recyclable,ok
1.0,0.355,0.564,0.567,0.633,perlu_cek_manual,R_5768.jpg,Recyclable,ok
0.489,0.424,0.473,0.31,0.431,perlu_cek_manual,R_577.jpg,Recyclable,ok
0.606,0.39,0.892,0.421,0.562,perlu_cek_manual,R_5772.jpg,Recyclable,ok
0.206,0.815,0.32,0.61,0.492,perlu_cek_manual,R_5773.jpg,Recyclable,ok
0.484,0.205,0.306,0.487,0.365,perlu_cek_manual,R_5774.jpg,Recyclable,ok
0.368,0.159,0.592,0.543,0.385,perlu_cek_manual,R_5778.jpg,Recyclable,ok
0.647,0.236,0.761,0.466,0.51,perlu_cek_manual,R_5781.jpg,Recyclable,ok
0.664,0.344,0.918,0.685,0.623,perlu_cek_manual,R_5782.jpg,Recyclable,ok
0.883,0.131,1.0,0.491,0.602,perlu_cek_manual,R_5783.jpg,Recyclable,ok
0.91,0.0,1.0,0.661,0.605,perlu_cek_manual,R_5785.jpg,Recyclable,ok
0.702,0.44,0.431,0.626,0.554,perlu_cek_manual,R_5786.jpg,Recyclable,ok
0.828,0.0,0.433,0.539,0.443,perlu_cek_manual,R_5789.jpg,Recyclable,ok
0.547,0.366,0.791,0.629,0.558,perlu_cek_manual,R_5791.jpg,Recyclable,ok
0.258,0.424,0.337,0.424,0.357,perlu_cek_manual,R_5798.jpg,Recyclable,ok
0.832,0.688,0.713,0.091,0.617,perlu_cek_manual,R_5799.jpg,Recyclable,ok
0.185,0.442,0.395,0.513,0.37,perlu_cek_manual,R_5803.jpg,Recyclable,ok
0.116,0.586,0.773,0.478,0.461,perlu_cek_manual,R_5807.jpg,Recyclable,ok
0.897,0.346,0.966,0.123,0.591,perlu_cek_manual,R_5816.jpg,Recyclable,ok
0.399,1.0,0.321,0.574,0.599,perlu_cek_manual,R_5817.jpg,Recyclable,ok
0.52,0.28,0.464,0.605,0.454,perlu_cek_manual,R_5818.jpg,Recyclable,ok
0.882,0.493,0.466,0.64,0.634,perlu_cek_manual,R_5821.jpg,Recyclable,ok
0.097,0.469,0.317,0.641,0.362,perlu_cek_manual,R_5826.jpg,Recyclable,ok
0.785,0.625,0.676,0.064,0.571,perlu_cek_manual,R_5827.jpg,Recyclable,ok
0.297,0.351,0.521,0.678,0.434,perlu_cek_manual,R_5829.jpg,Recyclable,ok
0.798,0.492,0.619,0.361,0.583,perlu_cek_manual,R_5830.jpg,Recyclable,ok
0.504,0.497,0.601,0.465,0.513,perlu_cek_manual,R_5833.jpg,Recyclable,ok
0.796,0.563,0.517,0.562,0.623,perlu_cek_manual,R_5835.jpg,Recyclable,ok
0.633,0.145,0.933,0.269,0.474,perlu_cek_manual,R_5838.jpg,Recyclable,ok
0.942,0.362,0.52,0.538,0.603,perlu_cek_manual,R_5842.jpg,Recyclable,ok
0.182,0.22,0.582,0.588,0.355,perlu_cek_manual,R_5846.jpg,Recyclable,ok
0.504,0.0,0.987,0.134,0.375,perlu_cek_manual,R_585.jpg,Recyclable,ok
0.217,0.456,0.458,0.441,0.382,perlu_cek_manual,R_5850.jpg,Recyclable,ok
0.329,0.482,0.365,0.661,0.449,perlu_cek_manual,R_5857.jpg,Recyclable,ok
0.682,0.277,0.372,0.656,0.493,perlu_cek_manual,R_586.jpg,Recyclable,ok
0.765,0.179,0.926,0.576,0.584,perlu_cek_manual,R_5866.jpg,Recyclable,ok
0.709,0.0,0.9,0.354,0.463,perlu_cek_manual,R_5869.jpg,Recyclable,ok
0.353,0.29,0.514,0.59,0.414,perlu_cek_manual,R_5870.jpg,Recyclable,ok
0.771,0.312,0.93,0.303,0.571,perlu_cek_manual,R_5871.jpg,Recyclable,ok
0.627,0.3,0.32,0.507,0.443,perlu_cek_manual,R_5872.jpg,Recyclable,ok
0.534,0.246,0.799,0.499,0.493,perlu_cek_manual,R_5873.jpg,Recyclable,ok
1.0,0.135,0.48,0.379,0.512,perlu_cek_manual,R_5875.jpg,Recyclable,ok
0.874,0.453,0.931,0.212,0.627,perlu_cek_manual,R_5876.jpg,Recyclable,ok
0.48,0.066,0.932,0.332,0.417,perlu_cek_manual,R_588.jpg,Recyclable,ok
0.034,0.374,0.778,0.436,0.365,perlu_cek_manual,R_5883.jpg,Recyclable,ok
0.971,0.064,0.908,0.326,0.558,perlu_cek_manual,R_5885.jpg,Recyclable,ok
0.226,0.263,0.683,0.476,0.378,perlu_cek_manual,R_5887.jpg,Recyclable,ok
0.277,0.215,0.886,0.28,0.381,perlu_cek_manual,R_5891.jpg,Recyclable,ok
0.502,0.0,0.917,0.605,0.455,perlu_cek_manual,R_5894.jpg,Recyclable,ok
0.448,0.319,0.343,0.45,0.389,perlu_cek_manual,R_5895.jpg,Recyclable,ok
0.613,0.67,0.906,0.323,0.631,perlu_cek_manual,R_5897.jpg,Recyclable,ok
0.255,0.38,0.827,0.212,0.398,perlu_cek_manual,R_5898.jpg,Recyclable,ok
0.639,0.667,0.98,0.011,0.59,perlu_cek_manual,R_5899.jpg,Recyclable,ok
0.253,0.708,0.321,0.373,0.427,perlu_cek_manual,R_5901.jpg,Recyclable,ok
1.0,0.0,0.963,0.416,0.576,perlu_cek_manual,R_5902.jpg,Recyclable,ok
0.385,0.403,0.395,0.592,0.434,perlu_cek_manual,R_5905.jpg,Recyclable,ok
0.123,0.518,0.32,0.641,0.384,perlu_cek_manual,R_5908.jpg,Recyclable,ok
0.693,0.596,0.965,0.22,0.624,perlu_cek_manual,R_591.jpg,Recyclable,ok
0.524,0.106,0.803,0.479,0.445,perlu_cek_manual,R_5911.jpg,Recyclable,ok
0.518,0.321,0.948,0.526,0.546,perlu_cek_manual,R_5913.jpg,Recyclable,ok
0.34,0.383,0.497,0.629,0.442,perlu_cek_manual,R_5918.jpg,Recyclable,ok
0.325,0.507,0.843,0.393,0.497,perlu_cek_manual,R_5919.jpg,Recyclable,ok
0.678,0.626,0.753,0.53,0.648,perlu_cek_manual,R_592.jpg,Recyclable,ok
0.24,0.341,0.478,0.69,0.408,perlu_cek_manual,R_5921.jpg,Recyclable,ok
0.5,0.314,0.926,0.354,0.5,perlu_cek_manual,R_5929.jpg,Recyclable,ok
0.435,0.374,0.509,0.561,0.457,perlu_cek_manual,R_5932.jpg,Recyclable,ok
1.0,0.324,0.55,0.44,0.595,perlu_cek_manual,R_5937.jpg,Recyclable,ok
0.821,0.483,0.921,0.332,0.642,perlu_cek_manual,R_5939.jpg,Recyclable,ok
0.351,0.668,0.456,0.449,0.487,perlu_cek_manual,R_594.jpg,Recyclable,ok
0.271,0.468,0.533,0.673,0.463,perlu_cek_manual,R_5940.jpg,Recyclable,ok
0.757,0.387,0.56,0.658,0.587,perlu_cek_manual,R_5948.jpg,Recyclable,ok
0.541,0.404,0.78,0.42,0.523,perlu_cek_manual,R_5958.jpg,Recyclable,ok
0.862,0.419,0.605,0.454,0.596,perlu_cek_manual,R_5959.jpg,Recyclable,ok
0.407,0.83,0.872,0.359,0.617,perlu_cek_manual,R_596.jpg,Recyclable,ok
0.393,0.365,0.785,0.259,0.436,perlu_cek_manual,R_5966.jpg,Recyclable,ok
0.36,0.381,0.437,0.589,0.427,perlu_cek_manual,R_5967.jpg,Recyclable,ok
0.497,0.469,0.885,0.588,0.584,perlu_cek_manual,R_5968.jpg,Recyclable,ok
0.612,0.764,0.588,0.497,0.63,perlu_cek_manual,R_5979.jpg,Recyclable,ok
0.714,0.502,0.497,0.648,0.594,perlu_cek_manual,R_5980.jpg,Recyclable,ok
0.63,0.34,0.391,0.658,0.501,perlu_cek_manual,R_5986.jpg,Recyclable,ok
1.0,0.0,0.816,0.702,0.604,perlu_cek_manual,R_5989.jpg,Recyclable,ok
0.096,0.36,0.799,0.401,0.377,perlu_cek_manual,R_599.jpg,Recyclable,ok
0.494,0.623,0.147,0.57,0.478,perlu_cek_manual,R_5992.jpg,Recyclable,ok
0.517,0.165,0.309,0.573,0.381,perlu_cek_manual,R_5995.jpg,Recyclable,ok
0.298,0.14,0.812,0.456,0.385,perlu_cek_manual,R_5996.jpg,Recyclable,ok
0.382,0.324,0.906,0.559,0.505,perlu_cek_manual,R_5997.jpg,Recyclable,ok
0.152,0.127,0.813,0.591,0.364,perlu_cek_manual,R_5999.jpg,Recyclable,ok
0.568,0.524,0.943,0.373,0.591,perlu_cek_manual,R_600.jpg,Recyclable,ok
1.0,0.364,0.63,0.417,0.618,perlu_cek_manual,R_6000.jpg,Recyclable,ok
0.428,0.844,0.591,0.647,0.629,perlu_cek_manual,R_6001.jpg,Recyclable,ok
0.373,0.367,0.318,0.642,0.414,perlu_cek_manual,R_6004.jpg,Recyclable,ok
0.431,0.408,0.435,0.58,0.455,perlu_cek_manual,R_6008.jpg,Recyclable,ok
0.942,0.481,0.991,0.08,0.641,perlu_cek_manual,R_601.jpg,Recyclable,ok
0.552,0.23,0.833,0.518,0.505,perlu_cek_manual,R_6013.jpg,Recyclable,ok
0.206,0.33,0.893,0.444,0.428,perlu_cek_manual,R_6017.jpg,Recyclable,ok
0.479,0.476,0.574,0.674,0.536,perlu_cek_manual,R_6020.jpg,Recyclable,ok
0.477,0.534,0.53,0.584,0.526,perlu_cek_manual,R_6021.jpg,Recyclable,ok
0.495,0.523,0.542,0.667,0.547,perlu_cek_manual,R_6023.jpg,Recyclable,ok
0.479,0.342,0.862,0.539,0.527,perlu_cek_manual,R_6028.jpg,Recyclable,ok
0.645,0.517,0.941,0.485,0.634,perlu_cek_manual,R_6033.jpg,Recyclable,ok
0.672,0.501,0.959,0.461,0.636,perlu_cek_manual,R_6037.jpg,Recyclable,ok
0.091,0.95,0.844,0.454,0.572,perlu_cek_manual,R_6039.jpg,Recyclable,ok
0.267,0.909,0.536,0.565,0.573,perlu_cek_manual,R_6045.jpg,Recyclable,ok
0.584,0.311,0.476,0.646,0.493,perlu_cek_manual,R_6046.jpg,Recyclable,ok
0.265,0.462,0.427,0.566,0.417,perlu_cek_manual,R_6048.jpg,Recyclable,ok
0.198,0.184,0.851,0.655,0.416,perlu_cek_manual,R_6049.jpg,Recyclable,ok
0.725,0.449,0.995,0.419,0.635,perlu_cek_manual,R_6052.jpg,Recyclable,ok
0.38,0.274,0.874,0.168,0.405,perlu_cek_manual,R_6054.jpg,Recyclable,ok
0.553,0.339,0.876,0.462,0.535,perlu_cek_manual,R_6057.jpg,Recyclable,ok
0.134,1.0,0.506,0.352,0.512,perlu_cek_manual,R_6059.jpg,Recyclable,ok
0.611,0.278,0.502,0.662,0.499,perlu_cek_manual,R_6060.jpg,Recyclable,ok
0.732,0.273,0.465,0.45,0.484,perlu_cek_manual,R_6064.jpg,Recyclable,ok
0.348,0.246,0.906,0.275,0.414,perlu_cek_manual,R_6069.jpg,Recyclable,ok
0.627,0.594,0.512,0.415,0.552,perlu_cek_manual,R_607.jpg,Recyclable,ok
0.124,0.496,0.239,0.624,0.359,perlu_cek_manual,R_6071.jpg,Recyclable,ok
0.672,0.222,0.886,0.463,0.538,perlu_cek_manual,R_6073.jpg,Recyclable,ok
0.505,0.0,0.914,0.363,0.407,perlu_cek_manual,R_6075.jpg,Recyclable,ok
0.891,0.212,0.758,0.498,0.582,perlu_cek_manual,R_6078.jpg,Recyclable,ok
0.666,0.321,0.879,0.57,0.586,perlu_cek_manual,R_6084.jpg,Recyclable,ok
1.0,0.261,0.938,0.415,0.649,perlu_cek_manual,R_6086.jpg,Recyclable,ok
0.432,0.064,0.794,0.463,0.4,perlu_cek_manual,R_6088.jpg,Recyclable,ok
0.819,0.37,0.82,0.377,0.596,perlu_cek_manual,R_609.jpg,Recyclable,ok
0.189,0.646,0.41,0.452,0.423,perlu_cek_manual,R_6090.jpg,Recyclable,ok
1.0,0.0,0.934,0.415,0.57,perlu_cek_manual,R_6091.jpg,Recyclable,ok
0.196,0.543,0.873,0.45,0.486,perlu_cek_manual,R_6098.jpg,Recyclable,ok
0.216,0.636,0.876,0.361,0.503,perlu_cek_manual,R_6099.jpg,Recyclable,ok
0.562,0.369,0.869,0.441,0.541,perlu_cek_manual,R_6100.jpg,Recyclable,ok
0.798,0.414,0.641,0.623,0.617,perlu_cek_manual,R_6102.jpg,Recyclable,ok
0.587,0.753,0.947,0.167,0.625,perlu_cek_manual,R_6103.jpg,Recyclable,ok
0.922,0.492,0.47,0.522,0.623,perlu_cek_manual,R_611.jpg,Recyclable,ok
0.08,1.0,0.285,0.55,0.491,perlu_cek_manual,R_6112.jpg,Recyclable,ok
1.0,0.0,0.773,0.631,0.581,perlu_cek_manual,R_6113.jpg,Recyclable,ok
0.441,0.506,0.895,0.491,0.561,perlu_cek_manual,R_6119.jpg,Recyclable,ok
0.314,0.717,1.0,0.663,0.642,perlu_cek_manual,R_6120.jpg,Recyclable,ok
0.722,0.143,1.0,0.64,0.587,perlu_cek_manual,R_6123.jpg,Recyclable,ok
0.455,0.941,0.458,0.444,0.599,perlu_cek_manual,R_6126.jpg,Recyclable,ok
0.521,0.484,0.755,0.607,0.574,perlu_cek_manual,R_6129.jpg,Recyclable,ok
0.08,0.47,0.316,0.642,0.357,perlu_cek_manual,R_6130.jpg,Recyclable,ok
0.375,0.423,0.858,0.6,0.531,perlu_cek_manual,R_6133.jpg,Recyclable,ok
0.239,0.85,0.795,0.568,0.599,perlu_cek_manual,R_6136.jpg,Recyclable,ok
0.495,0.457,0.592,0.57,0.518,perlu_cek_manual,R_6137.jpg,Recyclable,ok
0.513,0.479,0.751,0.648,0.578,perlu_cek_manual,R_614.jpg,Recyclable,ok
0.226,0.437,0.809,0.618,0.484,perlu_cek_manual,R_6140.jpg,Recyclable,ok
0.64,0.0,0.91,0.387,0.451,perlu_cek_manual,R_6145.jpg,Recyclable,ok
0.666,0.304,0.947,0.499,0.58,perlu_cek_manual,R_6153.jpg,Recyclable,ok
1.0,0.0,0.709,0.616,0.565,perlu_cek_manual,R_6154.jpg,Recyclable,ok
0.911,0.449,0.677,0.511,0.646,perlu_cek_manual,R_6157.jpg,Recyclable,ok
0.504,0.301,0.42,0.441,0.414,perlu_cek_manual,R_616.jpg,Recyclable,ok
0.259,0.747,1.0,0.393,0.58,perlu_cek_manual,R_6160.jpg,Recyclable,ok
0.281,0.184,0.677,0.522,0.379,perlu_cek_manual,R_6161.jpg,Recyclable,ok
0.302,0.848,0.274,0.628,0.525,perlu_cek_manual,R_6164.jpg,Recyclable,ok
0.342,0.718,0.46,0.549,0.52,perlu_cek_manual,R_6165.jpg,Recyclable,ok
0.902,0.351,0.579,0.574,0.606,perlu_cek_manual,R_6166.jpg,Recyclable,ok
0.417,0.653,0.865,0.332,0.56,perlu_cek_manual,R_6168.jpg,Recyclable,ok
0.782,0.316,0.937,0.574,0.632,perlu_cek_manual,R_617.jpg,Recyclable,ok
0.612,0.398,0.939,0.512,0.593,perlu_cek_manual,R_6175.jpg,Recyclable,ok
0.522,0.711,0.528,0.618,0.599,perlu_cek_manual,R_6180.jpg,Recyclable,ok
0.699,0.456,0.616,0.611,0.592,perlu_cek_manual,R_6182.jpg,Recyclable,ok
0.597,0.344,0.542,0.673,0.525,perlu_cek_manual,R_6184.jpg,Recyclable,ok
0.235,0.154,0.821,0.406,0.362,perlu_cek_manual,R_6188.jpg,Recyclable,ok
0.39,0.62,0.93,0.575,0.604,perlu_cek_manual,R_6190.jpg,Recyclable,ok
0.503,0.188,0.269,0.659,0.393,perlu_cek_manual,R_6191.jpg,Recyclable,ok
0.636,0.784,0.593,0.459,0.636,perlu_cek_manual,R_6195.jpg,Recyclable,ok
0.13,0.148,1.0,0.464,0.376,perlu_cek_manual,R_6196.jpg,Recyclable,ok
0.99,0.0,0.96,0.415,0.572,perlu_cek_manual,R_6198.jpg,Recyclable,ok
0.793,0.456,0.563,0.408,0.569,perlu_cek_manual,R_6201.jpg,Recyclable,ok
0.238,0.424,0.289,0.572,0.371,perlu_cek_manual,R_6202.jpg,Recyclable,ok
0.669,0.49,0.921,0.352,0.602,perlu_cek_manual,R_6204.jpg,Recyclable,ok
0.295,0.158,0.88,0.577,0.427,perlu_cek_manual,R_6205.jpg,Recyclable,ok
0.613,0.291,0.804,0.386,0.509,perlu_cek_manual,R_6206.jpg,Recyclable,ok
1.0,0.41,0.785,0.328,0.646,perlu_cek_manual,R_6207.jpg,Recyclable,ok
0.659,0.0,0.574,0.563,0.425,perlu_cek_manual,R_6208.jpg,Recyclable,ok
0.634,0.265,0.432,0.605,0.477,perlu_cek_manual,R_6209.jpg,Recyclable,ok
0.348,0.326,0.651,0.335,0.399,perlu_cek_manual,R_621.jpg,Recyclable,ok
0.506,0.932,0.255,0.497,0.582,perlu_cek_manual,R_6216.jpg,Recyclable,ok
0.27,0.32,0.907,0.397,0.438,perlu_cek_manual,R_6217.jpg,Recyclable,ok
0.045,1.0,0.852,0.525,0.589,perlu_cek_manual,R_6222.jpg,Recyclable,ok
0.29,0.866,0.284,0.628,0.529,perlu_cek_manual,R_6223.jpg,Recyclable,ok
0.355,0.08,0.899,0.457,0.402,perlu_cek_manual,R_6225.jpg,Recyclable,ok
0.431,0.285,0.74,0.532,0.469,perlu_cek_manual,R_6237.jpg,Recyclable,ok
0.604,0.381,0.504,0.446,0.485,perlu_cek_manual,R_6238.jpg,Recyclable,ok
0.638,0.0,0.858,0.427,0.448,perlu_cek_manual,R_6240.jpg,Recyclable,ok
1.0,0.301,0.96,0.278,0.638,perlu_cek_manual,R_6242.jpg,Recyclable,ok
0.692,0.384,0.524,0.669,0.561,perlu_cek_manual,R_6245.jpg,Recyclable,ok
0.535,0.256,0.948,0.655,0.558,perlu_cek_manual,R_6247.jpg,Recyclable,ok
0.335,0.235,0.896,0.437,0.438,perlu_cek_manual,R_6252.jpg,Recyclable,ok
0.571,0.539,0.925,0.51,0.62,perlu_cek_manual,R_6254.jpg,Recyclable,ok
0.656,0.265,0.567,0.58,0.506,perlu_cek_manual,R_6258.jpg,Recyclable,ok
1.0,0.0,1.0,0.225,0.545,perlu_cek_manual,R_6260.jpg,Recyclable,ok
1.0,0.0,1.0,0.118,0.524,perlu_cek_manual,R_6269.jpg,Recyclable,ok
0.895,0.491,0.37,0.58,0.606,perlu_cek_manual,R_6274.jpg,Recyclable,ok
0.439,0.312,0.355,0.524,0.401,perlu_cek_manual,R_6277.jpg,Recyclable,ok
0.302,0.824,0.106,0.7,0.499,perlu_cek_manual,R_6284.jpg,Recyclable,ok
0.379,0.608,0.409,0.465,0.471,perlu_cek_manual,R_6285.jpg,Recyclable,ok
0.451,0.339,0.336,0.494,0.403,perlu_cek_manual,R_6286.jpg,Recyclable,ok
0.424,0.516,0.433,0.313,0.431,perlu_cek_manual,R_6289.jpg,Recyclable,ok
0.944,0.193,0.586,0.483,0.555,perlu_cek_manual,R_6292.jpg,Recyclable,ok
0.521,0.584,0.831,0.564,0.61,perlu_cek_manual,R_6293.jpg,Recyclable,ok
0.637,0.621,0.434,0.479,0.56,perlu_cek_manual,R_6297.jpg,Recyclable,ok
1.0,0.0,0.944,0.0,0.489,perlu_cek_manual,R_6301.jpg,Recyclable,ok
0.42,0.391,0.612,0.638,0.493,perlu_cek_manual,R_6304.jpg,Recyclable,ok
0.182,0.633,0.925,0.383,0.506,perlu_cek_manual,R_6305.jpg,Recyclable,ok
0.212,0.428,0.444,0.735,0.428,perlu_cek_manual,R_6308.jpg,Recyclable,ok
0.988,0.0,0.621,0.157,0.452,perlu_cek_manual,R_6309.jpg,Recyclable,ok
0.679,0.886,0.335,0.526,0.642,perlu_cek_manual,R_6311.jpg,Recyclable,ok
0.067,0.625,0.369,0.719,0.425,perlu_cek_manual,R_6316.jpg,Recyclable,ok
1.0,0.0,1.0,0.386,0.577,perlu_cek_manual,R_6322.jpg,Recyclable,ok
0.894,0.493,0.495,0.368,0.589,perlu_cek_manual,R_6325.jpg,Recyclable,ok
0.65,0.296,0.52,0.237,0.435,perlu_cek_manual,R_6328.jpg,Recyclable,ok
1.0,0.0,1.0,0.629,0.626,perlu_cek_manual,R_6331.jpg,Recyclable,ok
0.599,0.771,0.394,0.569,0.604,perlu_cek_manual,R_6332.jpg,Recyclable,ok
0.788,0.0,0.609,0.571,0.472,perlu_cek_manual,R_6333.jpg,Recyclable,ok
0.22,0.601,0.47,0.438,0.428,perlu_cek_manual,R_6334.jpg,Recyclable,ok
1.0,0.216,0.678,0.0,0.5,perlu_cek_manual,R_6336.jpg,Recyclable,ok
0.65,0.503,0.665,0.699,0.619,perlu_cek_manual,R_6339.jpg,Recyclable,ok
0.637,0.0,0.409,0.604,0.394,perlu_cek_manual,R_6340.jpg,Recyclable,ok
0.262,0.314,0.913,0.508,0.457,perlu_cek_manual,R_6343.jpg,Recyclable,ok
1.0,0.0,1.0,0.0,0.5,perlu_cek_manual,R_6349.jpg,Recyclable,ok
1.0,0.0,1.0,0.109,0.522,perlu_cek_manual,R_635.jpg,Recyclable,ok
0.297,0.247,0.866,0.612,0.459,perlu_cek_manual,R_6352.jpg,Recyclable,ok
1.0,0.0,1.0,0.636,0.627,perlu_cek_manual,R_6353.jpg,Recyclable,ok
0.254,0.804,0.31,0.371,0.454,perlu_cek_manual,R_6358.jpg,Recyclable,ok
0.719,0.202,1.0,0.557,0.588,perlu_cek_manual,R_6367.jpg,Recyclable,ok
0.817,0.537,0.614,0.483,0.626,perlu_cek_manual,R_6368.jpg,Recyclable,ok
0.474,0.391,0.447,0.268,0.403,perlu_cek_manual,R_6369.jpg,Recyclable,ok
0.917,0.0,1.0,0.095,0.494,perlu_cek_manual,R_637.jpg,Recyclable,ok
0.59,0.214,0.384,0.403,0.399,perlu_cek_manual,R_6370.jpg,Recyclable,ok
0.454,1.0,0.425,0.559,0.633,perlu_cek_manual,R_6373.jpg,Recyclable,ok
0.502,0.862,0.506,0.444,0.599,perlu_cek_manual,R_6375.jpg,Recyclable,ok
0.52,0.057,0.518,0.59,0.395,perlu_cek_manual,R_6377.jpg,Recyclable,ok
0.181,1.0,0.395,0.539,0.541,perlu_cek_manual,R_6378.jpg,Recyclable,ok
0.326,0.318,0.954,0.274,0.439,perlu_cek_manual,R_6379.jpg,Recyclable,ok
0.335,0.255,0.556,0.569,0.402,perlu_cek_manual,R_638.jpg,Recyclable,ok
0.36,0.42,0.27,0.535,0.395,perlu_cek_manual,R_6380.jpg,Recyclable,ok
0.472,1.0,0.411,0.587,0.641,perlu_cek_manual,R_6382.jpg,Recyclable,ok
1.0,0.0,1.0,0.023,0.505,perlu_cek_manual,R_6386.jpg,Recyclable,ok
0.392,0.227,0.275,0.576,0.356,perlu_cek_manual,R_6387.jpg,Recyclable,ok
0.208,0.686,0.118,0.38,0.368,perlu_cek_manual,R_6389.jpg,Recyclable,ok
0.985,0.282,0.917,0.118,0.587,perlu_cek_manual,R_639.jpg,Recyclable,ok
0.521,0.0,1.0,0.361,0.428,perlu_cek_manual,R_6390.jpg,Recyclable,ok
0.978,0.0,1.0,0.121,0.518,perlu_cek_manual,R_6391.jpg,Recyclable,ok
0.676,0.56,0.822,0.297,0.595,perlu_cek_manual,R_6394.jpg,Recyclable,ok
0.316,0.0,1.0,0.437,0.382,perlu_cek_manual,R_6396.jpg,Recyclable,ok
0.55,0.0,0.943,0.377,0.429,perlu_cek_manual,R_6398.jpg,Recyclable,ok
0.476,0.527,0.329,0.361,0.439,perlu_cek_manual,R_64.jpg,Recyclable,ok
0.578,0.0,0.922,0.554,0.468,perlu_cek_manual,R_640.jpg,Recyclable,ok
0.264,0.481,0.961,0.379,0.492,perlu_cek_manual,R_6403.jpg,Recyclable,ok
0.413,0.576,0.476,0.56,0.504,perlu_cek_manual,R_6404.jpg,Recyclable,ok
0.308,0.339,0.312,0.469,0.35,perlu_cek_manual,R_6405.jpg,Recyclable,ok
0.349,0.342,0.81,0.065,0.382,perlu_cek_manual,R_6408.jpg,Recyclable,ok
0.403,0.165,0.745,0.388,0.397,perlu_cek_manual,R_6410.jpg,Recyclable,ok
0.728,0.797,0.625,0.289,0.64,perlu_cek_manual,R_6416.jpg,Recyclable,ok
0.133,1.0,0.287,0.49,0.495,perlu_cek_manual,R_6417.jpg,Recyclable,ok
0.78,0.358,0.818,0.446,0.594,perlu_cek_manual,R_6423.jpg,Recyclable,ok
0.389,0.445,0.416,0.362,0.406,perlu_cek_manual,R_6426.jpg,Recyclable,ok
0.787,0.051,0.941,0.334,0.506,perlu_cek_manual,R_6433.jpg,Recyclable,ok
0.251,0.801,0.305,0.369,0.451,perlu_cek_manual,R_6437.jpg,Recyclable,ok
1.0,0.352,0.342,0.272,0.528,perlu_cek_manual,R_6440.jpg,Recyclable,ok
0.186,0.688,0.554,0.095,0.392,perlu_cek_manual,R_6442.jpg,Recyclable,ok
0.534,0.764,0.511,0.202,0.532,perlu_cek_manual,R_6443.jpg,Recyclable,ok
0.647,0.672,0.526,0.583,0.618,perlu_cek_manual,R_6447.jpg,Recyclable,ok
0.137,0.838,0.914,0.171,0.51,perlu_cek_manual,R_6450.jpg,Recyclable,ok
0.04,0.536,0.807,0.469,0.428,perlu_cek_manual,R_6462.jpg,Recyclable,ok
1.0,0.0,0.645,0.132,0.456,perlu_cek_manual,R_6463.jpg,Recyclable,ok
0.495,0.377,1.0,0.56,0.574,perlu_cek_manual,R_6467.jpg,Recyclable,ok
0.361,0.108,0.892,0.513,0.422,perlu_cek_manual,R_6472.jpg,Recyclable,ok
0.651,0.0,0.873,0.373,0.445,perlu_cek_manual,R_6475.jpg,Recyclable,ok
1.0,0.309,0.728,0.473,0.633,perlu_cek_manual,R_6477.jpg,Recyclable,ok
0.046,0.663,0.659,0.427,0.43,perlu_cek_manual,R_648.jpg,Recyclable,ok
0.463,0.0,0.588,0.527,0.362,perlu_cek_manual,R_6482.jpg,Recyclable,ok
0.238,1.0,0.921,0.092,0.574,perlu_cek_manual,R_6485.jpg,Recyclable,ok
0.948,0.0,0.825,0.206,0.491,perlu_cek_manual,R_6488.jpg,Recyclable,ok
0.502,0.502,0.664,0.001,0.434,perlu_cek_manual,R_6489.jpg,Recyclable,ok
0.384,0.262,0.423,0.422,0.363,perlu_cek_manual,R_6490.jpg,Recyclable,ok
0.178,0.279,0.821,0.463,0.394,perlu_cek_manual,R_6492.jpg,Recyclable,ok
0.386,0.463,0.281,0.616,0.434,perlu_cek_manual,R_6500.jpg,Recyclable,ok
1.0,0.552,0.673,0.0,0.6,perlu_cek_manual,R_6503.jpg,Recyclable,ok
0.528,0.659,0.741,0.026,0.51,perlu_cek_manual,R_6505.jpg,Recyclable,ok
0.253,0.513,0.708,0.502,0.472,perlu_cek_manual,R_6506.jpg,Recyclable,ok
0.583,0.374,0.812,0.261,0.502,perlu_cek_manual,R_6509.jpg,Recyclable,ok
0.571,0.604,0.955,0.021,0.547,perlu_cek_manual,R_651.jpg,Recyclable,ok
1.0,0.445,0.599,0.205,0.594,perlu_cek_manual,R_6515.jpg,Recyclable,ok
0.554,0.488,0.965,0.485,0.602,perlu_cek_manual,R_652.jpg,Recyclable,ok
0.549,0.878,0.692,0.025,0.571,perlu_cek_manual,R_6521.jpg,Recyclable,ok
0.495,0.0,0.836,0.517,0.419,perlu_cek_manual,R_6523.jpg,Recyclable,ok
0.345,0.667,1.0,0.62,0.628,perlu_cek_manual,R_6529.jpg,Recyclable,ok
0.477,0.406,0.612,0.427,0.473,perlu_cek_manual,R_6536.jpg,Recyclable,ok
0.351,0.266,0.835,0.294,0.411,perlu_cek_manual,R_6537.jpg,Recyclable,ok
0.487,0.672,0.551,0.238,0.505,perlu_cek_manual,R_654.jpg,Recyclable,ok
1.0,0.0,1.0,0.712,0.642,perlu_cek_manual,R_6540.jpg,Recyclable,ok
0.542,0.351,0.928,0.618,0.577,perlu_cek_manual,R_6543.jpg,Recyclable,ok
0.742,0.0,0.446,0.557,0.423,perlu_cek_manual,R_6544.jpg,Recyclable,ok
1.0,0.0,1.0,0.436,0.587,perlu_cek_manual,R_655.jpg,Recyclable,ok
0.218,0.408,0.308,0.531,0.356,perlu_cek_manual,R_6552.jpg,Recyclable,ok
1.0,0.028,0.98,0.392,0.583,perlu_cek_manual,R_6553.jpg,Recyclable,ok
0.377,0.59,0.554,0.451,0.491,perlu_cek_manual,R_6555.jpg,Recyclable,ok
0.206,0.386,0.369,0.518,0.355,perlu_cek_manual,R_6556.jpg,Recyclable,ok
1.0,0.0,1.0,0.564,0.613,perlu_cek_manual,R_6559.jpg,Recyclable,ok
0.712,0.445,0.548,0.656,0.588,perlu_cek_manual,R_656.jpg,Recyclable,ok
0.2,0.0,0.997,0.655,0.39,perlu_cek_manual,R_6561.jpg,Recyclable,ok
0.323,0.42,0.839,0.42,0.475,perlu_cek_manual,R_6565.jpg,Recyclable,ok
0.26,0.274,0.781,0.364,0.389,perlu_cek_manual,R_6567.jpg,Recyclable,ok
0.921,0.468,0.563,0.059,0.541,perlu_cek_manual,R_6569.jpg,Recyclable,ok
0.271,0.723,0.877,0.398,0.553,perlu_cek_manual,R_657.jpg,Recyclable,ok
0.506,0.179,1.0,0.69,0.544,perlu_cek_manual,R_6578.jpg,Recyclable,ok
1.0,0.0,0.677,0.619,0.559,perlu_cek_manual,R_6579.jpg,Recyclable,ok
0.346,0.46,0.893,0.208,0.462,perlu_cek_manual,R_658.jpg,Recyclable,ok
0.343,1.0,0.801,0.4,0.643,perlu_cek_manual,R_6583.jpg,Recyclable,ok
0.445,0.0,0.914,0.374,0.391,perlu_cek_manual,R_6584.jpg,Recyclable,ok
0.028,1.0,0.173,0.619,0.467,perlu_cek_manual,R_6585.jpg,Recyclable,ok
1.0,0.0,0.84,0.005,0.469,perlu_cek_manual,R_6587.jpg,Recyclable,ok
0.533,0.745,0.62,0.308,0.569,perlu_cek_manual,R_6589.jpg,Recyclable,ok
1.0,0.347,0.958,0.2,0.636,perlu_cek_manual,R_659.jpg,Recyclable,ok
0.398,0.237,0.518,0.368,0.368,perlu_cek_manual,R_6591.jpg,Recyclable,ok
0.364,0.881,0.684,0.6,0.63,perlu_cek_manual,R_6593.jpg,Recyclable,ok
0.224,0.683,0.925,0.066,0.471,perlu_cek_manual,R_660.jpg,Recyclable,ok
0.337,0.745,0.458,0.521,0.52,perlu_cek_manual,R_6601.jpg,Recyclable,ok
1.0,0.281,1.0,0.102,0.605,perlu_cek_manual,R_6605.jpg,Recyclable,ok
1.0,0.0,1.0,0.029,0.506,perlu_cek_manual,R_6609.jpg,Recyclable,ok
0.6,0.484,0.459,0.239,0.465,perlu_cek_manual,R_6611.jpg,Recyclable,ok
0.078,0.356,1.0,0.514,0.433,perlu_cek_manual,R_6615.jpg,Recyclable,ok
0.6,0.309,1.0,0.603,0.593,perlu_cek_manual,R_6618.jpg,Recyclable,ok
0.423,0.154,0.778,0.543,0.437,perlu_cek_manual,R_6619.jpg,Recyclable,ok
0.415,0.502,1.0,0.338,0.543,perlu_cek_manual,R_6622.jpg,Recyclable,ok
0.899,0.0,0.837,0.042,0.445,perlu_cek_manual,R_6626.jpg,Recyclable,ok
0.373,0.215,0.815,0.622,0.464,perlu_cek_manual,R_6628.jpg,Recyclable,ok
1.0,0.0,0.991,0.263,0.551,perlu_cek_manual,R_6632.jpg,Recyclable,ok
0.221,1.0,0.776,0.197,0.561,perlu_cek_manual,R_6638.jpg,Recyclable,ok
0.305,0.932,0.232,0.577,0.533,perlu_cek_manual,R_6639.jpg,Recyclable,ok
0.047,1.0,0.229,0.626,0.485,perlu_cek_manual,R_6643.jpg,Recyclable,ok
0.501,0.28,0.543,0.124,0.368,perlu_cek_manual,R_6646.jpg,Recyclable,ok
0.389,1.0,0.599,0.364,0.609,perlu_cek_manual,R_6648.jpg,Recyclable,ok
0.235,0.444,0.329,0.491,0.368,perlu_cek_manual,R_6653.jpg,Recyclable,ok
0.292,0.658,0.59,0.042,0.411,perlu_cek_manual,R_6654.jpg,Recyclable,ok
0.728,0.45,0.748,0.017,0.506,perlu_cek_manual,R_6655.jpg,Recyclable,ok
0.484,0.169,0.921,0.478,0.476,perlu_cek_manual,R_6656.jpg,Recyclable,ok
0.385,0.336,0.624,0.238,0.389,perlu_cek_manual,R_6658.jpg,Recyclable,ok
0.679,0.321,0.923,0.103,0.505,perlu_cek_manual,R_666.jpg,Recyclable,ok
1.0,0.0,0.763,0.708,0.594,perlu_cek_manual,R_6660.jpg,Recyclable,ok
0.511,0.463,0.798,0.318,0.515,perlu_cek_manual,R_6661.jpg,Recyclable,ok
0.508,0.639,0.785,0.441,0.589,perlu_cek_manual,R_6669.jpg,Recyclable,ok
0.789,0.461,1.0,0.069,0.589,perlu_cek_manual,R_6675.jpg,Recyclable,ok
0.625,0.632,0.812,0.121,0.564,perlu_cek_manual,R_6676.jpg,Recyclable,ok
0.478,0.574,0.543,0.259,0.476,perlu_cek_manual,R_6677.jpg,Recyclable,ok
0.679,0.152,0.53,0.548,0.465,perlu_cek_manual,R_6678.jpg,Recyclable,ok
0.46,0.222,0.86,0.409,0.458,perlu_cek_manual,R_668.jpg,Recyclable,ok
0.723,0.645,0.444,0.639,0.627,perlu_cek_manual,R_6681.jpg,Recyclable,ok
0.288,0.564,0.316,0.286,0.376,perlu_cek_manual,R_6683.jpg,Recyclable,ok
0.365,0.334,0.642,0.475,0.433,perlu_cek_manual,R_6688.jpg,Recyclable,ok
0.648,0.153,0.928,0.457,0.518,perlu_cek_manual,R_669.jpg,Recyclable,ok
0.6,0.823,0.311,0.307,0.551,perlu_cek_manual,R_6692.jpg,Recyclable,ok
0.942,0.274,0.731,0.549,0.621,perlu_cek_manual,R_6693.jpg,Recyclable,ok
0.496,0.0,1.0,0.467,0.442,perlu_cek_manual,R_6694.jpg,Recyclable,ok
1.0,0.0,1.0,0.749,0.65,perlu_cek_manual,R_6695.jpg,Recyclable,ok
1.0,0.087,1.0,0.44,0.614,perlu_cek_manual,R_6696.jpg,Recyclable,ok
1.0,0.556,0.753,0.016,0.621,perlu_cek_manual,R_6698.jpg,Recyclable,ok
0.538,0.0,1.0,0.023,0.366,perlu_cek_manual,R_6707.jpg,Recyclable,ok
0.139,0.314,0.751,0.472,0.38,perlu_cek_manual,R_6708.jpg,Recyclable,ok
0.832,0.546,0.404,0.483,0.591,perlu_cek_manual,R_671.jpg,Recyclable,ok
0.418,0.342,0.316,0.394,0.37,perlu_cek_manual,R_6716.jpg,Recyclable,ok
0.491,0.647,0.691,0.317,0.543,perlu_cek_manual,R_6717.jpg,Recyclable,ok
0.688,0.357,0.971,0.398,0.587,perlu_cek_manual,R_6719.jpg,Recyclable,ok
0.386,0.325,0.444,0.561,0.414,perlu_cek_manual,R_6721.jpg,Recyclable,ok
0.606,0.665,0.808,0.535,0.65,perlu_cek_manual,R_6722.jpg,Recyclable,ok
1.0,0.383,0.694,0.386,0.631,perlu_cek_manual,R_6723.jpg,Recyclable,ok
0.639,0.409,0.733,0.487,0.558,perlu_cek_manual,R_6724.jpg,Recyclable,ok
0.85,0.37,0.418,0.565,0.563,perlu_cek_manual,R_6725.jpg,Recyclable,ok
0.466,0.275,1.0,0.395,0.501,perlu_cek_manual,R_6727.jpg,Recyclable,ok
0.525,0.414,0.367,0.605,0.476,perlu_cek_manual,R_673.jpg,Recyclable,ok
0.474,0.492,0.683,0.017,0.43,perlu_cek_manual,R_6731.jpg,Recyclable,ok
0.316,0.553,0.359,0.505,0.434,perlu_cek_manual,R_6734.jpg,Recyclable,ok
0.436,0.0,1.0,0.351,0.401,perlu_cek_manual,R_6741.jpg,Recyclable,ok
0.658,0.353,0.869,0.387,0.555,perlu_cek_manual,R_6746.jpg,Recyclable,ok
0.317,0.0,0.956,0.537,0.394,perlu_cek_manual,R_6749.jpg,Recyclable,ok
0.247,0.564,0.514,0.319,0.41,perlu_cek_manual,R_6750.jpg,Recyclable,ok
0.51,0.659,1.0,0.459,0.643,perlu_cek_manual,R_6751.jpg,Recyclable,ok
0.036,1.0,0.344,0.164,0.412,perlu_cek_manual,R_6752.jpg,Recyclable,ok
0.55,0.289,1.0,0.48,0.548,perlu_cek_manual,R_6754.jpg,Recyclable,ok
0.375,0.474,0.442,0.513,0.446,perlu_cek_manual,R_6755.jpg,Recyclable,ok
1.0,0.0,1.0,0.017,0.503,perlu_cek_manual,R_6757.jpg,Recyclable,ok
0.659,0.501,0.488,0.553,0.556,perlu_cek_manual,R_6758.jpg,Recyclable,ok
0.215,0.4,0.542,0.477,0.388,perlu_cek_manual,R_6762.jpg,Recyclable,ok
0.491,0.451,1.0,0.562,0.595,perlu_cek_manual,R_6766.jpg,Recyclable,ok
0.671,0.434,0.425,0.319,0.48,perlu_cek_manual,R_6767.jpg,Recyclable,ok
0.843,0.0,0.684,0.677,0.525,perlu_cek_manual,R_6771.jpg,Recyclable,ok
0.167,0.76,0.884,0.302,0.515,perlu_cek_manual,R_6772.jpg,Recyclable,ok
0.218,0.598,0.554,0.407,0.437,perlu_cek_manual,R_6782.jpg,Recyclable,ok
0.163,1.0,0.379,0.535,0.532,perlu_cek_manual,R_6784.jpg,Recyclable,ok
0.587,0.2,1.0,0.42,0.52,perlu_cek_manual,R_6786.jpg,Recyclable,ok
0.322,0.319,0.425,0.456,0.369,perlu_cek_manual,R_679.jpg,Recyclable,ok
0.671,0.471,0.559,0.439,0.542,perlu_cek_manual,R_6795.jpg,Recyclable,ok
0.195,1.0,0.817,0.297,0.581,perlu_cek_manual,R_6798.jpg,Recyclable,ok
0.015,1.0,0.087,0.547,0.431,perlu_cek_manual,R_6799.jpg,Recyclable,ok
0.162,0.218,0.872,0.389,0.366,perlu_cek_manual,R_680.jpg,Recyclable,ok
0.897,0.0,0.829,0.695,0.574,perlu_cek_manual,R_6802.jpg,Recyclable,ok
0.29,0.396,0.579,0.517,0.425,perlu_cek_manual,R_6804.jpg,Recyclable,ok
0.675,0.0,0.95,0.309,0.454,perlu_cek_manual,R_6811.jpg,Recyclable,ok
1.0,0.307,0.76,0.218,0.588,perlu_cek_manual,R_6813.jpg,Recyclable,ok
0.974,0.478,0.497,0.508,0.636,perlu_cek_manual,R_6818.jpg,Recyclable,ok
0.334,0.375,0.643,0.392,0.42,perlu_cek_manual,R_682.jpg,Recyclable,ok
0.091,0.486,0.791,0.467,0.425,perlu_cek_manual,R_6822.jpg,Recyclable,ok
1.0,0.212,1.0,0.413,0.646,perlu_cek_manual,R_6825.jpg,Recyclable,ok
1.0,0.0,0.727,0.641,0.574,perlu_cek_manual,R_6827.jpg,Recyclable,ok
0.789,0.143,0.698,0.26,0.471,perlu_cek_manual,R_6828.jpg,Recyclable,ok
1.0,0.232,0.911,0.443,0.641,perlu_cek_manual,R_683.jpg,Recyclable,ok
1.0,0.352,0.833,0.238,0.62,perlu_cek_manual,R_6837.jpg,Recyclable,ok
1.0,0.0,0.993,0.47,0.592,perlu_cek_manual,R_6839.jpg,Recyclable,ok
0.356,0.666,0.754,0.443,0.546,perlu_cek_manual,R_6840.jpg,Recyclable,ok
0.458,0.337,0.558,0.591,0.468,perlu_cek_manual,R_6841.jpg,Recyclable,ok
0.169,0.134,0.841,0.493,0.358,perlu_cek_manual,R_6843.jpg,Recyclable,ok
0.429,0.401,0.583,0.444,0.454,perlu_cek_manual,R_6844.jpg,Recyclable,ok
0.294,0.963,0.572,0.532,0.598,perlu_cek_manual,R_6847.jpg,Recyclable,ok
0.214,0.665,0.367,0.654,0.468,perlu_cek_manual,R_6848.jpg,Recyclable,ok
0.343,0.392,0.974,0.596,0.534,perlu_cek_manual,R_6856.jpg,Recyclable,ok
0.06,0.71,1.0,0.579,0.547,perlu_cek_manual,R_6858.jpg,Recyclable,ok
0.574,0.722,0.38,0.463,0.558,perlu_cek_manual,R_6863.jpg,Recyclable,ok
0.374,0.183,0.67,0.617,0.425,perlu_cek_manual,R_6865.jpg,Recyclable,ok
1.0,0.265,0.516,0.504,0.583,perlu_cek_manual,R_6868.jpg,Recyclable,ok
0.57,0.386,0.794,0.525,0.551,perlu_cek_manual,R_6869.jpg,Recyclable,ok
1.0,0.17,0.792,0.285,0.567,perlu_cek_manual,R_6870.jpg,Recyclable,ok
0.597,0.529,0.314,0.551,0.511,perlu_cek_manual,R_6871.jpg,Recyclable,ok
0.29,0.096,0.577,0.601,0.351,perlu_cek_manual,R_6872.jpg,Recyclable,ok
0.571,0.0,0.814,0.131,0.36,perlu_cek_manual,R_6873.jpg,Recyclable,ok
0.877,0.0,0.842,0.285,0.488,perlu_cek_manual,R_6874.jpg,Recyclable,ok
0.185,1.0,0.496,0.495,0.554,perlu_cek_manual,R_6879.jpg,Recyclable,ok
0.662,0.356,0.444,0.67,0.528,perlu_cek_manual,R_6881.jpg,Recyclable,ok
0.524,0.428,0.666,0.458,0.51,perlu_cek_manual,R_6883.jpg,Recyclable,ok
0.284,0.189,0.761,0.427,0.38,perlu_cek_manual,R_6888.jpg,Recyclable,ok
0.454,0.348,0.429,0.533,0.433,perlu_cek_manual,R_6891.jpg,Recyclable,ok
0.774,0.539,0.792,0.458,0.644,perlu_cek_manual,R_6896.jpg,Recyclable,ok
0.771,0.0,0.356,0.391,0.381,perlu_cek_manual,R_6899.jpg,Recyclable,ok
0.817,0.512,0.667,0.347,0.602,perlu_cek_manual,R_6903.jpg,Recyclable,ok
1.0,0.0,0.493,0.653,0.529,perlu_cek_manual,R_6907.jpg,Recyclable,ok
0.508,1.0,0.839,0.128,0.646,perlu_cek_manual,R_6909.jpg,Recyclable,ok
0.366,0.273,0.929,0.351,0.448,perlu_cek_manual,R_6914.jpg,Recyclable,ok
0.138,0.69,0.338,0.541,0.424,perlu_cek_manual,R_6917.jpg,Recyclable,ok
0.329,0.0,0.841,0.423,0.352,perlu_cek_manual,R_6919.jpg,Recyclable,ok
0.36,0.527,0.93,0.396,0.531,perlu_cek_manual,R_692.jpg,Recyclable,ok
0.479,0.51,0.663,0.612,0.552,perlu_cek_manual,R_6922.jpg,Recyclable,ok
0.68,0.485,0.405,0.597,0.55,perlu_cek_manual,R_6929.jpg,Recyclable,ok
0.282,0.227,0.861,0.524,0.43,perlu_cek_manual,R_693.jpg,Recyclable,ok
0.255,0.426,0.288,0.537,0.369,perlu_cek_manual,R_6939.jpg,Recyclable,ok
0.538,0.895,0.494,0.526,0.634,perlu_cek_manual,R_6949.jpg,Recyclable,ok
1.0,0.231,0.961,0.362,0.634,perlu_cek_manual,R_6952.jpg,Recyclable,ok
1.0,0.0,0.947,0.543,0.598,perlu_cek_manual,R_6954.jpg,Recyclable,ok
0.708,0.128,0.934,0.543,0.546,perlu_cek_manual,R_6957.jpg,Recyclable,ok
0.682,0.698,0.749,0.18,0.6,perlu_cek_manual,R_696.jpg,Recyclable,ok
0.381,0.403,0.339,0.37,0.377,perlu_cek_manual,R_6961.jpg,Recyclable,ok
0.366,0.134,0.877,0.421,0.409,perlu_cek_manual,R_697.jpg,Recyclable,ok
0.605,0.586,0.556,0.497,0.568,perlu_cek_manual,R_6971.jpg,Recyclable,ok
0.421,0.577,0.449,0.514,0.492,perlu_cek_manual,R_6972.jpg,Recyclable,ok
0.833,0.134,0.974,0.44,0.573,perlu_cek_manual,R_6978.jpg,Recyclable,ok
0.18,0.974,0.238,0.498,0.493,perlu_cek_manual,R_6981.jpg,Recyclable,ok
0.455,0.583,0.429,0.492,0.495,perlu_cek_manual,R_6983.jpg,Recyclable,ok
0.399,0.168,0.8,0.198,0.37,perlu_cek_manual,R_6991.jpg,Recyclable,ok
0.577,0.336,0.378,0.462,0.442,perlu_cek_manual,R_6992.jpg,Recyclable,ok
0.085,0.679,0.295,0.414,0.371,perlu_cek_manual,R_6997.jpg,Recyclable,ok
0.338,0.426,0.326,0.549,0.404,perlu_cek_manual,R_6998.jpg,Recyclable,ok
0.528,0.541,0.687,0.422,0.542,perlu_cek_manual,R_70.jpg,Recyclable,ok
1.0,0.358,0.749,0.348,0.627,perlu_cek_manual,R_700.jpg,Recyclable,ok
0.3,1.0,0.616,0.488,0.611,perlu_cek_manual,R_7006.jpg,Recyclable,ok
0.532,0.423,0.52,0.385,0.467,perlu_cek_manual,R_7011.jpg,Recyclable,ok
0.914,0.542,0.711,0.211,0.621,perlu_cek_manual,R_7014.jpg,Recyclable,ok
0.555,0.479,0.453,0.58,0.517,perlu_cek_manual,R_7015.jpg,Recyclable,ok
0.801,0.223,0.429,0.273,0.448,perlu_cek_manual,R_7019.jpg,Recyclable,ok
0.413,0.863,0.556,0.521,0.598,perlu_cek_manual,R_7020.jpg,Recyclable,ok
0.406,0.341,0.888,0.145,0.431,perlu_cek_manual,R_7022.jpg,Recyclable,ok
0.212,0.605,0.332,0.313,0.374,perlu_cek_manual,R_7023.jpg,Recyclable,ok
0.378,0.978,0.347,0.59,0.594,perlu_cek_manual,R_7024.jpg,Recyclable,ok
0.461,0.293,0.388,0.484,0.401,perlu_cek_manual,R_7025.jpg,Recyclable,ok
0.341,0.638,0.345,0.596,0.482,perlu_cek_manual,R_7026.jpg,Recyclable,ok
0.358,0.39,0.339,0.507,0.394,perlu_cek_manual,R_7028.jpg,Recyclable,ok
0.395,1.0,0.481,0.536,0.622,perlu_cek_manual,R_7029.jpg,Recyclable,ok
0.698,0.356,0.813,0.172,0.513,perlu_cek_manual,R_7033.jpg,Recyclable,ok
0.134,0.309,0.78,0.424,0.374,perlu_cek_manual,R_7039.jpg,Recyclable,ok
1.0,0.252,0.927,0.424,0.646,perlu_cek_manual,R_704.jpg,Recyclable,ok
0.306,0.698,0.69,0.432,0.525,perlu_cek_manual,R_7041.jpg,Recyclable,ok
1.0,0.15,1.0,0.482,0.641,perlu_cek_manual,R_7047.jpg,Recyclable,ok
0.011,1.0,0.324,0.366,0.441,perlu_cek_manual,R_7053.jpg,Recyclable,ok
0.328,0.361,0.444,0.277,0.351,perlu_cek_manual,R_7057.jpg,Recyclable,ok
1.0,0.298,0.47,0.4,0.563,perlu_cek_manual,R_7059.jpg,Recyclable,ok
1.0,0.0,1.0,0.337,0.567,perlu_cek_manual,R_7061.jpg,Recyclable,ok
0.889,0.578,0.741,0.161,0.62,perlu_cek_manual,R_7065.jpg,Recyclable,ok
0.956,0.0,0.952,0.258,0.529,perlu_cek_manual,R_7071.jpg,Recyclable,ok
0.186,1.0,0.308,0.633,0.544,perlu_cek_manual,R_7077.jpg,Recyclable,ok
1.0,0.0,1.0,0.147,0.529,perlu_cek_manual,R_7081.jpg,Recyclable,ok
0.312,0.362,0.411,0.498,0.384,perlu_cek_manual,R_7082.jpg,Recyclable,ok
0.541,0.39,0.474,0.426,0.459,perlu_cek_manual,R_7083.jpg,Recyclable,ok
0.299,0.366,0.313,0.599,0.382,perlu_cek_manual,R_7085.jpg,Recyclable,ok
0.471,0.518,0.523,0.424,0.486,perlu_cek_manual,R_7088.jpg,Recyclable,ok
0.306,0.094,0.789,0.389,0.356,perlu_cek_manual,R_7089.jpg,Recyclable,ok
0.179,0.619,0.384,0.42,0.4,perlu_cek_manual,R_7094.jpg,Recyclable,ok
0.239,0.409,0.507,0.643,0.424,perlu_cek_manual,R_7096.jpg,Recyclable,ok
0.365,0.282,0.368,0.6,0.388,perlu_cek_manual,R_7097.jpg,Recyclable,ok
0.206,0.576,0.661,0.449,0.457,perlu_cek_manual,R_7098.jpg,Recyclable,ok
0.025,1.0,0.385,0.321,0.449,perlu_cek_manual,R_7099.jpg,Recyclable,ok
0.448,0.0,0.826,0.31,0.362,perlu_cek_manual,R_71.jpg,Recyclable,ok
0.566,0.38,0.647,0.569,0.527,perlu_cek_manual,R_7104.jpg,Recyclable,ok
0.049,0.856,0.55,0.172,0.416,perlu_cek_manual,R_7105.jpg,Recyclable,ok
0.491,0.232,0.351,0.654,0.418,perlu_cek_manual,R_7110.jpg,Recyclable,ok
0.589,0.268,0.41,0.434,0.426,perlu_cek_manual,R_7114.jpg,Recyclable,ok
0.462,0.534,0.917,0.274,0.537,perlu_cek_manual,R_7118.jpg,Recyclable,ok
0.061,1.0,0.359,0.467,0.483,perlu_cek_manual,R_7119.jpg,Recyclable,ok
0.268,0.16,0.848,0.478,0.394,perlu_cek_manual,R_7120.jpg,Recyclable,ok
0.536,0.0,0.78,0.238,0.364,perlu_cek_manual,R_7123.jpg,Recyclable,ok
0.079,1.0,0.59,0.327,0.507,perlu_cek_manual,R_7126.jpg,Recyclable,ok
0.559,0.326,0.431,0.495,0.451,perlu_cek_manual,R_7127.jpg,Recyclable,ok
0.176,0.59,0.366,0.526,0.408,perlu_cek_manual,R_7128.jpg,Recyclable,ok
0.191,0.624,0.353,0.319,0.379,perlu_cek_manual,R_7133.jpg,Recyclable,ok
0.648,0.003,0.928,0.369,0.455,perlu_cek_manual,R_7134.jpg,Recyclable,ok
0.504,0.48,0.649,0.52,0.529,perlu_cek_manual,R_7139.jpg,Recyclable,ok
0.802,0.455,0.78,0.501,0.633,perlu_cek_manual,R_714.jpg,Recyclable,ok
0.384,0.381,0.42,0.488,0.411,perlu_cek_manual,R_7142.jpg,Recyclable,ok
0.075,1.0,0.495,0.296,0.481,perlu_cek_manual,R_7143.jpg,Recyclable,ok
0.32,0.385,0.818,0.286,0.432,perlu_cek_manual,R_7145.jpg,Recyclable,ok
0.687,0.0,0.794,0.421,0.449,perlu_cek_manual,R_7159.jpg,Recyclable,ok
0.448,0.625,0.515,0.53,0.531,perlu_cek_manual,R_7160.jpg,Recyclable,ok
0.583,0.386,0.733,0.431,0.523,perlu_cek_manual,R_7166.jpg,Recyclable,ok
0.178,0.306,0.651,0.466,0.369,perlu_cek_manual,R_7169.jpg,Recyclable,ok
0.55,0.31,0.372,0.549,0.442,perlu_cek_manual,R_717.jpg,Recyclable,ok
1.0,0.0,1.0,0.622,0.624,perlu_cek_manual,R_7172.jpg,Recyclable,ok
0.402,1.0,0.578,0.445,0.625,perlu_cek_manual,R_7176.jpg,Recyclable,ok
0.349,0.979,0.602,0.571,0.633,perlu_cek_manual,R_7179.jpg,Recyclable,ok
0.281,0.505,0.265,0.421,0.373,perlu_cek_manual,R_718.jpg,Recyclable,ok
0.25,0.125,0.674,0.522,0.352,perlu_cek_manual,R_7180.jpg,Recyclable,ok
0.622,0.706,0.577,0.455,0.605,perlu_cek_manual,R_7184.jpg,Recyclable,ok
1.0,0.304,0.552,0.221,0.546,perlu_cek_manual,R_7187.jpg,Recyclable,ok
0.703,0.573,0.932,0.0,0.569,perlu_cek_manual,R_7188.jpg,Recyclable,ok
0.621,0.629,0.396,0.563,0.567,perlu_cek_manual,R_7194.jpg,Recyclable,ok
0.268,0.165,0.877,0.451,0.395,perlu_cek_manual,R_7195.jpg,Recyclable,ok
0.497,0.216,0.339,0.524,0.387,perlu_cek_manual,R_7202.jpg,Recyclable,ok
0.522,0.714,0.88,0.483,0.643,perlu_cek_manual,R_7206.jpg,Recyclable,ok
0.469,0.353,0.501,0.35,0.417,perlu_cek_manual,R_7208.jpg,Recyclable,ok
0.831,0.468,0.633,0.549,0.626,perlu_cek_manual,R_7210.jpg,Recyclable,ok
0.699,0.823,0.929,0.0,0.642,perlu_cek_manual,R_7212.jpg,Recyclable,ok
0.612,0.521,0.871,0.438,0.601,perlu_cek_manual,R_7215.jpg,Recyclable,ok
0.367,0.59,0.325,0.555,0.463,perlu_cek_manual,R_7217.jpg,Recyclable,ok
0.897,0.329,0.68,0.371,0.578,perlu_cek_manual,R_7218.jpg,Recyclable,ok
0.289,0.347,0.785,0.586,0.465,perlu_cek_manual,R_7219.jpg,Recyclable,ok
0.522,0.113,0.834,0.502,0.457,perlu_cek_manual,R_7221.jpg,Recyclable,ok
0.531,0.305,0.541,0.351,0.429,perlu_cek_manual,R_7226.jpg,Recyclable,ok
0.825,0.557,0.957,0.172,0.64,perlu_cek_manual,R_723.jpg,Recyclable,ok
0.803,0.295,0.985,0.521,0.631,perlu_cek_manual,R_7230.jpg,Recyclable,ok
0.25,0.553,0.284,0.491,0.396,perlu_cek_manual,R_7231.jpg,Recyclable,ok
1.0,0.0,0.906,0.502,0.582,perlu_cek_manual,R_7234.jpg,Recyclable,ok
0.19,0.164,0.81,0.591,0.386,perlu_cek_manual,R_7235.jpg,Recyclable,ok
0.682,0.687,0.742,0.262,0.611,perlu_cek_manual,R_7237.jpg,Recyclable,ok
0.368,0.739,0.869,0.441,0.594,perlu_cek_manual,R_7245.jpg,Recyclable,ok
0.464,0.475,0.935,0.416,0.552,perlu_cek_manual,R_7246.jpg,Recyclable,ok
0.411,0.543,0.891,0.28,0.521,perlu_cek_manual,R_7251.jpg,Recyclable,ok
0.403,0.702,0.884,0.482,0.605,perlu_cek_manual,R_7257.jpg,Recyclable,ok
1.0,0.328,0.972,0.104,0.614,perlu_cek_manual,R_726.jpg,Recyclable,ok
0.683,0.491,0.83,0.465,0.611,perlu_cek_manual,R_7260.jpg,Recyclable,ok
0.078,0.424,0.724,0.691,0.434,perlu_cek_manual,R_7263.jpg,Recyclable,ok
0.576,0.59,0.909,0.46,0.623,perlu_cek_manual,R_7269.jpg,Recyclable,ok
0.328,0.233,0.827,0.298,0.393,perlu_cek_manual,R_727.jpg,Recyclable,ok
0.439,0.502,0.832,0.548,0.558,perlu_cek_manual,R_7270.jpg,Recyclable,ok
0.362,0.554,0.769,0.176,0.464,perlu_cek_manual,R_7290.jpg,Recyclable,ok
0.201,0.448,0.729,0.803,0.501,perlu_cek_manual,R_7293.jpg,Recyclable,ok
0.531,0.482,0.861,0.354,0.547,perlu_cek_manual,R_7295.jpg,Recyclable,ok
0.599,0.75,0.711,0.367,0.62,perlu_cek_manual,R_7296.jpg,Recyclable,ok
0.294,0.581,0.447,0.538,0.46,perlu_cek_manual,R_73.jpg,Recyclable,ok
0.489,0.703,0.897,0.483,0.634,perlu_cek_manual,R_7303.jpg,Recyclable,ok
0.355,0.0,0.702,0.603,0.367,perlu_cek_manual,R_7305.jpg,Recyclable,ok
0.263,0.392,0.253,0.566,0.36,perlu_cek_manual,R_731.jpg,Recyclable,ok
0.383,0.0,0.894,0.344,0.362,perlu_cek_manual,R_7311.jpg,Recyclable,ok
0.758,0.431,0.76,0.325,0.574,perlu_cek_manual,R_7312.jpg,Recyclable,ok
0.348,0.844,0.883,0.258,0.586,perlu_cek_manual,R_7314.jpg,Recyclable,ok
0.489,0.523,0.849,0.146,0.503,perlu_cek_manual,R_7325.jpg,Recyclable,ok
0.567,0.616,0.882,0.192,0.57,perlu_cek_manual,R_7329.jpg,Recyclable,ok
0.461,0.691,0.918,0.435,0.616,perlu_cek_manual,R_7332.jpg,Recyclable,ok
0.481,0.513,0.732,0.77,0.599,perlu_cek_manual,R_7335.jpg,Recyclable,ok
0.583,0.0,1.0,0.225,0.42,perlu_cek_manual,R_7345.jpg,Recyclable,ok
1.0,0.37,0.612,0.424,0.618,perlu_cek_manual,R_7355.jpg,Recyclable,ok
0.799,0.52,0.727,0.342,0.609,perlu_cek_manual,R_7362.jpg,Recyclable,ok
0.988,0.0,0.974,0.404,0.572,perlu_cek_manual,R_7363.jpg,Recyclable,ok
0.854,0.546,0.697,0.16,0.592,perlu_cek_manual,R_7369.jpg,Recyclable,ok
0.957,0.242,0.9,0.436,0.627,perlu_cek_manual,R_7372.jpg,Recyclable,ok
0.536,0.656,0.859,0.399,0.609,perlu_cek_manual,R_7373.jpg,Recyclable,ok
0.271,0.605,0.892,0.194,0.48,perlu_cek_manual,R_7374.jpg,Recyclable,ok
0.494,0.216,0.436,0.654,0.431,perlu_cek_manual,R_7375.jpg,Recyclable,ok
0.757,0.38,0.868,0.477,0.61,perlu_cek_manual,R_7379.jpg,Recyclable,ok
0.663,0.608,0.928,0.295,0.626,perlu_cek_manual,R_7380.jpg,Recyclable,ok
0.36,0.34,0.869,0.376,0.459,perlu_cek_manual,R_7381.jpg,Recyclable,ok
0.502,0.712,0.806,0.381,0.601,perlu_cek_manual,R_7382.jpg,Recyclable,ok
0.819,0.521,0.553,0.372,0.587,perlu_cek_manual,R_7385.jpg,Recyclable,ok
1.0,0.0,1.0,0.682,0.636,perlu_cek_manual,R_739.jpg,Recyclable,ok
0.332,0.564,0.86,0.331,0.507,perlu_cek_manual,R_7391.jpg,Recyclable,ok
0.312,0.357,0.468,0.535,0.401,perlu_cek_manual,R_7393.jpg,Recyclable,ok
0.472,0.406,0.578,0.438,0.467,perlu_cek_manual,R_7394.jpg,Recyclable,ok
0.307,0.252,0.844,0.509,0.438,perlu_cek_manual,R_7397.jpg,Recyclable,ok
0.691,0.475,0.789,0.423,0.592,perlu_cek_manual,R_7401.jpg,Recyclable,ok
1.0,0.187,0.995,0.086,0.572,perlu_cek_manual,R_741.jpg,Recyclable,ok
0.317,0.272,0.913,0.745,0.508,perlu_cek_manual,R_7413.jpg,Recyclable,ok
0.949,0.429,0.572,0.597,0.647,perlu_cek_manual,R_7420.jpg,Recyclable,ok
0.473,0.681,0.982,0.489,0.64,perlu_cek_manual,R_7430.jpg,Recyclable,ok
0.274,0.954,0.865,0.444,0.63,perlu_cek_manual,R_7431.jpg,Recyclable,ok
0.429,0.37,0.933,0.639,0.554,perlu_cek_manual,R_7435.jpg,Recyclable,ok
0.391,0.5,0.868,0.465,0.534,perlu_cek_manual,R_7440.jpg,Recyclable,ok
0.454,0.0,0.939,0.46,0.416,perlu_cek_manual,R_7451.jpg,Recyclable,ok
0.672,0.658,0.752,0.274,0.604,perlu_cek_manual,R_7452.jpg,Recyclable,ok
0.479,0.641,0.602,0.441,0.545,perlu_cek_manual,R_7455.jpg,Recyclable,ok
0.732,0.35,0.622,0.456,0.54,perlu_cek_manual,R_7457.jpg,Recyclable,ok
0.633,0.577,0.782,0.504,0.62,perlu_cek_manual,R_746.jpg,Recyclable,ok
0.722,0.347,1.0,0.546,0.63,perlu_cek_manual,R_7460.jpg,Recyclable,ok
0.992,0.274,0.645,0.31,0.571,perlu_cek_manual,R_7462.jpg,Recyclable,ok
0.545,0.808,0.494,0.253,0.555,perlu_cek_manual,R_747.jpg,Recyclable,ok
0.368,0.502,0.69,0.294,0.458,perlu_cek_manual,R_7470.jpg,Recyclable,ok
0.822,0.529,0.722,0.449,0.639,perlu_cek_manual,R_7474.jpg,Recyclable,ok
0.414,0.389,0.681,0.507,0.479,perlu_cek_manual,R_7480.jpg,Recyclable,ok
0.52,0.518,0.887,0.304,0.549,perlu_cek_manual,R_7488.jpg,Recyclable,ok
0.241,0.436,0.247,0.517,0.356,perlu_cek_manual,R_749.jpg,Recyclable,ok
0.482,0.654,0.842,0.261,0.561,perlu_cek_manual,R_7491.jpg,Recyclable,ok
0.5,0.853,0.896,0.216,0.628,perlu_cek_manual,R_7493.jpg,Recyclable,ok
0.542,0.465,0.851,0.377,0.548,perlu_cek_manual,R_7495.jpg,Recyclable,ok
0.349,0.786,0.903,0.286,0.578,perlu_cek_manual,R_7499.jpg,Recyclable,ok
0.722,0.121,0.965,0.192,0.484,perlu_cek_manual,R_75.jpg,Recyclable,ok
0.734,0.198,0.26,0.41,0.414,perlu_cek_manual,R_750.jpg,Recyclable,ok
0.729,0.427,0.605,0.507,0.569,perlu_cek_manual,R_7500.jpg,Recyclable,ok
0.372,0.512,0.896,0.321,0.508,perlu_cek_manual,R_7501.jpg,Recyclable,ok
0.828,0.086,0.28,0.418,0.414,perlu_cek_manual,R_7502.jpg,Recyclable,ok
0.567,0.675,0.525,0.427,0.563,perlu_cek_manual,R_7504.jpg,Recyclable,ok
0.589,0.581,0.67,0.409,0.567,perlu_cek_manual,R_7515.jpg,Recyclable,ok
0.883,0.528,0.786,0.256,0.632,perlu_cek_manual,R_7517.jpg,Recyclable,ok
0.37,0.739,0.276,0.617,0.511,perlu_cek_manual,R_752.jpg,Recyclable,ok
0.713,0.335,0.389,0.631,0.518,perlu_cek_manual,R_753.jpg,Recyclable,ok
0.355,0.329,0.88,0.139,0.409,perlu_cek_manual,R_7530.jpg,Recyclable,ok
0.547,0.335,0.97,0.21,0.5,perlu_cek_manual,R_7531.jpg,Recyclable,ok
0.592,0.693,0.78,0.197,0.581,perlu_cek_manual,R_7539.jpg,Recyclable,ok
0.611,0.617,0.962,0.267,0.614,perlu_cek_manual,R_7541.jpg,Recyclable,ok
0.232,0.377,0.703,0.342,0.392,perlu_cek_manual,R_7543.jpg,Recyclable,ok
0.6,0.431,0.782,0.397,0.545,perlu_cek_manual,R_7545.jpg,Recyclable,ok
1.0,0.0,0.576,0.496,0.514,perlu_cek_manual,R_755.jpg,Recyclable,ok
1.0,0.325,0.555,0.206,0.55,perlu_cek_manual,R_7550.jpg,Recyclable,ok
0.698,0.607,0.901,0.319,0.636,perlu_cek_manual,R_7553.jpg,Recyclable,ok
0.876,0.424,0.578,0.269,0.559,perlu_cek_manual,R_7554.jpg,Recyclable,ok
0.661,0.427,0.584,0.134,0.47,perlu_cek_manual,R_7555.jpg,Recyclable,ok
0.662,0.49,0.87,0.393,0.598,perlu_cek_manual,R_7559.jpg,Recyclable,ok
0.984,0.0,1.0,0.295,0.554,perlu_cek_manual,R_757.jpg,Recyclable,ok
0.526,0.716,0.82,0.359,0.608,perlu_cek_manual,R_7572.jpg,Recyclable,ok
1.0,0.0,0.925,0.67,0.619,perlu_cek_manual,R_7586.jpg,Recyclable,ok
0.551,0.893,0.845,0.174,0.637,perlu_cek_manual,R_7587.jpg,Recyclable,ok
0.579,0.58,0.876,0.317,0.586,perlu_cek_manual,R_7591.jpg,Recyclable,ok
0.787,0.193,0.448,0.493,0.482,perlu_cek_manual,R_7597.jpg,Recyclable,ok
0.435,0.602,0.821,0.429,0.561,perlu_cek_manual,R_7601.jpg,Recyclable,ok
0.735,0.329,0.567,0.556,0.544,perlu_cek_manual,R_7609.jpg,Recyclable,ok
0.612,0.407,0.878,0.275,0.536,perlu_cek_manual,R_7616.jpg,Recyclable,ok
0.5,0.615,0.73,0.294,0.539,perlu_cek_manual,R_7621.jpg,Recyclable,ok
0.65,0.466,0.545,0.765,0.597,perlu_cek_manual,R_7625.jpg,Recyclable,ok
0.088,0.695,0.848,0.285,0.461,perlu_cek_manual,R_763.jpg,Recyclable,ok
0.634,0.473,0.781,0.395,0.567,perlu_cek_manual,R_7633.jpg,Recyclable,ok
0.201,0.531,0.488,0.732,0.464,perlu_cek_manual,R_7643.jpg,Recyclable,ok
0.8,0.676,0.977,0.043,0.647,perlu_cek_manual,R_7644.jpg,Recyclable,ok
0.478,0.652,0.901,0.441,0.607,perlu_cek_manual,R_7657.jpg,Recyclable,ok
0.324,0.303,0.934,0.437,0.462,perlu_cek_manual,R_7659.jpg,Recyclable,ok
0.222,1.0,0.869,0.518,0.644,perlu_cek_manual,R_766.jpg,Recyclable,ok
0.543,0.585,0.913,0.202,0.562,perlu_cek_manual,R_7665.jpg,Recyclable,ok
1.0,0.0,1.0,0.509,0.602,perlu_cek_manual,R_767.jpg,Recyclable,ok
0.908,0.424,0.568,0.682,0.65,perlu_cek_manual,R_7670.jpg,Recyclable,ok
0.407,0.525,0.879,0.392,0.534,perlu_cek_manual,R_7671.jpg,Recyclable,ok
0.482,0.795,0.901,0.391,0.641,perlu_cek_manual,R_7672.jpg,Recyclable,ok
0.934,0.504,0.903,0.063,0.625,perlu_cek_manual,R_7674.jpg,Recyclable,ok
0.297,0.633,0.884,0.236,0.503,perlu_cek_manual,R_7679.jpg,Recyclable,ok
0.694,0.499,0.422,0.507,0.544,perlu_cek_manual,R_768.jpg,Recyclable,ok
0.489,0.707,0.655,0.266,0.543,perlu_cek_manual,R_7686.jpg,Recyclable,ok
0.782,0.544,0.501,0.477,0.594,perlu_cek_manual,R_7687.jpg,Recyclable,ok
0.7,0.475,0.355,0.317,0.487,perlu_cek_manual,R_769.jpg,Recyclable,ok
0.74,0.785,0.9,0.0,0.637,perlu_cek_manual,R_7692.jpg,Recyclable,ok
0.44,0.293,0.824,0.445,0.474,perlu_cek_manual,R_7693.jpg,Recyclable,ok
0.755,0.599,0.507,0.457,0.599,perlu_cek_manual,R_7696.jpg,Recyclable,ok
0.362,0.768,0.82,0.556,0.615,perlu_cek_manual,R_7698.jpg,Recyclable,ok
0.333,0.578,0.833,0.236,0.487,perlu_cek_manual,R_7701.jpg,Recyclable,ok
0.679,0.751,0.904,0.188,0.647,perlu_cek_manual,R_7702.jpg,Recyclable,ok
0.496,0.63,0.981,0.39,0.612,perlu_cek_manual,R_7707.jpg,Recyclable,ok
0.58,0.517,0.895,0.258,0.56,perlu_cek_manual,R_7710.jpg,Recyclable,ok
0.587,0.459,0.696,0.161,0.485,perlu_cek_manual,R_7715.jpg,Recyclable,ok
0.466,0.225,0.681,0.686,0.481,perlu_cek_manual,R_7717.jpg,Recyclable,ok
0.674,0.326,0.547,0.387,0.487,perlu_cek_manual,R_7719.jpg,Recyclable,ok
0.261,0.712,0.709,0.335,0.501,perlu_cek_manual,R_7721.jpg,Recyclable,ok
0.856,0.436,0.555,0.478,0.594,perlu_cek_manual,R_7723.jpg,Recyclable,ok
0.377,0.593,0.7,0.242,0.479,perlu_cek_manual,R_7730.jpg,Recyclable,ok
0.741,0.741,0.802,0.211,0.647,perlu_cek_manual,R_7735.jpg,Recyclable,ok
0.458,0.339,0.572,0.387,0.431,perlu_cek_manual,R_7739.jpg,Recyclable,ok
0.323,0.307,0.9,0.491,0.467,perlu_cek_manual,R_774.jpg,Recyclable,ok
0.873,0.646,0.882,0.061,0.644,perlu_cek_manual,R_7747.jpg,Recyclable,ok
0.466,0.743,0.959,0.419,0.638,perlu_cek_manual,R_7748.jpg,Recyclable,ok
0.426,0.241,0.679,0.431,0.422,perlu_cek_manual,R_775.jpg,Recyclable,ok
0.712,0.57,0.841,0.177,0.588,perlu_cek_manual,R_7750.jpg,Recyclable,ok
0.543,0.726,0.576,0.483,0.592,perlu_cek_manual,R_7751.jpg,Recyclable,ok
0.465,0.583,0.929,0.254,0.551,perlu_cek_manual,R_7755.jpg,Recyclable,ok
0.76,0.169,0.891,0.538,0.564,perlu_cek_manual,R_776.jpg,Recyclable,ok
0.565,0.405,0.923,0.478,0.571,perlu_cek_manual,R_7762.jpg,Recyclable,ok
0.628,0.715,0.895,0.302,0.642,perlu_cek_manual,R_7764.jpg,Recyclable,ok
1.0,0.293,0.982,0.281,0.641,perlu_cek_manual,R_7771.jpg,Recyclable,ok
0.384,0.278,0.805,0.468,0.453,perlu_cek_manual,R_7772.jpg,Recyclable,ok
0.625,0.583,0.615,0.302,0.546,perlu_cek_manual,R_7778.jpg,Recyclable,ok
0.945,0.496,0.633,0.25,0.609,perlu_cek_manual,R_7780.jpg,Recyclable,ok
0.516,0.208,0.435,0.601,0.424,perlu_cek_manual,R_7782.jpg,Recyclable,ok
1.0,0.497,0.395,0.541,0.636,perlu_cek_manual,R_7783.jpg,Recyclable,ok
0.177,0.443,0.259,0.592,0.356,perlu_cek_manual,R_7784.jpg,Recyclable,ok
0.694,0.549,0.848,0.326,0.608,perlu_cek_manual,R_7793.jpg,Recyclable,ok
0.371,0.601,0.544,0.167,0.434,perlu_cek_manual,R_78.jpg,Recyclable,ok
0.743,0.382,0.743,0.434,0.573,perlu_cek_manual,R_7801.jpg,Recyclable,ok
0.504,0.188,0.772,0.552,0.472,perlu_cek_manual,R_7802.jpg,Recyclable,ok
0.884,0.425,0.486,0.435,0.577,perlu_cek_manual,R_7806.jpg,Recyclable,ok
1.0,0.138,0.366,0.442,0.503,perlu_cek_manual,R_781.jpg,Recyclable,ok
0.379,0.339,0.515,0.165,0.351,perlu_cek_manual,R_7812.jpg,Recyclable,ok
0.32,0.305,0.392,0.569,0.38,perlu_cek_manual,R_7815.jpg,Recyclable,ok
0.672,0.21,0.961,0.348,0.526,perlu_cek_manual,R_7817.jpg,Recyclable,ok
1.0,0.478,0.755,0.129,0.62,perlu_cek_manual,R_7819.jpg,Recyclable,ok
0.643,0.272,0.908,0.571,0.57,perlu_cek_manual,R_782.jpg,Recyclable,ok
0.333,0.498,0.886,0.3,0.486,perlu_cek_manual,R_7825.jpg,Recyclable,ok
1.0,0.593,0.854,0.0,0.649,perlu_cek_manual,R_7826.jpg,Recyclable,ok
0.552,0.645,0.661,0.551,0.602,perlu_cek_manual,R_7827.jpg,Recyclable,ok
0.787,0.215,0.873,0.665,0.608,perlu_cek_manual,R_783.jpg,Recyclable,ok
0.713,0.631,0.85,0.296,0.632,perlu_cek_manual,R_7831.jpg,Recyclable,ok
0.933,0.0,0.885,0.44,0.545,perlu_cek_manual,R_7840.jpg,Recyclable,ok
0.423,0.759,0.879,0.377,0.606,perlu_cek_manual,R_7842.jpg,Recyclable,ok
0.192,0.558,0.894,0.232,0.45,perlu_cek_manual,R_7844.jpg,Recyclable,ok
1.0,0.319,0.529,0.513,0.604,perlu_cek_manual,R_7851.jpg,Recyclable,ok
0.394,0.437,0.562,0.247,0.411,perlu_cek_manual,R_7857.jpg,Recyclable,ok
0.594,0.408,0.847,0.311,0.533,perlu_cek_manual,R_786.jpg,Recyclable,ok
0.622,0.484,0.875,0.306,0.568,perlu_cek_manual,R_7860.jpg,Recyclable,ok
0.642,0.544,0.709,0.331,0.564,perlu_cek_manual,R_7861.jpg,Recyclable,ok
0.465,0.321,0.683,0.432,0.459,perlu_cek_manual,R_7863.jpg,Recyclable,ok
0.661,0.107,0.97,0.595,0.544,perlu_cek_manual,R_7868.jpg,Recyclable,ok
0.322,0.55,0.761,0.337,0.481,perlu_cek_manual,R_7870.jpg,Recyclable,ok
0.558,0.161,0.855,0.666,0.52,perlu_cek_manual,R_7879.jpg,Recyclable,ok
1.0,0.474,0.544,0.417,0.635,perlu_cek_manual,R_7882.jpg,Recyclable,ok
1.0,0.265,0.781,0.548,0.645,perlu_cek_manual,R_7884.jpg,Recyclable,ok
0.797,0.46,0.677,0.21,0.555,perlu_cek_manual,R_7888.jpg,Recyclable,ok
0.762,0.351,0.502,0.454,0.525,perlu_cek_manual,R_7889.jpg,Recyclable,ok
0.359,0.623,0.353,0.545,0.474,perlu_cek_manual,R_789.jpg,Recyclable,ok
0.448,0.286,0.428,0.388,0.383,perlu_cek_manual,R_7892.jpg,Recyclable,ok
0.386,0.595,0.618,0.321,0.482,perlu_cek_manual,R_7893.jpg,Recyclable,ok
0.249,0.776,0.832,0.411,0.556,perlu_cek_manual,R_7894.jpg,Recyclable,ok
0.44,0.261,0.366,0.516,0.387,perlu_cek_manual,R_7895.jpg,Recyclable,ok
0.292,0.339,0.965,0.401,0.463,perlu_cek_manual,R_7897.jpg,Recyclable,ok
0.538,0.501,0.767,0.493,0.564,perlu_cek_manual,R_7898.jpg,Recyclable,ok
0.538,0.32,0.617,0.767,0.534,perlu_cek_manual,R_7899.jpg,Recyclable,ok
0.623,0.67,0.89,0.165,0.599,perlu_cek_manual,R_7901.jpg,Recyclable,ok
0.711,0.531,0.856,0.398,0.623,perlu_cek_manual,R_7902.jpg,Recyclable,ok
1.0,0.0,0.924,0.338,0.552,perlu_cek_manual,R_7903.jpg,Recyclable,ok
0.758,0.472,0.526,0.574,0.589,perlu_cek_manual,R_7904.jpg,Recyclable,ok
0.209,0.411,0.692,0.15,0.354,perlu_cek_manual,R_7909.jpg,Recyclable,ok
0.347,0.263,0.876,0.385,0.435,perlu_cek_manual,R_792.jpg,Recyclable,ok
0.62,0.591,0.649,0.334,0.56,perlu_cek_manual,R_7926.jpg,Recyclable,ok
0.637,0.441,0.722,0.247,0.518,perlu_cek_manual,R_7927.jpg,Recyclable,ok
0.452,0.771,0.855,0.478,0.634,perlu_cek_manual,R_7928.jpg,Recyclable,ok
0.773,0.243,0.484,0.244,0.45,perlu_cek_manual,R_7931.jpg,Recyclable,ok
0.428,0.498,0.633,0.19,0.442,perlu_cek_manual,R_7933.jpg,Recyclable,ok
0.317,0.333,0.356,0.547,0.375,perlu_cek_manual,R_794.jpg,Recyclable,ok
0.541,0.745,0.942,0.327,0.639,perlu_cek_manual,R_7943.jpg,Recyclable,ok
0.859,0.36,0.696,0.451,0.595,perlu_cek_manual,R_7947.jpg,Recyclable,ok
0.728,0.472,0.63,0.515,0.589,perlu_cek_manual,R_7951.jpg,Recyclable,ok
0.575,0.685,0.906,0.446,0.649,perlu_cek_manual,R_7953.jpg,Recyclable,ok
0.425,0.367,0.64,0.35,0.436,perlu_cek_manual,R_7961.jpg,Recyclable,ok
0.118,0.654,0.509,0.701,0.474,perlu_cek_manual,R_7963.jpg,Recyclable,ok
0.829,0.378,0.828,0.395,0.607,perlu_cek_manual,R_7965.jpg,Recyclable,ok
0.256,0.48,0.246,0.448,0.36,perlu_cek_manual,R_798.jpg,Recyclable,ok
0.613,0.742,0.958,0.161,0.63,perlu_cek_manual,R_7980.jpg,Recyclable,ok
0.234,0.03,0.864,0.75,0.402,perlu_cek_manual,R_7982.jpg,Recyclable,ok
0.554,0.707,0.98,0.217,0.618,perlu_cek_manual,R_7986.jpg,Recyclable,ok
0.381,0.212,0.334,0.558,0.356,perlu_cek_manual,R_7990.jpg,Recyclable,ok
0.888,0.443,0.63,0.408,0.607,perlu_cek_manual,R_7998.jpg,Recyclable,ok
0.54,0.745,0.843,0.178,0.59,perlu_cek_manual,R_7999.jpg,Recyclable,ok
0.642,0.302,0.978,0.379,0.555,perlu_cek_manual,R_8.jpg,Recyclable,ok
0.392,0.116,0.874,0.201,0.368,perlu_cek_manual,R_80.jpg,Recyclable,ok
0.444,0.303,0.842,0.566,0.506,perlu_cek_manual,R_8002.jpg,Recyclable,ok
0.492,0.324,0.802,0.381,0.481,perlu_cek_manual,R_801.jpg,Recyclable,ok
0.644,0.687,0.934,0.29,0.644,perlu_cek_manual,R_8013.jpg,Recyclable,ok
0.349,0.634,0.875,0.404,0.551,perlu_cek_manual,R_8016.jpg,Recyclable,ok
0.563,0.274,0.736,0.11,0.42,perlu_cek_manual,R_8017.jpg,Recyclable,ok
0.517,0.708,0.761,0.249,0.569,perlu_cek_manual,R_8018.jpg,Recyclable,ok
0.763,0.599,0.916,0.221,0.636,perlu_cek_manual,R_802.jpg,Recyclable,ok
0.601,0.447,0.95,0.382,0.581,perlu_cek_manual,R_8024.jpg,Recyclable,ok
0.622,0.672,0.971,0.265,0.635,perlu_cek_manual,R_8026.jpg,Recyclable,ok
0.431,0.86,0.91,0.369,0.643,perlu_cek_manual,R_8032.jpg,Recyclable,ok
0.139,0.411,0.905,0.261,0.398,perlu_cek_manual,R_8037.jpg,Recyclable,ok
0.591,0.621,0.892,0.52,0.646,perlu_cek_manual,R_8038.jpg,Recyclable,ok
0.323,0.611,0.864,0.131,0.479,perlu_cek_manual,R_804.jpg,Recyclable,ok
0.506,0.167,0.868,0.523,0.48,perlu_cek_manual,R_8049.jpg,Recyclable,ok
0.546,0.298,0.842,0.554,0.532,perlu_cek_manual,R_8055.jpg,Recyclable,ok
0.247,0.32,0.953,0.488,0.458,perlu_cek_manual,R_8059.jpg,Recyclable,ok
0.634,0.121,0.924,0.432,0.498,perlu_cek_manual,R_8060.jpg,Recyclable,ok
0.423,0.432,0.961,0.8,0.609,perlu_cek_manual,R_8061.jpg,Recyclable,ok
0.125,0.561,0.436,0.435,0.38,perlu_cek_manual,R_8067.jpg,Recyclable,ok
0.888,0.365,0.877,0.48,0.647,perlu_cek_manual,R_8072.jpg,Recyclable,ok
1.0,0.225,0.936,0.459,0.647,perlu_cek_manual,R_8077.jpg,Recyclable,ok
0.196,0.173,0.854,0.429,0.367,perlu_cek_manual,R_8078.jpg,Recyclable,ok
0.37,0.338,0.47,0.392,0.385,perlu_cek_manual,R_8079.jpg,Recyclable,ok
0.817,0.366,0.54,0.457,0.554,perlu_cek_manual,R_808.jpg,Recyclable,ok
1.0,0.215,0.565,0.585,0.594,perlu_cek_manual,R_8080.jpg,Recyclable,ok
0.498,0.094,0.895,0.474,0.451,perlu_cek_manual,R_8081.jpg,Recyclable,ok
0.65,0.239,0.698,0.551,0.516,perlu_cek_manual,R_8082.jpg,Recyclable,ok
0.924,0.304,0.817,0.389,0.61,perlu_cek_manual,R_8083.jpg,Recyclable,ok
0.351,0.244,0.844,0.165,0.38,perlu_cek_manual,R_8086.jpg,Recyclable,ok
0.688,0.379,0.539,0.315,0.491,perlu_cek_manual,R_8088.jpg,Recyclable,ok
0.158,0.239,0.749,0.453,0.36,perlu_cek_manual,R_8096.jpg,Recyclable,ok
0.397,0.462,0.898,0.645,0.566,perlu_cek_manual,R_8098.jpg,Recyclable,ok
0.676,0.321,0.54,0.551,0.517,perlu_cek_manual,R_8102.jpg,Recyclable,ok
0.646,0.412,0.876,0.368,0.566,perlu_cek_manual,R_8104.jpg,Recyclable,ok
0.602,0.049,0.762,0.465,0.441,perlu_cek_manual,R_8106.jpg,Recyclable,ok
0.975,0.257,0.638,0.542,0.606,perlu_cek_manual,R_8108.jpg,Recyclable,ok
0.442,0.499,0.939,0.455,0.561,perlu_cek_manual,R_8109.jpg,Recyclable,ok
1.0,0.0,1.0,0.381,0.576,perlu_cek_manual,R_8110.jpg,Recyclable,ok
0.628,0.245,0.461,0.348,0.424,perlu_cek_manual,R_8111.jpg,Recyclable,ok
0.588,0.332,0.444,0.513,0.467,perlu_cek_manual,R_8115.jpg,Recyclable,ok
0.494,0.413,0.587,0.38,0.465,perlu_cek_manual,R_8121.jpg,Recyclable,ok
0.638,0.261,0.404,0.416,0.434,perlu_cek_manual,R_8123.jpg,Recyclable,ok
0.348,0.114,0.643,0.502,0.368,perlu_cek_manual,R_8127.jpg,Recyclable,ok
0.497,0.285,0.831,0.54,0.509,perlu_cek_manual,R_8129.jpg,Recyclable,ok
0.677,0.527,0.702,0.422,0.586,perlu_cek_manual,R_8135.jpg,Recyclable,ok
0.632,0.587,0.754,0.51,0.619,perlu_cek_manual,R_8136.jpg,Recyclable,ok
0.68,0.432,0.554,0.52,0.548,perlu_cek_manual,R_8141.jpg,Recyclable,ok
0.948,0.356,0.52,0.515,0.598,perlu_cek_manual,R_8144.jpg,Recyclable,ok
0.315,0.0,0.788,0.568,0.366,perlu_cek_manual,R_8146.jpg,Recyclable,ok
0.29,0.143,0.853,0.465,0.393,perlu_cek_manual,R_8148.jpg,Recyclable,ok
0.588,0.284,0.724,0.513,0.509,perlu_cek_manual,R_8151.jpg,Recyclable,ok
0.426,0.176,0.276,0.573,0.35,perlu_cek_manual,R_8157.jpg,Recyclable,ok
0.595,0.387,0.705,0.536,0.543,perlu_cek_manual,R_8158.jpg,Recyclable,ok
0.796,0.262,0.451,0.524,0.512,perlu_cek_manual,R_8159.jpg,Recyclable,ok
0.795,0.143,0.878,0.498,0.556,perlu_cek_manual,R_8160.jpg,Recyclable,ok
0.608,0.331,0.819,0.267,0.499,perlu_cek_manual,R_8161.jpg,Recyclable,ok
0.357,0.114,0.744,0.491,0.388,perlu_cek_manual,R_8162.jpg,Recyclable,ok
0.387,0.252,0.404,0.438,0.36,perlu_cek_manual,R_8168.jpg,Recyclable,ok
0.227,0.614,0.794,0.467,0.504,perlu_cek_manual,R_8171.jpg,Recyclable,ok
0.739,0.626,0.931,0.251,0.646,perlu_cek_manual,R_8173.jpg,Recyclable,ok
0.439,0.183,0.876,0.519,0.465,perlu_cek_manual,R_8174.jpg,Recyclable,ok
0.648,0.166,0.946,0.505,0.534,perlu_cek_manual,R_8176.jpg,Recyclable,ok
0.727,0.346,0.828,0.399,0.567,perlu_cek_manual,R_8178.jpg,Recyclable,ok
0.456,0.056,0.96,0.393,0.424,perlu_cek_manual,R_8179.jpg,Recyclable,ok
0.371,0.255,0.859,0.206,0.401,perlu_cek_manual,R_8180.jpg,Recyclable,ok
0.298,0.184,0.69,0.493,0.381,perlu_cek_manual,R_8181.jpg,Recyclable,ok
0.592,0.272,0.406,0.488,0.438,perlu_cek_manual,R_8182.jpg,Recyclable,ok
0.453,0.236,0.827,0.41,0.454,perlu_cek_manual,R_8188.jpg,Recyclable,ok
0.535,0.337,0.842,0.578,0.546,perlu_cek_manual,R_819.jpg,Recyclable,ok
0.599,0.239,0.569,0.406,0.447,perlu_cek_manual,R_8190.jpg,Recyclable,ok
0.719,0.294,0.719,0.562,0.56,perlu_cek_manual,R_8191.jpg,Recyclable,ok
0.391,0.0,0.854,0.338,0.356,perlu_cek_manual,R_8193.jpg,Recyclable,ok
0.532,0.508,0.972,0.332,0.573,perlu_cek_manual,R_8196.jpg,Recyclable,ok
0.325,0.375,0.858,0.318,0.445,perlu_cek_manual,R_8198.jpg,Recyclable,ok
0.49,0.764,0.988,0.272,0.628,perlu_cek_manual,R_820.jpg,Recyclable,ok
0.499,0.161,0.312,0.462,0.353,perlu_cek_manual,R_8202.jpg,Recyclable,ok
0.538,0.159,0.904,0.456,0.481,perlu_cek_manual,R_8213.jpg,Recyclable,ok
1.0,0.521,0.78,0.122,0.637,perlu_cek_manual,R_8217.jpg,Recyclable,ok
0.781,0.245,0.428,0.572,0.508,perlu_cek_manual,R_8218.jpg,Recyclable,ok
1.0,0.186,0.474,0.0,0.451,perlu_cek_manual,R_8224.jpg,Recyclable,ok
0.747,0.367,0.489,0.549,0.542,perlu_cek_manual,R_8225.jpg,Recyclable,ok
0.443,0.219,0.472,0.41,0.375,perlu_cek_manual,R_8227.jpg,Recyclable,ok
0.255,0.174,0.75,0.405,0.36,perlu_cek_manual,R_8231.jpg,Recyclable,ok
0.433,0.537,0.943,0.632,0.606,perlu_cek_manual,R_8237.jpg,Recyclable,ok
0.236,0.426,0.769,0.567,0.466,perlu_cek_manual,R_8240.jpg,Recyclable,ok
0.354,0.081,0.859,0.455,0.393,perlu_cek_manual,R_8243.jpg,Recyclable,ok
0.808,0.355,0.754,0.158,0.531,perlu_cek_manual,R_8245.jpg,Recyclable,ok
0.567,0.162,0.856,0.469,0.484,perlu_cek_manual,R_8252.jpg,Recyclable,ok
0.438,0.226,0.893,0.66,0.51,perlu_cek_manual,R_8254.jpg,Recyclable,ok
0.353,0.216,0.865,0.34,0.412,perlu_cek_manual,R_8258.jpg,Recyclable,ok
0.328,0.158,0.883,0.479,0.418,perlu_cek_manual,R_8260.jpg,Recyclable,ok
0.409,0.256,0.851,0.366,0.443,perlu_cek_manual,R_8264.jpg,Recyclable,ok
0.525,0.24,0.916,0.248,0.463,perlu_cek_manual,R_8266.jpg,Recyclable,ok
0.52,0.135,0.427,0.439,0.369,perlu_cek_manual,R_8270.jpg,Recyclable,ok
0.849,0.412,0.883,0.407,0.636,perlu_cek_manual,R_8275.jpg,Recyclable,ok
0.497,0.251,0.768,0.46,0.47,perlu_cek_manual,R_8279.jpg,Recyclable,ok
0.467,0.644,0.789,0.208,0.533,perlu_cek_manual,R_8287.jpg,Recyclable,ok
0.113,0.3,0.974,0.183,0.355,perlu_cek_manual,R_8290.jpg,Recyclable,ok
0.716,0.097,0.796,0.684,0.54,perlu_cek_manual,R_8292.jpg,Recyclable,ok
0.186,0.341,0.791,0.717,0.46,perlu_cek_manual,R_8294.jpg,Recyclable,ok
0.858,0.559,0.841,0.113,0.616,perlu_cek_manual,R_8296.jpg,Recyclable,ok
0.591,0.562,0.494,0.273,0.499,perlu_cek_manual,R_83.jpg,Recyclable,ok
1.0,0.424,0.922,0.162,0.644,perlu_cek_manual,R_830.jpg,Recyclable,ok
0.138,0.946,0.929,0.629,0.637,perlu_cek_manual,R_8300.jpg,Recyclable,ok
0.415,0.52,0.82,0.479,0.54,perlu_cek_manual,R_8301.jpg,Recyclable,ok
1.0,0.365,0.944,0.045,0.607,perlu_cek_manual,R_8304.jpg,Recyclable,ok
0.745,0.227,0.606,0.576,0.528,perlu_cek_manual,R_8308.jpg,Recyclable,ok
0.472,0.928,0.993,0.115,0.642,perlu_cek_manual,R_8309.jpg,Recyclable,ok
0.709,0.323,0.949,0.068,0.513,perlu_cek_manual,R_831.jpg,Recyclable,ok
0.388,0.212,0.905,0.313,0.424,perlu_cek_manual,R_8318.jpg,Recyclable,ok
0.278,0.731,0.547,0.391,0.49,perlu_cek_manual,R_8320.jpg,Recyclable,ok
0.651,0.425,1.0,0.578,0.638,perlu_cek_manual,R_8321.jpg,Recyclable,ok
1.0,0.077,0.894,0.42,0.586,perlu_cek_manual,R_8322.jpg,Recyclable,ok
0.345,0.583,0.928,0.199,0.504,perlu_cek_manual,R_8324.jpg,Recyclable,ok
0.362,0.662,0.96,0.139,0.527,perlu_cek_manual,R_833.jpg,Recyclable,ok
0.461,0.371,0.741,0.503,0.498,perlu_cek_manual,R_8330.jpg,Recyclable,ok
0.887,0.506,0.599,0.533,0.644,perlu_cek_manual,R_8334.jpg,Recyclable,ok
0.639,0.561,0.916,0.46,0.635,perlu_cek_manual,R_834.jpg,Recyclable,ok
0.314,0.301,0.646,0.418,0.397,perlu_cek_manual,R_8341.jpg,Recyclable,ok
0.149,0.387,0.765,0.27,0.368,perlu_cek_manual,R_8342.jpg,Recyclable,ok
0.254,0.473,0.748,0.383,0.444,perlu_cek_manual,R_8343.jpg,Recyclable,ok
0.152,0.611,0.199,0.476,0.364,perlu_cek_manual,R_835.jpg,Recyclable,ok
0.566,0.561,0.652,0.276,0.524,perlu_cek_manual,R_8350.jpg,Recyclable,ok
0.647,0.419,0.534,0.07,0.441,perlu_cek_manual,R_8351.jpg,Recyclable,ok
0.249,0.0,0.926,0.606,0.381,perlu_cek_manual,R_8352.jpg,Recyclable,ok
0.929,0.5,0.786,0.029,0.592,perlu_cek_manual,R_8354.jpg,Recyclable,ok
0.807,0.511,0.984,0.244,0.641,perlu_cek_manual,R_8356.jpg,Recyclable,ok
0.609,0.337,0.837,0.051,0.461,perlu_cek_manual,R_8360.jpg,Recyclable,ok
0.397,0.504,0.83,0.496,0.535,perlu_cek_manual,R_8362.jpg,Recyclable,ok
0.484,0.318,0.755,0.46,0.484,perlu_cek_manual,R_8363.jpg,Recyclable,ok
0.875,0.482,0.731,0.47,0.647,perlu_cek_manual,R_8364.jpg,Recyclable,ok
0.237,0.767,0.498,0.421,0.485,perlu_cek_manual,R_8368.jpg,Recyclable,ok
0.48,0.692,0.773,0.526,0.611,perlu_cek_manual,R_8369.jpg,Recyclable,ok
0.488,0.777,0.723,0.267,0.578,perlu_cek_manual,R_8376.jpg,Recyclable,ok
0.364,0.155,0.735,0.601,0.423,perlu_cek_manual,R_8377.jpg,Recyclable,ok
0.599,0.59,0.714,0.312,0.562,perlu_cek_manual,R_8379.jpg,Recyclable,ok
0.826,0.206,0.943,0.317,0.561,perlu_cek_manual,R_8382.jpg,Recyclable,ok
0.411,0.378,0.315,0.653,0.43,perlu_cek_manual,R_8384.jpg,Recyclable,ok
0.597,0.352,0.948,0.54,0.582,perlu_cek_manual,R_8386.jpg,Recyclable,ok
0.166,0.429,0.823,0.251,0.393,perlu_cek_manual,R_8389.jpg,Recyclable,ok
0.535,0.099,0.812,0.448,0.442,perlu_cek_manual,R_839.jpg,Recyclable,ok
0.588,0.67,0.902,0.383,0.634,perlu_cek_manual,R_8390.jpg,Recyclable,ok
0.818,0.623,0.925,0.118,0.641,perlu_cek_manual,R_8395.jpg,Recyclable,ok
0.725,0.35,0.925,0.166,0.541,perlu_cek_manual,R_84.jpg,Recyclable,ok
1.0,0.258,0.639,0.674,0.64,perlu_cek_manual,R_8404.jpg,Recyclable,ok
0.641,0.421,0.864,0.059,0.503,perlu_cek_manual,R_8408.jpg,Recyclable,ok
0.827,0.099,0.954,0.498,0.568,perlu_cek_manual,R_841.jpg,Recyclable,ok
0.273,0.197,0.764,0.318,0.358,perlu_cek_manual,R_8412.jpg,Recyclable,ok
0.612,0.141,0.866,0.507,0.501,perlu_cek_manual,R_8414.jpg,Recyclable,ok
0.183,1.0,1.0,0.164,0.588,perlu_cek_manual,R_8416.jpg,Recyclable,ok
0.272,0.705,0.551,0.077,0.419,perlu_cek_manual,R_8421.jpg,Recyclable,ok
0.635,0.499,0.531,0.08,0.462,perlu_cek_manual,R_8426.jpg,Recyclable,ok
0.54,0.309,0.43,0.507,0.442,perlu_cek_manual,R_843.jpg,Recyclable,ok
0.472,0.499,0.549,0.066,0.414,perlu_cek_manual,R_8433.jpg,Recyclable,ok
0.393,1.0,0.468,0.476,0.607,perlu_cek_manual,R_844.jpg,Recyclable,ok
0.559,0.56,0.558,0.095,0.466,perlu_cek_manual,R_8441.jpg,Recyclable,ok
0.223,0.685,0.515,0.094,0.394,perlu_cek_manual,R_8448.jpg,Recyclable,ok
0.347,0.452,0.361,0.533,0.419,perlu_cek_manual,R_845.jpg,Recyclable,ok
0.293,0.479,0.514,0.12,0.358,perlu_cek_manual,R_8450.jpg,Recyclable,ok
0.702,0.402,0.959,0.478,0.619,perlu_cek_manual,R_8457.jpg,Recyclable,ok
0.871,0.0,1.0,0.062,0.474,perlu_cek_manual,R_846.jpg,Recyclable,ok
0.401,0.454,0.762,0.581,0.525,perlu_cek_manual,R_847.jpg,Recyclable,ok
0.379,0.634,0.511,0.033,0.412,perlu_cek_manual,R_8470.jpg,Recyclable,ok
0.259,0.061,0.923,0.516,0.384,perlu_cek_manual,R_8472.jpg,Recyclable,ok
0.409,0.573,0.945,0.116,0.507,perlu_cek_manual,R_8476.jpg,Recyclable,ok
0.754,0.144,0.492,0.195,0.407,perlu_cek_manual,R_8478.jpg,Recyclable,ok
0.421,0.585,0.57,0.045,0.425,perlu_cek_manual,R_8479.jpg,Recyclable,ok
1.0,0.08,0.468,0.468,0.511,perlu_cek_manual,R_848.jpg,Recyclable,ok
0.175,0.725,0.667,0.063,0.416,perlu_cek_manual,R_8483.jpg,Recyclable,ok
0.557,0.622,0.553,0.066,0.478,perlu_cek_manual,R_8485.jpg,Recyclable,ok
0.28,0.618,0.391,0.086,0.365,perlu_cek_manual,R_8492.jpg,Recyclable,ok
0.476,0.488,0.52,0.071,0.407,perlu_cek_manual,R_8494.jpg,Recyclable,ok
0.407,0.43,0.39,0.175,0.364,perlu_cek_manual,R_8497.jpg,Recyclable,ok
0.356,0.532,0.622,0.029,0.396,perlu_cek_manual,R_8498.jpg,Recyclable,ok
0.312,0.544,0.457,0.204,0.389,perlu_cek_manual,R_8506.jpg,Recyclable,ok
0.616,0.514,0.598,0.097,0.478,perlu_cek_manual,R_8509.jpg,Recyclable,ok
0.371,0.12,0.898,0.264,0.38,perlu_cek_manual,R_8512.jpg,Recyclable,ok
0.544,1.0,0.482,0.383,0.636,perlu_cek_manual,R_852.jpg,Recyclable,ok
0.442,0.38,0.489,0.092,0.363,perlu_cek_manual,R_8524.jpg,Recyclable,ok
0.431,1.0,0.481,0.338,0.593,perlu_cek_manual,R_8527.jpg,Recyclable,ok
0.295,0.254,1.0,0.217,0.408,perlu_cek_manual,R_8534.jpg,Recyclable,ok
0.343,0.749,0.612,0.111,0.472,perlu_cek_manual,R_8536.jpg,Recyclable,ok
0.7,0.335,0.346,0.142,0.408,perlu_cek_manual,R_8539.jpg,Recyclable,ok
0.467,0.416,0.514,0.044,0.376,perlu_cek_manual,R_8540.jpg,Recyclable,ok
0.638,0.616,0.567,0.076,0.505,perlu_cek_manual,R_8541.jpg,Recyclable,ok
0.38,0.596,0.515,0.062,0.408,perlu_cek_manual,R_8542.jpg,Recyclable,ok
0.509,0.544,0.518,0.219,0.463,perlu_cek_manual,R_8543.jpg,Recyclable,ok
0.227,0.615,1.0,0.147,0.482,perlu_cek_manual,R_8545.jpg,Recyclable,ok
0.771,0.651,0.76,0.223,0.623,perlu_cek_manual,R_8560.jpg,Recyclable,ok
0.607,0.627,0.627,0.045,0.505,perlu_cek_manual,R_8562.jpg,Recyclable,ok
0.466,0.571,0.891,0.109,0.511,perlu_cek_manual,R_8563.jpg,Recyclable,ok
0.856,0.456,0.694,0.549,0.642,perlu_cek_manual,R_857.jpg,Recyclable,ok
0.224,1.0,0.67,0.069,0.515,perlu_cek_manual,R_8574.jpg,Recyclable,ok
0.372,0.724,0.607,0.147,0.48,perlu_cek_manual,R_8578.jpg,Recyclable,ok
0.404,0.374,0.619,0.091,0.375,perlu_cek_manual,R_8579.jpg,Recyclable,ok
0.678,0.621,0.624,0.174,0.549,perlu_cek_manual,R_8586.jpg,Recyclable,ok
1.0,0.0,1.0,0.189,0.538,perlu_cek_manual,R_859.jpg,Recyclable,ok
0.227,0.52,0.863,0.178,0.432,perlu_cek_manual,R_8591.jpg,Recyclable,ok
0.51,0.209,0.83,0.292,0.44,perlu_cek_manual,R_8595.jpg,Recyclable,ok
0.318,0.736,0.544,0.067,0.438,perlu_cek_manual,R_8599.jpg,Recyclable,ok
0.549,0.534,0.568,0.062,0.451,perlu_cek_manual,R_8600.jpg,Recyclable,ok
0.421,0.847,0.578,0.062,0.508,perlu_cek_manual,R_8602.jpg,Recyclable,ok
0.459,0.776,0.557,0.042,0.49,perlu_cek_manual,R_8607.jpg,Recyclable,ok
0.474,0.432,0.384,0.46,0.441,perlu_cek_manual,R_861.jpg,Recyclable,ok
0.452,0.411,0.663,0.063,0.404,perlu_cek_manual,R_8610.jpg,Recyclable,ok
0.304,0.355,0.873,0.052,0.383,perlu_cek_manual,R_8622.jpg,Recyclable,ok
0.291,0.61,0.407,0.235,0.399,perlu_cek_manual,R_8624.jpg,Recyclable,ok
0.216,0.447,0.762,0.256,0.402,perlu_cek_manual,R_8625.jpg,Recyclable,ok
0.521,0.622,0.691,0.294,0.54,perlu_cek_manual,R_8626.jpg,Recyclable,ok
0.517,1.0,0.939,0.025,0.648,perlu_cek_manual,R_8629.jpg,Recyclable,ok
0.79,0.557,0.876,0.146,0.609,perlu_cek_manual,R_863.jpg,Recyclable,ok
0.207,0.487,0.695,0.071,0.361,perlu_cek_manual,R_8632.jpg,Recyclable,ok
0.381,0.809,0.59,0.095,0.494,perlu_cek_manual,R_8635.jpg,Recyclable,ok
0.025,1.0,0.708,0.083,0.466,perlu_cek_manual,R_8647.jpg,Recyclable,ok
0.465,0.488,0.615,0.016,0.412,perlu_cek_manual,R_8651.jpg,Recyclable,ok
0.671,0.829,0.572,0.064,0.577,perlu_cek_manual,R_8652.jpg,Recyclable,ok
0.463,0.685,0.634,0.214,0.514,perlu_cek_manual,R_8655.jpg,Recyclable,ok
0.97,0.3,0.958,0.252,0.623,perlu_cek_manual,R_866.jpg,Recyclable,ok
0.647,0.0,1.0,0.296,0.453,perlu_cek_manual,R_8664.jpg,Recyclable,ok
0.295,1.0,0.84,0.123,0.581,perlu_cek_manual,R_8670.jpg,Recyclable,ok
0.502,0.498,0.468,0.495,0.493,perlu_cek_manual,R_8674.jpg,Recyclable,ok
0.315,0.616,0.397,0.182,0.395,perlu_cek_manual,R_8676.jpg,Recyclable,ok
0.36,0.0,0.899,0.368,0.361,perlu_cek_manual,R_868.jpg,Recyclable,ok
0.629,0.597,0.57,0.067,0.495,perlu_cek_manual,R_8683.jpg,Recyclable,ok
0.271,0.293,0.872,0.454,0.434,perlu_cek_manual,R_8688.jpg,Recyclable,ok
0.328,0.632,0.483,0.193,0.423,perlu_cek_manual,R_8689.jpg,Recyclable,ok
1.0,0.325,0.787,0.314,0.618,perlu_cek_manual,R_869.jpg,Recyclable,ok
0.165,0.493,0.599,0.193,0.356,perlu_cek_manual,R_8691.jpg,Recyclable,ok
0.606,0.781,0.749,0.23,0.612,perlu_cek_manual,R_8692.jpg,Recyclable,ok
0.397,0.408,0.746,0.091,0.409,perlu_cek_manual,R_8695.jpg,Recyclable,ok
0.635,0.437,0.835,0.296,0.548,perlu_cek_manual,R_8699.jpg,Recyclable,ok
1.0,0.357,0.686,0.418,0.628,perlu_cek_manual,R_870.jpg,Recyclable,ok
0.666,1.0,0.539,0.093,0.626,perlu_cek_manual,R_8706.jpg,Recyclable,ok
1.0,0.288,0.486,0.007,0.485,perlu_cek_manual,R_8708.jpg,Recyclable,ok
0.411,0.638,0.537,0.368,0.495,perlu_cek_manual,R_8711.jpg,Recyclable,ok
0.427,0.574,0.55,0.045,0.419,perlu_cek_manual,R_8716.jpg,Recyclable,ok
0.707,0.402,0.549,0.005,0.443,perlu_cek_manual,R_8717.jpg,Recyclable,ok
0.275,0.719,0.517,0.208,0.443,perlu_cek_manual,R_8725.jpg,Recyclable,ok
0.432,0.681,0.653,0.26,0.516,perlu_cek_manual,R_8726.jpg,Recyclable,ok
0.726,0.417,0.844,0.153,0.542,perlu_cek_manual,R_8727.jpg,Recyclable,ok
0.728,0.392,0.462,0.282,0.485,perlu_cek_manual,R_8729.jpg,Recyclable,ok
0.351,0.26,0.661,0.241,0.364,perlu_cek_manual,R_8737.jpg,Recyclable,ok
0.409,0.186,0.86,0.108,0.372,perlu_cek_manual,R_8739.jpg,Recyclable,ok
0.767,0.547,0.552,0.102,0.525,perlu_cek_manual,R_8742.jpg,Recyclable,ok
0.558,0.639,0.918,0.3,0.603,perlu_cek_manual,R_8752.jpg,Recyclable,ok
0.437,0.456,0.964,0.106,0.482,perlu_cek_manual,R_8756.jpg,Recyclable,ok
0.803,0.169,0.424,0.379,0.452,perlu_cek_manual,R_8759.jpg,Recyclable,ok
0.321,1.0,0.395,0.083,0.492,perlu_cek_manual,R_8760.jpg,Recyclable,ok
0.811,0.754,0.737,0.001,0.617,perlu_cek_manual,R_8765.jpg,Recyclable,ok
0.534,0.261,0.922,0.198,0.462,perlu_cek_manual,R_8768.jpg,Recyclable,ok
0.192,0.908,0.52,0.228,0.479,perlu_cek_manual,R_8770.jpg,Recyclable,ok
0.91,0.44,0.496,0.302,0.565,perlu_cek_manual,R_8772.jpg,Recyclable,ok
0.507,0.705,0.565,0.268,0.53,perlu_cek_manual,R_8778.jpg,Recyclable,ok
0.557,0.897,0.764,0.083,0.606,perlu_cek_manual,R_8780.jpg,Recyclable,ok
0.677,0.466,0.701,0.142,0.511,perlu_cek_manual,R_8788.jpg,Recyclable,ok
0.528,0.458,0.573,0.112,0.433,perlu_cek_manual,R_8791.jpg,Recyclable,ok
0.33,0.429,0.465,0.275,0.376,perlu_cek_manual,R_8796.jpg,Recyclable,ok
0.553,0.186,0.878,0.437,0.485,perlu_cek_manual,R_8801.jpg,Recyclable,ok
0.641,0.635,0.521,0.11,0.509,perlu_cek_manual,R_8802.jpg,Recyclable,ok
0.258,0.382,0.789,0.132,0.376,perlu_cek_manual,R_881.jpg,Recyclable,ok
0.649,0.245,0.496,0.165,0.4,perlu_cek_manual,R_8811.jpg,Recyclable,ok
0.81,0.199,0.26,0.144,0.383,perlu_cek_manual,R_8812.jpg,Recyclable,ok
0.332,0.313,0.774,0.328,0.414,perlu_cek_manual,R_8813.jpg,Recyclable,ok
0.423,0.245,0.292,0.48,0.355,perlu_cek_manual,R_8816.jpg,Recyclable,ok
0.387,0.311,0.237,0.473,0.351,perlu_cek_manual,R_8817.jpg,Recyclable,ok
0.318,0.267,0.846,0.654,0.475,perlu_cek_manual,R_8820.jpg,Recyclable,ok
0.492,0.523,0.566,0.452,0.508,perlu_cek_manual,R_8823.jpg,Recyclable,ok
0.447,0.557,0.499,0.502,0.501,perlu_cek_manual,R_8839.jpg,Recyclable,ok
0.51,0.39,0.442,0.551,0.469,perlu_cek_manual,R_8840.jpg,Recyclable,ok
0.498,0.338,0.254,0.482,0.398,perlu_cek_manual,R_8848.jpg,Recyclable,ok
0.173,0.182,0.922,0.296,0.35,perlu_cek_manual,R_8850.jpg,Recyclable,ok
0.333,0.486,0.429,0.262,0.384,perlu_cek_manual,R_8851.jpg,Recyclable,ok
0.404,0.387,0.494,0.395,0.415,perlu_cek_manual,R_8852.jpg,Recyclable,ok
0.435,0.47,0.476,0.392,0.445,perlu_cek_manual,R_8861.jpg,Recyclable,ok
1.0,0.392,0.768,0.27,0.625,perlu_cek_manual,R_887.jpg,Recyclable,ok
0.524,0.58,0.268,0.32,0.449,perlu_cek_manual,R_8873.jpg,Recyclable,ok
0.436,0.672,0.275,0.534,0.494,perlu_cek_manual,R_8878.jpg,Recyclable,ok
0.554,0.392,0.35,0.301,0.414,perlu_cek_manual,R_888.jpg,Recyclable,ok
0.321,0.69,0.215,0.389,0.424,perlu_cek_manual,R_8883.jpg,Recyclable,ok
1.0,0.432,0.687,0.0,0.567,perlu_cek_manual,R_8885.jpg,Recyclable,ok
0.49,0.437,0.306,0.61,0.461,perlu_cek_manual,R_8888.jpg,Recyclable,ok
0.537,0.338,0.938,0.231,0.497,perlu_cek_manual,R_889.jpg,Recyclable,ok
0.331,0.298,0.352,0.472,0.353,perlu_cek_manual,R_8890.jpg,Recyclable,ok
0.514,0.465,0.651,0.538,0.531,perlu_cek_manual,R_8891.jpg,Recyclable,ok
0.295,0.385,0.405,0.326,0.35,perlu_cek_manual,R_8901.jpg,Recyclable,ok
0.76,0.824,0.266,0.406,0.609,perlu_cek_manual,R_8905.jpg,Recyclable,ok
0.282,0.163,0.803,0.481,0.39,perlu_cek_manual,R_8907.jpg,Recyclable,ok
0.618,0.369,0.856,0.532,0.574,perlu_cek_manual,R_8909.jpg,Recyclable,ok
0.848,0.113,0.936,0.558,0.587,perlu_cek_manual,R_891.jpg,Recyclable,ok
0.853,0.288,0.263,0.512,0.497,perlu_cek_manual,R_8913.jpg,Recyclable,ok
0.419,0.387,0.288,0.458,0.391,perlu_cek_manual,R_8914.jpg,Recyclable,ok
0.239,0.417,0.304,0.504,0.358,perlu_cek_manual,R_8916.jpg,Recyclable,ok
0.422,0.122,0.899,0.448,0.433,perlu_cek_manual,R_8918.jpg,Recyclable,ok
1.0,0.555,0.612,0.061,0.601,perlu_cek_manual,R_892.jpg,Recyclable,ok
0.216,0.633,0.409,0.412,0.419,perlu_cek_manual,R_8926.jpg,Recyclable,ok
0.17,0.149,0.931,0.698,0.421,perlu_cek_manual,R_8928.jpg,Recyclable,ok
0.228,0.246,0.841,0.401,0.391,perlu_cek_manual,R_893.jpg,Recyclable,ok
0.662,0.877,0.473,0.047,0.566,perlu_cek_manual,R_8930.jpg,Recyclable,ok
0.496,0.171,0.927,0.535,0.493,perlu_cek_manual,R_8933.jpg,Recyclable,ok
0.649,0.61,0.342,0.591,0.564,perlu_cek_manual,R_8936.jpg,Recyclable,ok
0.403,0.526,0.472,0.418,0.457,perlu_cek_manual,R_8937.jpg,Recyclable,ok
0.616,0.209,0.312,0.41,0.392,perlu_cek_manual,R_8939.jpg,Recyclable,ok
0.342,0.452,0.494,0.504,0.438,perlu_cek_manual,R_8943.jpg,Recyclable,ok
0.758,0.43,0.979,0.319,0.616,perlu_cek_manual,R_8949.jpg,Recyclable,ok
0.629,0.29,0.911,0.467,0.552,perlu_cek_manual,R_895.jpg,Recyclable,ok
0.193,0.238,0.744,0.456,0.369,perlu_cek_manual,R_8950.jpg,Recyclable,ok
0.103,0.488,0.802,0.502,0.438,perlu_cek_manual,R_8955.jpg,Recyclable,ok
0.303,0.37,0.742,0.329,0.416,perlu_cek_manual,R_8956.jpg,Recyclable,ok
0.345,0.534,0.721,0.593,0.526,perlu_cek_manual,R_8957.jpg,Recyclable,ok
0.169,0.306,0.809,0.582,0.42,perlu_cek_manual,R_8964.jpg,Recyclable,ok
0.354,0.492,0.295,0.344,0.382,perlu_cek_manual,R_8965.jpg,Recyclable,ok
0.691,0.5,0.782,0.348,0.583,perlu_cek_manual,R_8966.jpg,Recyclable,ok
0.418,0.628,0.845,0.118,0.506,perlu_cek_manual,R_8969.jpg,Recyclable,ok
0.785,0.495,0.63,0.573,0.625,perlu_cek_manual,R_897.jpg,Recyclable,ok
1.0,0.293,0.282,0.52,0.548,perlu_cek_manual,R_8970.jpg,Recyclable,ok
0.506,0.328,0.171,0.509,0.386,perlu_cek_manual,R_8973.jpg,Recyclable,ok
0.636,0.265,0.285,0.598,0.447,perlu_cek_manual,R_8974.jpg,Recyclable,ok
0.252,0.426,0.875,0.339,0.446,perlu_cek_manual,R_8975.jpg,Recyclable,ok
0.468,0.932,0.444,0.422,0.593,perlu_cek_manual,R_898.jpg,Recyclable,ok
0.267,0.31,0.569,0.469,0.381,perlu_cek_manual,R_8984.jpg,Recyclable,ok
1.0,0.239,1.0,0.166,0.605,perlu_cek_manual,R_8986.jpg,Recyclable,ok
0.568,0.172,0.89,0.586,0.517,perlu_cek_manual,R_8987.jpg,Recyclable,ok
0.487,0.432,0.426,0.352,0.431,perlu_cek_manual,R_8989.jpg,Recyclable,ok
0.096,0.639,0.143,0.51,0.351,perlu_cek_manual,R_899.jpg,Recyclable,ok
0.547,0.527,0.548,0.629,0.557,perlu_cek_manual,R_8990.jpg,Recyclable,ok
0.789,0.0,0.905,0.429,0.503,perlu_cek_manual,R_8993.jpg,Recyclable,ok
0.748,0.257,0.529,0.429,0.493,perlu_cek_manual,R_8995.jpg,Recyclable,ok
0.181,0.759,0.324,0.54,0.455,perlu_cek_manual,R_8996.jpg,Recyclable,ok
0.32,0.325,0.296,0.533,0.36,perlu_cek_manual,R_8997.jpg,Recyclable,ok
1.0,0.0,0.995,0.51,0.601,perlu_cek_manual,R_8998.jpg,Recyclable,ok
0.401,0.497,0.83,0.285,0.492,perlu_cek_manual,R_9006.jpg,Recyclable,ok
0.462,0.545,0.95,0.146,0.521,perlu_cek_manual,R_901.jpg,Recyclable,ok
0.284,1.0,0.875,0.369,0.634,perlu_cek_manual,R_9010.jpg,Recyclable,ok
0.464,0.624,0.943,0.439,0.603,perlu_cek_manual,R_9013.jpg,Recyclable,ok
0.206,0.389,0.332,0.562,0.357,perlu_cek_manual,R_9018.jpg,Recyclable,ok
1.0,0.234,0.956,0.135,0.588,perlu_cek_manual,R_902.jpg,Recyclable,ok
1.0,0.238,0.979,0.295,0.626,perlu_cek_manual,R_9029.jpg,Recyclable,ok
0.676,0.433,0.572,0.207,0.488,perlu_cek_manual,R_9039.jpg,Recyclable,ok
0.804,0.398,0.94,0.316,0.612,perlu_cek_manual,R_9040.jpg,Recyclable,ok
1.0,0.011,0.908,0.311,0.547,perlu_cek_manual,R_9041.jpg,Recyclable,ok
0.669,0.14,0.875,0.38,0.494,perlu_cek_manual,R_9045.jpg,Recyclable,ok
0.559,0.576,0.209,0.291,0.44,perlu_cek_manual,R_9049.jpg,Recyclable,ok
1.0,0.239,0.924,0.22,0.601,perlu_cek_manual,R_905.jpg,Recyclable,ok
0.634,0.486,0.467,0.437,0.517,perlu_cek_manual,R_9057.jpg,Recyclable,ok
1.0,0.211,0.879,0.467,0.632,perlu_cek_manual,R_9076.jpg,Recyclable,ok
0.451,0.447,0.301,0.382,0.406,perlu_cek_manual,R_9078.jpg,Recyclable,ok
0.743,0.275,1.0,0.184,0.542,perlu_cek_manual,R_9079.jpg,Recyclable,ok
0.296,0.637,0.444,0.263,0.421,perlu_cek_manual,R_9081.jpg,Recyclable,ok
0.508,0.713,0.524,0.168,0.505,perlu_cek_manual,R_9083.jpg,Recyclable,ok
1.0,0.063,0.981,0.328,0.581,perlu_cek_manual,R_9089.jpg,Recyclable,ok
1.0,0.193,0.99,0.44,0.644,perlu_cek_manual,R_9092.jpg,Recyclable,ok
0.504,0.72,0.575,0.265,0.535,perlu_cek_manual,R_9093.jpg,Recyclable,ok
0.595,0.636,0.811,0.34,0.599,perlu_cek_manual,R_9096.jpg,Recyclable,ok
0.337,0.995,0.889,0.324,0.642,perlu_cek_manual,R_9097.jpg,Recyclable,ok
0.394,0.648,0.925,0.154,0.528,perlu_cek_manual,R_910.jpg,Recyclable,ok
0.412,0.005,0.887,0.422,0.387,perlu_cek_manual,R_9100.jpg,Recyclable,ok
0.775,0.225,0.8,0.554,0.571,perlu_cek_manual,R_9102.jpg,Recyclable,ok
0.966,0.211,0.935,0.502,0.641,perlu_cek_manual,R_9108.jpg,Recyclable,ok
0.278,0.189,0.857,0.423,0.396,perlu_cek_manual,R_9109.jpg,Recyclable,ok
1.0,0.404,0.939,0.17,0.643,perlu_cek_manual,R_9110.jpg,Recyclable,ok
0.421,0.357,0.91,0.411,0.498,perlu_cek_manual,R_9111.jpg,Recyclable,ok
0.581,0.28,0.957,0.601,0.57,perlu_cek_manual,R_9112.jpg,Recyclable,ok
0.539,0.47,0.229,0.478,0.444,perlu_cek_manual,R_9113.jpg,Recyclable,ok
0.867,0.588,0.445,0.269,0.579,perlu_cek_manual,R_9115.jpg,Recyclable,ok
0.487,0.049,0.882,0.489,0.435,perlu_cek_manual,R_9118.jpg,Recyclable,ok
0.32,0.175,0.9,0.542,0.437,perlu_cek_manual,R_912.jpg,Recyclable,ok
0.708,0.412,0.37,0.415,0.493,perlu_cek_manual,R_9120.jpg,Recyclable,ok
0.329,0.189,0.863,0.426,0.413,perlu_cek_manual,R_9121.jpg,Recyclable,ok
0.466,0.216,0.907,0.496,0.485,perlu_cek_manual,R_9124.jpg,Recyclable,ok
0.202,0.282,0.868,0.297,0.378,perlu_cek_manual,R_9127.jpg,Recyclable,ok
0.18,0.517,0.43,0.397,0.375,perlu_cek_manual,R_9128.jpg,Recyclable,ok
0.526,0.084,0.966,0.27,0.43,perlu_cek_manual,R_9133.jpg,Recyclable,ok
1.0,0.162,0.876,0.576,0.639,perlu_cek_manual,R_9135.jpg,Recyclable,ok
0.627,0.487,0.874,0.504,0.61,perlu_cek_manual,R_914.jpg,Recyclable,ok
0.358,0.421,0.88,0.423,0.494,perlu_cek_manual,R_9140.jpg,Recyclable,ok
0.636,0.048,0.903,0.406,0.467,perlu_cek_manual,R_9142.jpg,Recyclable,ok
1.0,0.38,0.906,0.123,0.62,perlu_cek_manual,R_9143.jpg,Recyclable,ok
0.535,0.378,0.883,0.549,0.56,perlu_cek_manual,R_915.jpg,Recyclable,ok
0.66,0.0,0.975,0.49,0.491,perlu_cek_manual,R_9156.jpg,Recyclable,ok
0.761,0.252,0.955,0.656,0.626,perlu_cek_manual,R_9157.jpg,Recyclable,ok
0.708,0.589,1.0,0.304,0.65,perlu_cek_manual,R_9161.jpg,Recyclable,ok
0.122,0.197,0.864,0.488,0.366,perlu_cek_manual,R_9164.jpg,Recyclable,ok
0.383,0.169,0.875,0.607,0.462,perlu_cek_manual,R_9170.jpg,Recyclable,ok
1.0,0.169,0.971,0.503,0.645,perlu_cek_manual,R_9176.jpg,Recyclable,ok
1.0,0.027,0.903,0.166,0.522,perlu_cek_manual,R_9177.jpg,Recyclable,ok
0.501,0.215,0.928,0.2,0.44,perlu_cek_manual,R_9178.jpg,Recyclable,ok
0.308,0.101,0.863,0.504,0.396,perlu_cek_manual,R_9180.jpg,Recyclable,ok
0.481,0.602,0.575,0.327,0.505,perlu_cek_manual,R_9181.jpg,Recyclable,ok
0.363,1.0,0.536,0.552,0.627,perlu_cek_manual,R_9184.jpg,Recyclable,ok
0.767,0.715,0.569,0.435,0.645,perlu_cek_manual,R_9185.jpg,Recyclable,ok
0.73,0.371,0.889,0.495,0.607,perlu_cek_manual,R_9188.jpg,Recyclable,ok
0.379,0.298,0.762,0.726,0.501,perlu_cek_manual,R_9189.jpg,Recyclable,ok
0.355,0.466,0.67,0.367,0.454,perlu_cek_manual,R_9191.jpg,Recyclable,ok
1.0,0.236,0.786,0.331,0.594,perlu_cek_manual,R_9192.jpg,Recyclable,ok
0.215,0.631,0.828,0.246,0.469,perlu_cek_manual,R_9198.jpg,Recyclable,ok
0.661,0.621,0.353,0.102,0.475,perlu_cek_manual,R_9200.jpg,Recyclable,ok
0.701,0.777,0.667,0.104,0.598,perlu_cek_manual,R_9203.jpg,Recyclable,ok
0.782,0.38,0.364,0.077,0.437,perlu_cek_manual,R_9204.jpg,Recyclable,ok
1.0,0.0,1.0,0.369,0.574,perlu_cek_manual,R_921.jpg,Recyclable,ok
0.308,0.532,0.393,0.161,0.363,perlu_cek_manual,R_9210.jpg,Recyclable,ok
0.763,0.588,1.0,0.134,0.632,perlu_cek_manual,R_9211.jpg,Recyclable,ok
0.394,0.217,0.909,0.299,0.425,perlu_cek_manual,R_9216.jpg,Recyclable,ok
1.0,0.056,0.952,0.118,0.531,perlu_cek_manual,R_9218.jpg,Recyclable,ok
0.461,0.503,0.967,0.635,0.61,perlu_cek_manual,R_922.jpg,Recyclable,ok
0.569,0.461,0.441,0.106,0.418,perlu_cek_manual,R_9221.jpg,Recyclable,ok
0.642,0.0,0.774,0.143,0.376,perlu_cek_manual,R_9224.jpg,Recyclable,ok
0.486,0.623,0.499,0.067,0.446,perlu_cek_manual,R_9225.jpg,Recyclable,ok
0.328,0.206,0.802,0.474,0.415,perlu_cek_manual,R_923.jpg,Recyclable,ok
0.569,0.516,0.775,0.068,0.494,perlu_cek_manual,R_9230.jpg,Recyclable,ok
0.755,0.696,0.565,0.088,0.566,perlu_cek_manual,R_9231.jpg,Recyclable,ok
0.415,0.446,0.349,0.216,0.371,perlu_cek_manual,R_9232.jpg,Recyclable,ok
0.419,0.82,0.707,0.084,0.53,perlu_cek_manual,R_9233.jpg,Recyclable,ok
0.311,0.772,0.399,0.05,0.415,perlu_cek_manual,R_9239.jpg,Recyclable,ok
1.0,0.151,0.569,0.375,0.534,perlu_cek_manual,R_924.jpg,Recyclable,ok
0.297,0.168,0.898,0.172,0.354,perlu_cek_manual,R_9240.jpg,Recyclable,ok
0.982,0.46,0.566,0.074,0.56,perlu_cek_manual,R_9244.jpg,Recyclable,ok
0.387,0.483,0.421,0.062,0.357,perlu_cek_manual,R_9249.jpg,Recyclable,ok
0.272,0.231,0.851,0.549,0.431,perlu_cek_manual,R_925.jpg,Recyclable,ok
0.464,0.757,0.582,0.124,0.508,perlu_cek_manual,R_9251.jpg,Recyclable,ok
0.427,0.963,0.901,0.124,0.622,perlu_cek_manual,R_9254.jpg,Recyclable,ok
0.106,0.431,0.571,0.43,0.361,perlu_cek_manual,R_9255.jpg,Recyclable,ok
0.356,1.0,0.428,0.159,0.524,perlu_cek_manual,R_9257.jpg,Recyclable,ok
0.564,0.474,0.393,0.672,0.524,perlu_cek_manual,R_926.jpg,Recyclable,ok
1.0,0.121,1.0,0.193,0.575,perlu_cek_manual,R_9261.jpg,Recyclable,ok
0.893,0.564,0.513,0.124,0.564,perlu_cek_manual,R_9262.jpg,Recyclable,ok
0.995,0.609,0.536,0.091,0.607,perlu_cek_manual,R_9279.jpg,Recyclable,ok
0.648,0.493,0.589,0.062,0.473,perlu_cek_manual,R_9285.jpg,Recyclable,ok
0.393,0.456,0.906,0.116,0.459,perlu_cek_manual,R_9291.jpg,Recyclable,ok
0.844,0.427,0.572,0.144,0.525,perlu_cek_manual,R_9296.jpg,Recyclable,ok
0.5,0.474,0.567,0.088,0.423,perlu_cek_manual,R_9299.jpg,Recyclable,ok
0.238,0.368,0.502,0.407,0.364,perlu_cek_manual,R_93.jpg,Recyclable,ok
0.231,0.609,0.505,0.194,0.392,perlu_cek_manual,R_9303.jpg,Recyclable,ok
0.624,0.682,0.719,0.112,0.558,perlu_cek_manual,R_9304.jpg,Recyclable,ok
0.477,0.434,0.896,0.224,0.497,perlu_cek_manual,R_9305.jpg,Recyclable,ok
0.549,0.494,0.434,0.124,0.425,perlu_cek_manual,R_9312.jpg,Recyclable,ok
0.297,0.584,0.658,0.158,0.427,perlu_cek_manual,R_9316.jpg,Recyclable,ok
0.437,0.257,0.812,0.347,0.44,perlu_cek_manual,R_9319.jpg,Recyclable,ok
0.235,0.29,0.868,0.233,0.378,perlu_cek_manual,R_932.jpg,Recyclable,ok
0.551,0.327,0.385,0.084,0.357,perlu_cek_manual,R_9322.jpg,Recyclable,ok
0.691,1.0,0.59,0.082,0.641,perlu_cek_manual,R_9330.jpg,Recyclable,ok
0.316,0.981,0.438,0.097,0.496,perlu_cek_manual,R_9331.jpg,Recyclable,ok
0.395,0.472,0.408,0.089,0.359,perlu_cek_manual,R_9337.jpg,Recyclable,ok
0.162,0.151,0.813,0.482,0.353,perlu_cek_manual,R_934.jpg,Recyclable,ok
1.0,0.096,0.899,0.38,0.585,perlu_cek_manual,R_9341.jpg,Recyclable,ok
0.564,0.311,0.457,0.131,0.38,perlu_cek_manual,R_9347.jpg,Recyclable,ok
0.631,0.974,0.57,0.03,0.601,perlu_cek_manual,R_9348.jpg,Recyclable,ok
0.56,0.265,0.924,0.437,0.52,perlu_cek_manual,R_935.jpg,Recyclable,ok
1.0,0.322,0.848,0.069,0.58,perlu_cek_manual,R_9350.jpg,Recyclable,ok
0.627,0.519,0.588,0.034,0.468,perlu_cek_manual,R_9351.jpg,Recyclable,ok
0.412,0.475,0.428,0.122,0.376,perlu_cek_manual,R_9354.jpg,Recyclable,ok
0.635,0.41,0.499,0.119,0.437,perlu_cek_manual,R_9355.jpg,Recyclable,ok
0.941,0.675,0.773,0.037,0.646,perlu_cek_manual,R_9356.jpg,Recyclable,ok
0.903,0.648,0.552,0.302,0.636,perlu_cek_manual,R_9360.jpg,Recyclable,ok
0.664,0.43,0.327,0.314,0.456,perlu_cek_manual,R_9363.jpg,Recyclable,ok
1.0,0.0,0.986,0.351,0.567,perlu_cek_manual,R_9365.jpg,Recyclable,ok
0.602,0.209,0.928,0.256,0.48,perlu_cek_manual,R_9366.jpg,Recyclable,ok
0.6,1.0,0.588,0.17,0.631,perlu_cek_manual,R_9367.jpg,Recyclable,ok
0.224,0.276,0.881,0.162,0.358,perlu_cek_manual,R_9370.jpg,Recyclable,ok
0.35,0.238,0.861,0.358,0.42,perlu_cek_manual,R_9374.jpg,Recyclable,ok
0.706,0.471,0.58,0.024,0.474,perlu_cek_manual,R_9375.jpg,Recyclable,ok
0.3,0.493,0.906,0.387,0.497,perlu_cek_manual,R_938.jpg,Recyclable,ok
0.84,0.57,0.707,0.03,0.571,perlu_cek_manual,R_9381.jpg,Recyclable,ok
0.374,1.0,0.839,0.116,0.603,perlu_cek_manual,R_9386.jpg,Recyclable,ok
0.649,0.462,0.455,0.095,0.444,perlu_cek_manual,R_9387.jpg,Recyclable,ok
0.516,0.797,0.72,0.091,0.556,perlu_cek_manual,R_9388.jpg,Recyclable,ok
0.48,0.635,0.392,0.129,0.439,perlu_cek_manual,R_9391.jpg,Recyclable,ok
0.375,0.849,0.62,0.17,0.525,perlu_cek_manual,R_9393.jpg,Recyclable,ok
0.285,0.63,0.591,0.237,0.44,perlu_cek_manual,R_9396.jpg,Recyclable,ok
0.689,0.594,0.921,0.35,0.639,perlu_cek_manual,R_940.jpg,Recyclable,ok
0.066,0.641,0.433,0.413,0.381,perlu_cek_manual,R_9401.jpg,Recyclable,ok
1.0,0.0,0.971,0.025,0.499,perlu_cek_manual,R_9402.jpg,Recyclable,ok
0.639,0.561,0.467,0.089,0.471,perlu_cek_manual,R_9403.jpg,Recyclable,ok
0.81,0.555,0.846,0.272,0.633,perlu_cek_manual,R_9407.jpg,Recyclable,ok
0.4,0.558,0.986,0.094,0.504,perlu_cek_manual,R_9408.jpg,Recyclable,ok
0.52,0.298,0.421,0.113,0.352,perlu_cek_manual,R_9411.jpg,Recyclable,ok
0.868,0.665,0.627,0.157,0.617,perlu_cek_manual,R_9416.jpg,Recyclable,ok
0.435,0.563,0.5,0.095,0.419,perlu_cek_manual,R_9418.jpg,Recyclable,ok
0.441,0.282,0.815,0.524,0.485,perlu_cek_manual,R_9419.jpg,Recyclable,ok
0.686,0.045,0.886,0.493,0.495,perlu_cek_manual,R_942.jpg,Recyclable,ok
0.849,0.214,0.969,0.561,0.625,perlu_cek_manual,R_9420.jpg,Recyclable,ok
0.54,0.826,0.641,0.189,0.576,perlu_cek_manual,R_9423.jpg,Recyclable,ok
0.751,0.111,0.956,0.557,0.561,perlu_cek_manual,R_9424.jpg,Recyclable,ok
0.614,0.554,0.589,0.155,0.499,perlu_cek_manual,R_9426.jpg,Recyclable,ok
0.626,0.16,0.964,0.18,0.464,perlu_cek_manual,R_9432.jpg,Recyclable,ok
0.449,0.594,0.938,0.26,0.553,perlu_cek_manual,R_9433.jpg,Recyclable,ok
0.43,0.658,0.972,0.292,0.579,perlu_cek_manual,R_9434.jpg,Recyclable,ok
0.464,0.584,0.901,0.143,0.523,perlu_cek_manual,R_9441.jpg,Recyclable,ok
0.509,0.534,0.539,0.043,0.429,perlu_cek_manual,R_9445.jpg,Recyclable,ok
0.356,1.0,0.783,0.092,0.582,perlu_cek_manual,R_9449.jpg,Recyclable,ok
0.275,0.732,0.798,0.152,0.492,perlu_cek_manual,R_9450.jpg,Recyclable,ok
0.856,0.133,0.553,0.45,0.497,perlu_cek_manual,R_9451.jpg,Recyclable,ok
0.482,0.416,0.882,0.378,0.521,perlu_cek_manual,R_9453.jpg,Recyclable,ok
0.31,1.0,0.979,0.087,0.606,perlu_cek_manual,R_9454.jpg,Recyclable,ok
0.526,0.662,0.59,0.029,0.48,perlu_cek_manual,R_9457.jpg,Recyclable,ok
1.0,0.187,0.786,0.593,0.632,perlu_cek_manual,R_946.jpg,Recyclable,ok
0.332,0.649,0.501,0.093,0.413,perlu_cek_manual,R_9468.jpg,Recyclable,ok
0.282,0.334,0.899,0.315,0.428,perlu_cek_manual,R_9470.jpg,Recyclable,ok
1.0,0.14,0.935,0.514,0.632,perlu_cek_manual,R_9473.jpg,Recyclable,ok
0.434,0.602,0.915,0.513,0.596,perlu_cek_manual,R_9477.jpg,Recyclable,ok
0.851,0.518,0.531,0.071,0.531,perlu_cek_manual,R_9490.jpg,Recyclable,ok
0.647,0.309,0.511,0.221,0.433,perlu_cek_manual,R_9494.jpg,Recyclable,ok
0.32,0.271,0.854,0.468,0.442,perlu_cek_manual,R_9498.jpg,Recyclable,ok
0.32,0.276,0.95,0.529,0.474,perlu_cek_manual,R_950.jpg,Recyclable,ok
0.421,0.33,0.896,0.246,0.454,perlu_cek_manual,R_9509.jpg,Recyclable,ok
0.224,0.35,0.884,0.121,0.373,perlu_cek_manual,R_9512.jpg,Recyclable,ok
0.545,1.0,0.8,0.091,0.642,perlu_cek_manual,R_9517.jpg,Recyclable,ok
0.518,0.457,0.565,0.178,0.441,perlu_cek_manual,R_9518.jpg,Recyclable,ok
0.561,0.332,0.938,0.165,0.488,perlu_cek_manual,R_9519.jpg,Recyclable,ok
0.599,0.477,0.553,0.047,0.443,perlu_cek_manual,R_9520.jpg,Recyclable,ok
0.437,0.451,0.427,0.04,0.36,perlu_cek_manual,R_9522.jpg,Recyclable,ok
0.623,0.361,0.498,0.163,0.427,perlu_cek_manual,R_9526.jpg,Recyclable,ok
0.743,0.273,0.946,0.4,0.574,perlu_cek_manual,R_9530.jpg,Recyclable,ok
0.306,0.507,0.748,0.055,0.405,perlu_cek_manual,R_9532.jpg,Recyclable,ok
0.328,0.293,0.909,0.096,0.387,perlu_cek_manual,R_9536.jpg,Recyclable,ok
0.271,0.846,0.697,0.182,0.511,perlu_cek_manual,R_9538.jpg,Recyclable,ok
0.286,0.222,0.895,0.562,0.444,perlu_cek_manual,R_9539.jpg,Recyclable,ok
0.211,0.385,0.64,0.225,0.352,perlu_cek_manual,R_954.jpg,Recyclable,ok
0.422,0.393,0.37,0.164,0.351,perlu_cek_manual,R_9542.jpg,Recyclable,ok
0.387,0.377,0.544,0.371,0.412,perlu_cek_manual,R_9544.jpg,Recyclable,ok
0.143,0.593,0.838,0.255,0.439,perlu_cek_manual,R_9549.jpg,Recyclable,ok
0.329,0.433,0.817,0.168,0.426,perlu_cek_manual,R_9550.jpg,Recyclable,ok
0.257,0.572,0.385,0.173,0.36,perlu_cek_manual,R_9551.jpg,Recyclable,ok
0.743,0.172,0.943,0.219,0.507,perlu_cek_manual,R_9554.jpg,Recyclable,ok
0.827,0.737,0.643,0.095,0.617,perlu_cek_manual,R_9558.jpg,Recyclable,ok
0.864,0.186,0.74,0.485,0.56,perlu_cek_manual,R_9565.jpg,Recyclable,ok
0.113,0.462,1.0,0.059,0.384,perlu_cek_manual,R_9569.jpg,Recyclable,ok
0.544,0.615,0.929,0.144,0.563,perlu_cek_manual,R_9571.jpg,Recyclable,ok
0.51,0.447,0.512,0.073,0.404,perlu_cek_manual,R_9573.jpg,Recyclable,ok
0.691,0.0,1.0,0.377,0.483,perlu_cek_manual,R_9574.jpg,Recyclable,ok
0.408,1.0,0.963,0.134,0.642,perlu_cek_manual,R_9578.jpg,Recyclable,ok
1.0,0.0,1.0,0.622,0.624,perlu_cek_manual,R_9579.jpg,Recyclable,ok
0.825,0.627,0.576,0.162,0.583,perlu_cek_manual,R_9580.jpg,Recyclable,ok
0.552,0.308,1.0,0.12,0.482,perlu_cek_manual,R_9582.jpg,Recyclable,ok
0.656,0.446,0.558,0.087,0.46,perlu_cek_manual,R_9583.jpg,Recyclable,ok
0.456,0.58,0.537,0.087,0.436,perlu_cek_manual,R_9588.jpg,Recyclable,ok
0.367,0.177,0.938,0.414,0.433,perlu_cek_manual,R_9589.jpg,Recyclable,ok
1.0,0.583,0.825,0.034,0.647,perlu_cek_manual,R_9591.jpg,Recyclable,ok
0.958,0.122,0.967,0.111,0.54,perlu_cek_manual,R_9592.jpg,Recyclable,ok
1.0,0.0,0.951,0.227,0.535,perlu_cek_manual,R_9596.jpg,Recyclable,ok
1.0,0.167,0.975,0.235,0.592,perlu_cek_manual,R_9599.jpg,Recyclable,ok
0.843,0.405,0.926,0.293,0.618,perlu_cek_manual,R_9605.jpg,Recyclable,ok
0.282,1.0,0.283,0.398,0.521,perlu_cek_manual,R_9606.jpg,Recyclable,ok
0.64,0.143,0.941,0.367,0.496,perlu_cek_manual,R_9613.jpg,Recyclable,ok
0.977,0.15,0.925,0.288,0.581,perlu_cek_manual,R_9614.jpg,Recyclable,ok
0.64,0.53,0.417,0.429,0.52,perlu_cek_manual,R_9616.jpg,Recyclable,ok
0.711,0.421,0.413,0.564,0.535,perlu_cek_manual,R_9620.jpg,Recyclable,ok
1.0,0.094,0.971,0.227,0.568,perlu_cek_manual,R_9632.jpg,Recyclable,ok
0.297,0.566,0.363,0.392,0.41,perlu_cek_manual,R_9633.jpg,Recyclable,ok
0.392,0.353,0.304,0.438,0.372,perlu_cek_manual,R_9644.jpg,Recyclable,ok
0.751,0.064,0.954,0.29,0.493,perlu_cek_manual,R_9645.jpg,Recyclable,ok
1.0,0.125,1.0,0.117,0.561,perlu_cek_manual,R_9648.jpg,Recyclable,ok
0.741,0.713,0.594,0.363,0.628,perlu_cek_manual,R_9649.jpg,Recyclable,ok
0.118,0.919,0.242,0.273,0.414,perlu_cek_manual,R_9657.jpg,Recyclable,ok
0.543,0.119,0.959,0.113,0.413,perlu_cek_manual,R_9661.jpg,Recyclable,ok
1.0,0.116,0.977,0.336,0.597,perlu_cek_manual,R_9663.jpg,Recyclable,ok
0.374,0.464,0.858,0.364,0.496,perlu_cek_manual,R_9665.jpg,Recyclable,ok
0.239,0.358,0.875,0.247,0.403,perlu_cek_manual,R_9666.jpg,Recyclable,ok
0.523,0.502,0.748,0.265,0.51,perlu_cek_manual,R_9669.jpg,Recyclable,ok
0.104,0.301,0.977,0.238,0.365,perlu_cek_manual,R_9677.jpg,Recyclable,ok
0.377,0.074,0.881,0.283,0.368,perlu_cek_manual,R_9678.jpg,Recyclable,ok
0.317,0.327,0.827,0.409,0.44,perlu_cek_manual,R_9683.jpg,Recyclable,ok
0.7,0.196,1.0,0.159,0.501,perlu_cek_manual,R_9691.jpg,Recyclable,ok
0.605,0.557,0.679,0.581,0.601,perlu_cek_manual,R_9695.jpg,Recyclable,ok
0.654,0.32,0.814,0.32,0.519,perlu_cek_manual,R_9697.jpg,Recyclable,ok
0.788,0.37,0.429,0.348,0.503,perlu_cek_manual,R_97.jpg,Recyclable,ok
0.83,0.686,0.833,0.125,0.646,perlu_cek_manual,R_970.jpg,Recyclable,ok
0.531,0.357,0.876,0.367,0.515,perlu_cek_manual,R_9703.jpg,Recyclable,ok
0.405,0.528,0.323,0.272,0.399,perlu_cek_manual,R_9704.jpg,Recyclable,ok
0.351,0.652,0.328,0.346,0.436,perlu_cek_manual,R_9712.jpg,Recyclable,ok
0.581,0.266,0.761,0.575,0.521,perlu_cek_manual,R_9714.jpg,Recyclable,ok
0.398,0.352,0.676,0.319,0.424,perlu_cek_manual,R_972.jpg,Recyclable,ok
0.134,0.932,0.202,0.553,0.471,perlu_cek_manual,R_9724.jpg,Recyclable,ok
0.458,0.286,0.831,0.435,0.476,perlu_cek_manual,R_9725.jpg,Recyclable,ok
0.363,0.818,0.928,0.183,0.576,perlu_cek_manual,R_9726.jpg,Recyclable,ok
0.167,0.668,0.347,0.391,0.398,perlu_cek_manual,R_9731.jpg,Recyclable,ok
0.236,0.404,0.71,0.306,0.395,perlu_cek_manual,R_9736.jpg,Recyclable,ok
0.684,0.0,0.906,0.297,0.446,perlu_cek_manual,R_974.jpg,Recyclable,ok
0.536,0.329,0.318,0.633,0.45,perlu_cek_manual,R_9744.jpg,Recyclable,ok
0.556,0.412,0.367,0.398,0.444,perlu_cek_manual,R_9746.jpg,Recyclable,ok
0.403,0.495,0.704,0.276,0.465,perlu_cek_manual,R_9749.jpg,Recyclable,ok
0.491,0.44,0.318,0.504,0.444,perlu_cek_manual,R_9755.jpg,Recyclable,ok
0.181,0.634,0.41,0.312,0.389,perlu_cek_manual,R_9756.jpg,Recyclable,ok
0.36,0.303,0.692,0.572,0.452,perlu_cek_manual,R_9757.jpg,Recyclable,ok
0.589,0.315,0.499,0.451,0.461,perlu_cek_manual,R_9758.jpg,Recyclable,ok
0.597,0.385,0.937,0.385,0.559,perlu_cek_manual,R_9759.jpg,Recyclable,ok
0.348,0.727,0.428,0.534,0.515,perlu_cek_manual,R_9761.jpg,Recyclable,ok
0.281,0.056,0.808,0.659,0.394,perlu_cek_manual,R_9769.jpg,Recyclable,ok
0.538,0.285,0.504,0.567,0.461,perlu_cek_manual,R_977.jpg,Recyclable,ok
0.152,0.719,0.409,0.196,0.383,perlu_cek_manual,R_9771.jpg,Recyclable,ok
0.336,0.74,0.344,0.583,0.508,perlu_cek_manual,R_9772.jpg,Recyclable,ok
1.0,0.0,0.99,0.084,0.515,perlu_cek_manual,R_9773.jpg,Recyclable,ok
0.125,1.0,0.318,0.2,0.441,perlu_cek_manual,R_9779.jpg,Recyclable,ok
1.0,0.085,1.0,0.276,0.581,perlu_cek_manual,R_9781.jpg,Recyclable,ok
0.584,0.298,0.94,0.272,0.507,perlu_cek_manual,R_9782.jpg,Recyclable,ok
0.625,0.097,0.948,0.449,0.496,perlu_cek_manual,R_9790.jpg,Recyclable,ok
0.421,0.0,0.846,0.348,0.365,perlu_cek_manual,R_9797.jpg,Recyclable,ok
0.52,0.288,0.848,0.317,0.475,perlu_cek_manual,R_9801.jpg,Recyclable,ok
0.697,0.104,0.934,0.357,0.498,perlu_cek_manual,R_9805.jpg,Recyclable,ok
0.459,0.0,0.857,0.211,0.351,perlu_cek_manual,R_9807.jpg,Recyclable,ok
0.509,1.0,0.367,0.242,0.575,perlu_cek_manual,R_9808.jpg,Recyclable,ok
0.474,0.656,0.372,0.352,0.484,perlu_cek_manual,R_9812.jpg,Recyclable,ok
0.753,0.103,0.545,0.431,0.452,perlu_cek_manual,R_9822.jpg,Recyclable,ok
1.0,0.112,0.961,0.457,0.617,perlu_cek_manual,R_9825.jpg,Recyclable,ok
0.108,0.852,0.301,0.52,0.452,perlu_cek_manual,R_9832.jpg,Recyclable,ok
0.246,0.338,0.875,0.258,0.402,perlu_cek_manual,R_9834.jpg,Recyclable,ok
0.334,0.153,0.929,0.304,0.393,perlu_cek_manual,R_9835.jpg,Recyclable,ok
0.241,0.73,0.376,0.534,0.473,perlu_cek_manual,R_9836.jpg,Recyclable,ok
0.686,0.743,0.465,0.573,0.636,perlu_cek_manual,R_9843.jpg,Recyclable,ok
0.481,0.194,0.678,0.386,0.415,perlu_cek_manual,R_9844.jpg,Recyclable,ok
0.412,0.047,0.885,0.226,0.36,perlu_cek_manual,R_9846.jpg,Recyclable,ok
0.567,0.251,0.34,0.512,0.416,perlu_cek_manual,R_9854.jpg,Recyclable,ok
0.272,0.612,0.293,0.387,0.401,perlu_cek_manual,R_9857.jpg,Recyclable,ok
0.309,0.793,0.506,0.297,0.491,perlu_cek_manual,R_9863.jpg,Recyclable,ok
0.208,0.805,0.596,0.1,0.443,perlu_cek_manual,R_9866.jpg,Recyclable,ok
0.663,0.373,0.336,0.279,0.434,perlu_cek_manual,R_987.jpg,Recyclable,ok
0.51,0.338,0.286,0.579,0.428,perlu_cek_manual,R_9871.jpg,Recyclable,ok
0.519,0.254,0.637,0.023,0.364,perlu_cek_manual,R_9872.jpg,Recyclable,ok
0.426,0.485,0.516,0.223,0.421,perlu_cek_manual,R_9879.jpg,Recyclable,ok
0.227,0.428,0.326,0.491,0.36,perlu_cek_manual,R_9881.jpg,Recyclable,ok
0.242,0.683,0.169,0.562,0.424,perlu_cek_manual,R_9884.jpg,Recyclable,ok
0.248,0.445,0.351,0.437,0.365,perlu_cek_manual,R_9889.jpg,Recyclable,ok
0.553,0.411,0.452,0.153,0.41,perlu_cek_manual,R_9896.jpg,Recyclable,ok
0.49,0.451,0.474,0.302,0.437,perlu_cek_manual,R_9901.jpg,Recyclable,ok
0.627,0.586,0.606,0.53,0.591,perlu_cek_manual,R_9908.jpg,Recyclable,ok
1.0,0.316,0.446,0.294,0.543,perlu_cek_manual,R_991.jpg,Recyclable,ok
0.459,0.384,0.92,0.303,0.497,perlu_cek_manual,R_9914.jpg,Recyclable,ok
0.252,0.339,0.989,0.555,0.486,perlu_cek_manual,R_9922.jpg,Recyclable,ok
0.873,0.058,0.979,0.223,0.52,perlu_cek_manual,R_9934.jpg,Recyclable,ok
0.469,0.382,0.523,0.569,0.474,perlu_cek_manual,R_9940.jpg,Recyclable,ok
0.206,0.73,0.394,0.186,0.397,perlu_cek_manual,R_9942.jpg,Recyclable,ok
1.0,0.292,0.686,0.335,0.592,perlu_cek_manual,R_9948.jpg,Recyclable,ok
0.615,0.0,0.596,0.551,0.414,perlu_cek_manual,R_9952.jpg,Recyclable,ok
1.0,0.0,1.0,0.554,0.611,perlu_cek_manual,R_9956.jpg,Recyclable,ok
0.717,0.646,0.199,0.392,0.527,perlu_cek_manual,R_9959.jpg,Recyclable,ok
0.149,0.225,0.742,0.541,0.369,perlu_cek_manual,R_9966.jpg,Recyclable,ok
0.381,0.128,0.905,0.345,0.403,perlu_cek_manual,R_9969.jpg,Recyclable,ok
0.343,0.48,0.4,0.26,0.379,perlu_cek_manual,R_9970.jpg,Recyclable,ok
1.0,0.0,0.606,0.485,0.518,perlu_cek_manual,R_9971.jpg,Recyclable,ok
0.812,0.223,0.487,0.395,0.487,perlu_cek_manual,R_9972.jpg,Recyclable,ok
0.598,0.4,0.534,0.485,0.503,perlu_cek_manual,R_9976.jpg,Recyclable,ok
0.65,0.434,0.237,0.276,0.428,perlu_cek_manual,R_9979.jpg,Recyclable,ok
0.34,0.586,0.317,0.535,0.448,perlu_cek_manual,R_9981.jpg,Recyclable,ok
0.869,0.151,0.892,0.53,0.59,perlu_cek_manual,R_9984.jpg,Recyclable,ok
0.308,0.359,0.498,0.361,0.372,perlu_cek_manual,R_9989.jpg,Recyclable,ok
0.719,0.334,0.77,0.447,0.559,perlu_cek_manual,R_999.jpg,Recyclable,ok
0.778,0.483,0.669,0.022,0.517,perlu_cek_manual,R_9990.jpg,Recyclable,ok
0.635,0.0,0.91,0.606,0.494,perlu_cek_manual,R_9994.jpg,Recyclable,ok
0.286,0.435,0.863,0.485,0.486,perlu_cek_manual,R_9995.jpg,Recyclable,ok
0.618,0.586,0.779,0.007,0.518,perlu_cek_manual,1-theworldprod.jpg,Electronic,ok
0.697,0.448,0.924,0.417,0.612,perlu_cek_manual,1.Aac800bddf9004b01a3ac84e4a49572eaH.jpg,Electronic,ok
0.463,0.703,1.0,0.475,0.645,perlu_cek_manual,1.jpeg,Electronic,ok
0.387,0.613,0.859,0.483,0.568,perlu_cek_manual,1.laptop-damage-computer-smashed-fractured-260nw-2324717865.jpg,Electronic,ok
0.653,0.605,0.805,0.515,0.642,perlu_cek_manual,1.wienaustria-june-4-2019-pile-of-discarded-computer-processor-sorted-on-a-bin-in-a-recycling-and-recovery-compound-in-vienna-prepared-for-extract-2AHNFB3.jpg,Electronic,ok
1.0,0.201,0.508,0.422,0.546,perlu_cek_manual,10.electronic-waste-ready-to-recycle-isolated-on-white-background-pile-of-mixed-electronic-waste-old-broken-computer-parts-laptops-cell-phones-2K377WN.jpg,Electronic,ok
0.652,0.367,0.976,0.344,0.57,perlu_cek_manual,10.kondem1684770266.jpeg,Electronic,ok
0.257,0.35,0.882,0.322,0.423,perlu_cek_manual,10.retro-computer-grungy.jpg,Electronic,ok
0.853,0.427,0.49,0.373,0.557,perlu_cek_manual,11.thats-my-dads-computer-maingear-revives-the-90s-again-with-r_wf85.jpg,Electronic,ok
0.596,0.518,0.917,0.174,0.552,perlu_cek_manual,12.347361369_e5270cedaa_o.jpg,Electronic,ok
0.613,0.549,0.942,0.54,0.645,perlu_cek_manual,12.For-New-8-core-64-bit-CPU-Scrap-for-Laptop-E-Waste-Recovery-and-Gold-Extraction-RAM-Board-Scrap-Wholesale.jpg,Electronic,ok
0.788,0.587,0.9,0.244,0.642,perlu_cek_manual,12.lcd-monitors-scrap-1363500.jpg,Electronic,ok
0.91,0.253,0.507,0.447,0.539,perlu_cek_manual,12.motherboard-scrap.jpg,Electronic,ok
1.0,0.319,0.811,0.398,0.638,perlu_cek_manual,12.three-old-obsolete-computer-screen-monitors-discarded-as-junk-on-the-B49J8G.jpg,Electronic,ok
0.332,0.337,0.742,0.396,0.428,perlu_cek_manual,13.ewasa-blogs1-1024x576.png,Electronic,ok
0.555,0.283,0.593,0.361,0.442,perlu_cek_manual,14.2728905_20190122100223.jpg,Electronic,ok
0.983,0.477,0.643,0.364,0.639,perlu_cek_manual,14.damaged-laptop-computer-with-broken-screen-attachment-2A89M0B.jpg,Electronic,ok
0.685,0.558,0.956,0.41,0.646,perlu_cek_manual,14.laptop-recycling-1422x800.jpg,Electronic,ok
1.0,0.3,0.498,0.404,0.571,perlu_cek_manual,14.old-dusty-vintage-computer-laptop-notebook-in-isolated-white-2A6X2JP.jpg,Electronic,ok
0.536,0.53,0.934,0.11,0.529,perlu_cek_manual,15.discarded-broken-smartphones-amidst-cracked-screens-close-up-discarded-broken-smartphones-cracked-screens-highlighting-333067838.jpg,Electronic,ok
1.0,0.322,0.697,0.338,0.604,perlu_cek_manual,15.jpeg,Electronic,ok
1.0,0.383,0.562,0.442,0.616,perlu_cek_manual,15.maxresdefault.jpg,Electronic,ok
0.636,0.5,0.933,0.425,0.612,perlu_cek_manual,15.WhatsApp-Image-2024-06-24-at-17.19.46-989x1024.jpeg,Electronic,ok
0.109,0.459,0.649,0.525,0.405,perlu_cek_manual,152.jpeg,Electronic,ok
0.649,0.447,0.72,0.444,0.561,perlu_cek_manual,155.jpg,Electronic,ok
0.664,0.607,0.806,0.333,0.609,perlu_cek_manual,158.jpg,Electronic,ok
0.464,0.358,0.906,0.624,0.553,perlu_cek_manual,16.computer-motherboard-scrap-1762726979-8425857.jpg,Electronic,ok
0.941,0.289,0.839,0.559,0.648,perlu_cek_manual,16.jpeg,Electronic,ok
0.565,0.518,0.977,0.304,0.581,perlu_cek_manual,16.preview16.jpg,Electronic,ok
0.533,0.577,0.929,0.29,0.577,perlu_cek_manual,16.s-l1200.jpg,Electronic,ok
1.0,0.56,0.773,0.0,0.623,perlu_cek_manual,16.stock-photo-electronic-waste-and-garbage-for-recycling-1675112317.jpg,Electronic,ok
0.269,0.27,0.792,0.493,0.419,perlu_cek_manual,162.jpg,Electronic,ok
0.179,0.42,0.796,0.412,0.421,perlu_cek_manual,163.jpg,Electronic,ok
0.726,0.501,0.862,0.491,0.639,perlu_cek_manual,17.e-waste.jpeg,Electronic,ok
0.829,0.44,0.937,0.082,0.585,perlu_cek_manual,17.GettyImages-866313382-scaled.jpg,Electronic,ok
0.851,0.384,1.0,0.315,0.634,perlu_cek_manual,17.jpeg,Electronic,ok
1.0,0.277,0.513,0.566,0.599,perlu_cek_manual,17.motherboard-scrap-org-40950358103883243.jpg,Electronic,ok
0.855,0.419,0.512,0.017,0.488,perlu_cek_manual,17.old-damaged-laptop-isolated-on-white-KPWDJ1.jpg,Electronic,ok
0.315,0.229,0.634,0.312,0.352,perlu_cek_manual,17.Screen-Shot-2016-08-04-at-12.32.42-PM.png,Electronic,ok
0.718,0.188,0.875,0.441,0.535,perlu_cek_manual,175.jpg,Electronic,ok
0.208,0.314,0.831,0.514,0.426,perlu_cek_manual,179.jpg,Electronic,ok
0.471,0.402,0.859,0.642,0.562,perlu_cek_manual,18.A47e9e4f9414b4fbcb7b510717817993c6.jpg,Electronic,ok
0.752,0.316,0.56,0.192,0.471,perlu_cek_manual,18.e172baa7c477f292b80cddf046f813d9.jpg,Electronic,ok
0.953,0.209,0.857,0.333,0.587,perlu_cek_manual,18.old-tv-broken-screen-space-text-old-tv-broken-screen-space-text-315783969.jpg,Electronic,ok
0.841,0.641,0.773,0.004,0.6,perlu_cek_manual,18.shredded_electronic_waste_weee_web.jpg,Electronic,ok
1.0,0.339,0.977,0.053,0.608,perlu_cek_manual,18.technician-repairing-broken-laptop-notebook-computer-with-a-screwdriver-photo.jpg,Electronic,ok
0.363,0.797,0.839,0.522,0.62,perlu_cek_manual,180.jpg,Electronic,ok
0.378,0.436,0.762,0.628,0.522,perlu_cek_manual,185.jpeg,Electronic,ok
0.772,0.516,0.93,0.108,0.594,perlu_cek_manual,2.34.-grosir-sparepart-komputer.jpg,Electronic,ok
0.645,0.432,0.578,0.513,0.541,perlu_cek_manual,2.640px-IBM_PC_5150-640x437.jpg,Electronic,ok
0.222,0.131,0.888,0.435,0.371,perlu_cek_manual,2.b4f4de90-db8c-4a4a-a0b6-2b2cf3fac074.jpg,Electronic,ok
0.342,0.493,0.896,0.308,0.491,perlu_cek_manual,2.obsolete_electronic_parts_TW.png,Electronic,ok
1.0,0.339,0.83,0.356,0.639,perlu_cek_manual,2.remains-mobile-phone-spread-on-260nw-2560076169.jpg,Electronic,ok
0.725,0.72,0.941,0.0,0.622,perlu_cek_manual,20.mtc1odyyntc5na-1758625794-umqaynj8.jpg,Electronic,ok
0.146,0.92,0.923,0.433,0.591,perlu_cek_manual,204.jpeg,Electronic,ok
0.498,0.483,0.869,0.274,0.523,perlu_cek_manual,206.jpeg,Electronic,ok
0.217,0.212,0.919,0.426,0.398,perlu_cek_manual,208.jpeg,Electronic,ok
0.256,0.132,1.0,0.545,0.425,perlu_cek_manual,209.jpeg,Electronic,ok
0.729,0.181,0.349,0.422,0.427,perlu_cek_manual,21.Broken-TV-screen.png,Electronic,ok
0.549,0.528,0.81,0.005,0.486,perlu_cek_manual,24.according-to-the-unite.jpg,Electronic,ok
0.643,0.126,0.246,0.478,0.376,perlu_cek_manual,24.electronic-waste-ready-recycling-isolated-white-background-92963249.jpg,Electronic,ok
0.792,0.38,0.975,0.428,0.632,perlu_cek_manual,241.jpeg,Electronic,ok
1.0,0.138,0.744,0.459,0.582,perlu_cek_manual,25.depositphotos_329197440-stock-photo-pile-motherboard-computer-electronic-equipment.jpg,Electronic,ok
1.0,0.273,0.309,0.661,0.576,perlu_cek_manual,25.front-view-of-old-broken-laptop-isolated-KPWDRW.jpg,Electronic,ok
0.701,0.18,0.465,0.456,0.448,perlu_cek_manual,26.broken-old-computer-laptop-notebook-crash-concept-laptop-disassembling-repair-shop-broken-old-computer-laptop-130873329.jpg,Electronic,ok
0.244,0.503,0.841,0.384,0.469,perlu_cek_manual,26.depositphotos_326846882-stock-photo-closeup-shot-of-a-broken.jpg,Electronic,ok
0.237,0.924,0.866,0.182,0.558,perlu_cek_manual,261.jpeg,Electronic,ok
0.315,0.856,0.777,0.498,0.606,perlu_cek_manual,263.jpeg,Electronic,ok
0.167,1.0,0.993,0.481,0.645,perlu_cek_manual,264.jpeg,Electronic,ok
0.59,0.319,0.953,0.471,0.558,perlu_cek_manual,27.jpeg,Electronic,ok
1.0,0.486,0.95,0.0,0.636,perlu_cek_manual,3.computer-motherboard-scrap-for-recycling-688.jpg,Electronic,ok
1.0,0.098,0.229,0.445,0.464,perlu_cek_manual,3.destroyed-broken-electronics-on-dump-D6DCH4.jpg,Electronic,ok
0.446,0.85,0.937,0.247,0.626,perlu_cek_manual,3.galaxys5reviewpocketnow-1000x466.jpg,Electronic,ok
0.569,0.395,0.944,0.443,0.567,perlu_cek_manual,3.s-l400.jpg,Electronic,ok
0.675,0.472,0.94,0.338,0.6,perlu_cek_manual,319.jpeg,Electronic,ok
0.362,1.0,1.0,0.154,0.639,perlu_cek_manual,331.jpeg,Electronic,ok
0.458,0.54,0.93,0.38,0.561,perlu_cek_manual,35.computer-recycling-milton-keynes-.jpg,Electronic,ok
1.0,0.0,0.913,0.187,0.52,perlu_cek_manual,35.e-waste-pickup1-300x200.png,Electronic,ok
0.178,0.954,0.914,0.14,0.55,perlu_cek_manual,39.free-photo-of-jalan-smartphone-ponsel-pintar-rusak.jpeg,Electronic,ok
0.471,0.785,0.934,0.298,0.623,perlu_cek_manual,4.a-pile-of-old-computers-and-monitors-sitting-on-top-of-a-pile-of-junk-free-photo.jpeg,Electronic,ok
0.467,0.34,0.935,0.318,0.493,perlu_cek_manual,4.hq720.jpg,Electronic,ok
0.443,0.676,0.845,0.612,0.627,perlu_cek_manual,4.IMG_20150921_095015766.jpg,Electronic,ok
0.473,0.333,0.909,0.377,0.499,perlu_cek_manual,4.jpeg,Electronic,ok
0.757,0.554,0.939,0.028,0.587,perlu_cek_manual,4.s-l400.jpg,Electronic,ok
0.539,0.858,0.961,0.074,0.626,perlu_cek_manual,4.WHY-ARE-ELECTRONICS-BECOMING-OBSOLETE-FASTER.jpg,Electronic,ok
0.433,0.482,1.0,0.463,0.567,perlu_cek_manual,40.5wh0lsj1gtwy.jpg,Electronic,ok
1.0,0.609,0.826,0.0,0.648,perlu_cek_manual,40.depositphotos_207919862-stock-photo-pile-used-electronic-housewares-waste.jpg,Electronic,ok
0.645,0.456,0.962,0.275,0.578,perlu_cek_manual,40._90883751_gettyimages-108037884.jpg,Electronic,ok
0.476,0.229,0.852,0.482,0.478,perlu_cek_manual,41.old-broken-television-set-shattered-screen-rusting-components-symbolizing-obsolescence-decay-sits-discarded-vintage-429776054.jpg,Electronic,ok
0.469,0.561,0.925,0.143,0.523,perlu_cek_manual,45.clock-1495963_1280.jpg,Electronic,ok
0.244,0.671,0.915,0.477,0.553,perlu_cek_manual,456.jpeg,Electronic,ok
0.137,0.309,0.812,0.378,0.372,perlu_cek_manual,457.jpeg,Electronic,ok
0.224,0.986,0.951,0.454,0.644,perlu_cek_manual,461.jpeg,Electronic,ok
0.124,1.0,0.905,0.367,0.592,perlu_cek_manual,467.jpeg,Electronic,ok
0.196,1.0,0.858,0.549,0.64,perlu_cek_manual,471.jpeg,Electronic,ok
0.212,0.436,0.874,0.423,0.454,perlu_cek_manual,473.jpg,Electronic,ok
0.287,0.791,0.872,0.486,0.595,perlu_cek_manual,477.jpg,Electronic,ok
0.426,0.572,0.929,0.3,0.545,perlu_cek_manual,478.jpg,Electronic,ok
0.317,0.241,0.919,0.627,0.477,perlu_cek_manual,48.broken.jpg,Electronic,ok
0.191,0.983,0.924,0.341,0.605,perlu_cek_manual,482.jpg,Electronic,ok
0.077,0.655,0.706,0.452,0.452,perlu_cek_manual,485.jpg,Electronic,ok
0.277,1.0,1.0,0.331,0.649,perlu_cek_manual,486.jpg,Electronic,ok
0.431,0.901,0.944,0.2,0.629,perlu_cek_manual,487.jpeg,Electronic,ok
0.896,0.246,0.914,0.395,0.604,perlu_cek_manual,491.jpeg,Electronic,ok
0.147,0.971,0.937,0.202,0.563,perlu_cek_manual,495.jpeg,Electronic,ok
0.174,1.0,1.0,0.377,0.628,perlu_cek_manual,496.jpeg,Electronic,ok
0.152,0.589,0.931,0.245,0.458,perlu_cek_manual,499.jpeg,Electronic,ok
0.721,0.71,0.969,0.0,0.623,perlu_cek_manual,5.computer-motherboard-scrap-2217717628-wjeyymem.jpg,Electronic,ok
0.843,0.461,0.96,0.321,0.647,perlu_cek_manual,5.growing-problem-ewasteplant.width-800.jpg,Electronic,ok
0.542,0.653,0.897,0.307,0.599,perlu_cek_manual,5.Screen-Shot-2022-09-29-at-2.04.18-PM-1024x612.png,Electronic,ok
0.132,0.648,0.857,0.26,0.457,perlu_cek_manual,500.jpeg,Electronic,ok
0.797,0.609,0.989,0.142,0.648,perlu_cek_manual,501.jpeg,Electronic,ok
0.305,0.313,0.883,0.269,0.416,perlu_cek_manual,502.jpeg,Electronic,ok
0.137,0.309,0.812,0.377,0.372,perlu_cek_manual,507.jpeg,Electronic,ok
0.488,0.677,1.0,0.339,0.617,perlu_cek_manual,510.jpeg,Electronic,ok
0.52,0.656,1.0,0.418,0.636,perlu_cek_manual,519.jpeg,Electronic,ok
0.366,0.331,0.923,0.469,0.487,perlu_cek_manual,521.jpeg,Electronic,ok
0.247,0.196,0.931,0.43,0.405,perlu_cek_manual,522.jpeg,Electronic,ok
0.56,0.611,0.923,0.222,0.58,perlu_cek_manual,525.jpeg,Electronic,ok
0.235,0.327,0.833,0.356,0.407,perlu_cek_manual,534.jpeg,Electronic,ok
0.663,0.328,0.961,0.415,0.572,perlu_cek_manual,542.jpeg,Electronic,ok
0.595,0.313,0.998,0.36,0.544,perlu_cek_manual,543.jpeg,Electronic,ok
0.125,0.717,0.868,0.301,0.486,perlu_cek_manual,547.jpeg,Electronic,ok
0.348,0.485,0.987,0.389,0.525,perlu_cek_manual,550.jpg,Electronic,ok
0.193,0.903,0.938,0.262,0.569,perlu_cek_manual,551.jpg,Electronic,ok
0.322,0.792,0.935,0.332,0.587,perlu_cek_manual,552.jpg,Electronic,ok
0.265,1.0,0.955,0.327,0.636,perlu_cek_manual,556.jpg,Electronic,ok
0.342,0.699,0.994,0.399,0.591,perlu_cek_manual,558.jpg,Electronic,ok
0.207,0.598,0.93,0.284,0.484,perlu_cek_manual,559.jpg,Electronic,ok
0.377,0.632,0.955,0.316,0.557,perlu_cek_manual,560.jpg,Electronic,ok
0.193,1.0,0.933,0.311,0.607,perlu_cek_manual,563.jpg,Electronic,ok
0.208,0.643,0.955,0.4,0.526,perlu_cek_manual,565.jpg,Electronic,ok
0.297,0.811,0.964,0.412,0.608,perlu_cek_manual,566.jpg,Electronic,ok
0.138,0.513,0.879,0.294,0.43,perlu_cek_manual,567.jpg,Electronic,ok
0.168,0.749,0.894,0.357,0.525,perlu_cek_manual,568.jpg,Electronic,ok
0.166,0.78,0.446,0.371,0.447,perlu_cek_manual,570.jpg,Electronic,ok
0.197,0.362,0.944,0.286,0.414,perlu_cek_manual,572.jpg,Electronic,ok
0.397,0.585,0.873,0.391,0.548,perlu_cek_manual,575.jpeg,Electronic,ok
0.274,0.615,0.945,0.351,0.526,perlu_cek_manual,576.jpeg,Electronic,ok
0.728,0.336,0.465,0.611,0.534,perlu_cek_manual,57638075-direct-view-of-old-broken-laptop-isolated-on-white-background.jpg,Electronic,ok
0.041,0.431,1.0,0.279,0.397,perlu_cek_manual,579.jpeg,Electronic,ok
0.031,0.508,0.853,0.425,0.417,perlu_cek_manual,580.jpeg,Electronic,ok
0.193,0.648,0.964,0.358,0.517,perlu_cek_manual,583.jpeg,Electronic,ok
0.888,0.391,0.873,0.195,0.598,perlu_cek_manual,584.jpeg,Electronic,ok
0.336,0.537,0.933,0.268,0.502,perlu_cek_manual,585.jpeg,Electronic,ok
0.359,0.744,0.959,0.308,0.584,perlu_cek_manual,586.jpeg,Electronic,ok
0.206,1.0,1.0,0.324,0.626,perlu_cek_manual,587.jpeg,Electronic,ok
0.29,0.527,1.0,0.37,0.519,perlu_cek_manual,588.jpeg,Electronic,ok
0.118,1.0,1.0,0.35,0.605,perlu_cek_manual,589.jpeg,Electronic,ok
1.0,0.045,0.934,0.247,0.549,perlu_cek_manual,59.AdobeStock_500968458-800x250.jpeg,Electronic,ok
0.237,0.403,0.943,0.341,0.449,perlu_cek_manual,595.jpeg,Electronic,ok
0.573,0.526,0.943,0.478,0.614,perlu_cek_manual,598.jpeg,Electronic,ok
0.32,1.0,0.949,0.314,0.649,perlu_cek_manual,5d10ffd5e3ecba0ba12427c4.jpg,Electronic,ok
0.433,0.482,1.0,0.464,0.567,perlu_cek_manual,5wh0lsj1gtwy.jpg,Electronic,ok
0.169,0.545,0.811,0.461,0.468,perlu_cek_manual,6.classic-desktop-computer-system-past-260nw-2648304523.jpg,Electronic,ok
1.0,0.257,0.769,0.163,0.563,perlu_cek_manual,6.electronics-monitor-screen-discarded-buried-retro-computer-screen-J9DERF.jpg,Electronic,ok
0.228,0.652,0.871,0.361,0.51,perlu_cek_manual,600.jpeg,Electronic,ok
0.235,0.628,0.888,0.422,0.521,perlu_cek_manual,601.jpeg,Electronic,ok
0.078,0.727,0.921,0.32,0.49,perlu_cek_manual,602.jpeg,Electronic,ok
0.622,0.649,0.959,0.26,0.625,perlu_cek_manual,61.1_Circuit-board-e-waste-1200x900.jpg,Electronic,ok
0.951,0.349,0.844,0.404,0.64,perlu_cek_manual,61.retro-old-vintage-tv-television-with-pile-of-rubbish-in-garbage-container-DYM1HN.jpg,Electronic,ok
0.746,0.587,0.719,0.493,0.642,perlu_cek_manual,610.jpeg,Electronic,ok
0.337,0.503,0.847,0.414,0.504,perlu_cek_manual,633.jpeg,Electronic,ok
0.647,0.356,0.377,0.458,0.468,perlu_cek_manual,64.PRODPIC-3535.jpg,Electronic,ok
0.554,0.351,0.688,0.429,0.495,perlu_cek_manual,65.AdobeStock_216134815_428fd902f4247199467725e7eccf1673.jpeg,Electronic,ok
1.0,0.331,0.878,0.272,0.629,perlu_cek_manual,65.technology-6801334_1280.jpg,Electronic,ok
1.0,0.435,0.547,0.407,0.621,perlu_cek_manual,65.tv-plastic-scrap-250x250.jpg,Electronic,ok
0.737,0.451,0.967,0.279,0.606,perlu_cek_manual,66.d2530-298x300.jpg,Electronic,ok
0.522,0.186,0.472,0.415,0.39,perlu_cek_manual,66.hq720.jpg,Electronic,ok
0.12,0.293,0.823,0.375,0.364,perlu_cek_manual,66.images28329.jpeg,Electronic,ok
1.0,0.442,0.962,0.027,0.63,perlu_cek_manual,66.image_2024-06-06_095337313.png,Electronic,ok
0.346,0.445,0.794,0.415,0.479,perlu_cek_manual,66.pngtree-young-technician-working-on-broken-computer-concentrated-electronics-broken-photo-image_29061628.jpg,Electronic,ok
0.746,0.527,0.838,0.299,0.609,perlu_cek_manual,66.selective-focus-photography-of-motherboard-1432673.jpg,Electronic,ok
0.693,0.691,0.942,0.006,0.605,perlu_cek_manual,67.GettyImages-94616023.jpg,Electronic,ok
1.0,0.451,0.943,0.082,0.64,perlu_cek_manual,67.laptop-liquid-damage-repair.png,Electronic,ok
0.51,0.335,0.894,0.337,0.5,perlu_cek_manual,68.6388895040860982285325976.jpg,Electronic,ok
0.594,0.804,1.0,0.131,0.645,perlu_cek_manual,68.7mei0y92rbe51.jpg,Electronic,ok
0.795,0.176,0.578,0.385,0.484,perlu_cek_manual,68.computerskrot.jpg,Electronic,ok
0.453,0.138,0.889,0.394,0.434,perlu_cek_manual,68.ec7630ef93b617bea9f7937e4ba5_768_1024.jpeg,Electronic,ok
0.76,0.462,0.942,0.367,0.629,perlu_cek_manual,68.electronic10.jpg,Electronic,ok
0.271,0.418,0.864,0.457,0.471,perlu_cek_manual,68.how-to-dispose-of-old-laptop-1024x682.jpg,Electronic,ok
0.59,0.536,0.738,0.459,0.577,perlu_cek_manual,68.kiel-germany-november-22-2018-260nw-1511680658.jpg,Electronic,ok
0.769,0.395,0.863,0.411,0.604,perlu_cek_manual,69.m63459622937_6.jpg,Electronic,ok
1.0,0.171,0.936,0.394,0.617,perlu_cek_manual,7.jpeg,Electronic,ok
1.0,0.34,0.312,0.46,0.556,perlu_cek_manual,7.old-damaged-laptop-isolated-on-white-KPWDJ1.jpg,Electronic,ok
1.0,0.146,0.265,0.394,0.476,perlu_cek_manual,7.stock-photo-pile-of-electronic-waste-rusty-old-computer-cases-and-obsolete-computer-hardware-such-as-1918603046.jpg,Electronic,ok
0.363,0.44,0.45,0.588,0.449,perlu_cek_manual,7.vga-laptop-artefak.jpg,Electronic,ok
0.701,0.77,0.979,0.048,0.647,perlu_cek_manual,70.oar2.jpg,Electronic,ok
1.0,0.471,0.978,0.004,0.638,perlu_cek_manual,71.discarded-circuit-boards-e-waste-credit-Unsplash-vlad-e1762761406818.jpg,Electronic,ok
0.394,0.248,0.803,0.304,0.414,perlu_cek_manual,72.Where-to-sell-Old-and-Scrap-Laptops-in-Nigeria-for-Cash.jpeg,Electronic,ok
1.0,0.343,0.644,0.422,0.616,perlu_cek_manual,73.314-3144875_resolving-laptop-screen-issues-damaged-laptop.png,Electronic,ok
0.744,0.537,0.999,0.272,0.638,perlu_cek_manual,73.Electronic_20Recycling_20in_20Scottsdale.jpg,Electronic,ok
0.52,0.607,0.934,0.398,0.604,perlu_cek_manual,74.depositphotos_57881711-stock-photo-the-remains-damaged-television-and.jpg,Electronic,ok
0.707,0.639,0.958,0.102,0.616,perlu_cek_manual,74.e-waste_recycling_laptops_002.jpg,Electronic,ok
0.776,0.503,0.574,0.55,0.609,perlu_cek_manual,74.recycle-voluntary-program11.jpg,Electronic,ok
1.0,0.334,0.485,0.574,0.612,perlu_cek_manual,74.s-l500.jpg,Electronic,ok
1.0,0.169,0.913,0.377,0.609,perlu_cek_manual,75.bec835896fe44003993fb9099f706685.jpg,Electronic,ok
0.753,0.504,0.954,0.31,0.63,perlu_cek_manual,75.Electronics-recycling-malaysia-1024x576.jpeg,Electronic,ok
0.54,0.135,0.89,0.407,0.462,perlu_cek_manual,75.high-angle-view-abandoned-television-set-road_650503-5611.jpg,Electronic,ok
1.0,0.37,0.551,0.586,0.638,perlu_cek_manual,75.LAPTOP-GRADE-A.jpg,Electronic,ok
0.305,0.124,0.934,0.391,0.394,perlu_cek_manual,751.jpeg,Electronic,ok
0.342,0.067,0.911,0.297,0.364,perlu_cek_manual,755.jpg,Electronic,ok
0.866,0.404,0.988,0.234,0.626,perlu_cek_manual,756.jpg,Electronic,ok
0.464,0.275,0.938,0.173,0.444,perlu_cek_manual,757.jpg,Electronic,ok
0.976,0.339,0.917,0.28,0.634,perlu_cek_manual,76.electronic-2.jpg,Electronic,ok
0.938,0.497,0.988,0.105,0.649,perlu_cek_manual,760.jpeg,Electronic,ok
0.126,0.43,0.952,0.305,0.418,perlu_cek_manual,763.jpeg,Electronic,ok
0.48,0.644,0.92,0.326,0.586,perlu_cek_manual,764.jpeg,Electronic,ok
0.494,0.282,0.92,0.247,0.466,perlu_cek_manual,766.jpeg,Electronic,ok
0.503,0.497,0.973,0.136,0.522,perlu_cek_manual,769.jpg,Electronic,ok
0.623,0.566,0.939,0.189,0.582,perlu_cek_manual,77.recycle-electronics-drop-off-points-min.jpg,Electronic,ok
0.131,0.946,0.403,0.641,0.532,perlu_cek_manual,77.television-vintage-old-photorealistic-crt-tv-television-day-isolated-background_1144345-13088.jpg,Electronic,ok
0.149,0.464,0.853,0.148,0.384,perlu_cek_manual,772.jpeg,Electronic,ok
0.707,0.651,0.969,0.086,0.618,perlu_cek_manual,78.pile-of-ewaste.jpg,Electronic,ok
0.844,0.219,0.989,0.205,0.558,perlu_cek_manual,780.jpeg,Electronic,ok
1.0,0.49,0.837,0.013,0.617,perlu_cek_manual,781.jpeg,Electronic,ok
0.323,1.0,1.0,0.21,0.639,perlu_cek_manual,790.jpg,Electronic,ok
0.233,1.0,1.0,0.349,0.64,perlu_cek_manual,791.jpg,Electronic,ok
0.731,0.421,0.949,0.38,0.611,perlu_cek_manual,794.jpeg,Electronic,ok
0.44,0.415,0.817,0.567,0.533,perlu_cek_manual,7943de38eef99dd6aedc41a0d35460cd.jpg,Electronic,ok
0.509,0.8,0.946,0.295,0.641,perlu_cek_manual,799.jpeg,Electronic,ok
0.923,0.427,0.949,0.205,0.636,perlu_cek_manual,8.banner-computer-and-server-recycling.jpg,Electronic,ok
0.788,0.417,0.989,0.362,0.632,perlu_cek_manual,8.hq720.jpg,Electronic,ok
0.535,0.814,0.981,0.046,0.61,perlu_cek_manual,8.integrated-circuit-scrap-2219584681-25l4g2bt.jpg,Electronic,ok
0.747,0.286,0.57,0.586,0.541,perlu_cek_manual,8.LCD-Monitor-scrap.jpg,Electronic,ok
0.563,0.711,0.942,0.03,0.577,perlu_cek_manual,8.old-discarded-television-thrown-away-wild-nature-concept-environmental-protection-old-discarded-television-thrown-away-307507675.jpg,Electronic,ok
0.746,0.758,0.845,0.0,0.62,perlu_cek_manual,8.stock-photo-trash-pile-of-discarded-computer-parts-with-circuit-boards-and-memory-modules-ready-for-44050366.jpg,Electronic,ok
0.446,0.704,0.935,0.168,0.566,perlu_cek_manual,801.jpeg,Electronic,ok
0.463,0.568,1.0,0.296,0.568,perlu_cek_manual,802.jpeg,Electronic,ok
0.714,0.604,0.938,0.24,0.631,perlu_cek_manual,803.jpeg,Electronic,ok
0.777,0.614,0.968,0.183,0.648,perlu_cek_manual,809.jpeg,Electronic,ok
0.157,0.258,0.894,0.335,0.37,perlu_cek_manual,814.jpeg,Electronic,ok
0.728,0.407,1.0,0.126,0.565,perlu_cek_manual,815.jpeg,Electronic,ok
0.773,0.364,0.53,0.241,0.495,perlu_cek_manual,83.hq720.jpg,Electronic,ok
0.74,0.723,0.974,0.021,0.638,perlu_cek_manual,83.scrap-yard-electronic-waste-recycling-with-selective-focus-electronic-aluminium-waste_641503-141716.jpg,Electronic,ok
0.325,0.5,0.972,0.587,0.559,perlu_cek_manual,89348728c084feb85f92af58de0f6df7.jpg,Electronic,ok
0.556,0.787,0.94,0.295,0.65,perlu_cek_manual,9.computer-mcpv-motherboard-scrap-2220044466-1faggwtx.jpg,Electronic,ok
0.323,0.429,0.66,0.466,0.451,perlu_cek_manual,battery_0.jpg,Electronic,ok
0.427,0.285,0.363,0.484,0.383,perlu_cek_manual,battery_113.jpg,Electronic,ok
0.251,0.216,0.902,0.17,0.355,perlu_cek_manual,battery_115.jpg,Electronic,ok
0.493,0.347,0.511,0.354,0.425,perlu_cek_manual,battery_118.jpg,Electronic,ok
1.0,0.197,0.466,0.713,0.595,perlu_cek_manual,battery_119.jpg,Electronic,ok
1.0,0.0,0.506,0.353,0.472,perlu_cek_manual,battery_122.jpg,Electronic,ok
0.516,0.611,0.543,0.31,0.509,perlu_cek_manual,battery_124.jpg,Electronic,ok
0.306,0.418,0.457,0.228,0.354,perlu_cek_manual,battery_129.jpg,Electronic,ok
0.998,0.23,0.52,0.636,0.6,perlu_cek_manual,battery_13.jpg,Electronic,ok
0.288,0.344,0.327,0.61,0.377,perlu_cek_manual,battery_133.jpg,Electronic,ok
0.267,0.458,0.436,0.314,0.368,perlu_cek_manual,battery_137.jpg,Electronic,ok
0.332,0.333,0.376,0.407,0.356,perlu_cek_manual,battery_139.jpg,Electronic,ok
0.502,0.209,0.394,0.492,0.391,perlu_cek_manual,battery_145.jpg,Electronic,ok
0.81,0.497,0.467,0.247,0.535,perlu_cek_manual,battery_149.jpg,Electronic,ok
0.348,0.53,0.489,0.154,0.392,perlu_cek_manual,battery_150.jpg,Electronic,ok
0.559,0.297,0.403,0.106,0.359,perlu_cek_manual,battery_199.jpg,Electronic,ok
0.971,0.419,0.517,0.618,0.644,perlu_cek_manual,battery_200.jpg,Electronic,ok
0.435,0.419,0.743,0.232,0.451,perlu_cek_manual,battery_205.jpg,Electronic,ok
0.543,0.41,0.414,0.554,0.479,perlu_cek_manual,battery_207.jpg,Electronic,ok
0.62,0.371,0.616,0.094,0.439,perlu_cek_manual,battery_208.jpg,Electronic,ok
0.576,0.491,0.497,0.441,0.508,perlu_cek_manual,battery_24.jpg,Electronic,ok
0.192,0.687,0.504,0.277,0.42,perlu_cek_manual,battery_254.jpg,Electronic,ok
0.509,0.917,0.408,0.395,0.588,perlu_cek_manual,battery_260.jpg,Electronic,ok
0.041,0.801,0.712,0.136,0.423,perlu_cek_manual,battery_263.jpg,Electronic,ok
0.384,0.427,0.415,0.448,0.416,perlu_cek_manual,battery_267.jpg,Electronic,ok
0.698,0.479,0.889,0.544,0.64,perlu_cek_manual,battery_276.jpg,Electronic,ok
0.575,0.44,0.5,0.477,0.5,perlu_cek_manual,battery_277.jpg,Electronic,ok
0.609,0.355,0.493,0.434,0.475,perlu_cek_manual,battery_28.jpg,Electronic,ok
0.695,0.0,0.905,0.303,0.45,perlu_cek_manual,battery_280.jpg,Electronic,ok
0.552,0.559,0.502,0.547,0.543,perlu_cek_manual,battery_282.jpg,Electronic,ok
0.367,0.492,0.44,0.322,0.41,perlu_cek_manual,battery_284.jpg,Electronic,ok
0.396,0.34,0.549,0.315,0.394,perlu_cek_manual,battery_285.jpg,Electronic,ok
1.0,0.228,0.629,0.406,0.575,perlu_cek_manual,battery_288.jpg,Electronic,ok
0.37,0.431,0.417,0.494,0.422,perlu_cek_manual,battery_290.jpg,Electronic,ok
0.182,1.0,0.514,0.328,0.523,perlu_cek_manual,battery_292.jpg,Electronic,ok
0.452,0.209,0.377,0.657,0.405,perlu_cek_manual,battery_295.jpg,Electronic,ok
0.316,0.671,0.726,0.167,0.475,perlu_cek_manual,battery_297.jpg,Electronic,ok
0.303,0.486,0.488,0.379,0.41,perlu_cek_manual,battery_42.jpg,Electronic,ok
0.453,0.498,0.953,0.484,0.573,perlu_cek_manual,battery_57.jpg,Electronic,ok
0.644,0.61,0.607,0.109,0.52,perlu_cek_manual,battery_60.jpg,Electronic,ok
0.556,0.0,0.874,0.424,0.426,perlu_cek_manual,battery_61.jpg,Electronic,ok
0.52,0.105,0.839,0.316,0.418,perlu_cek_manual,battery_62.jpg,Electronic,ok
0.203,0.715,0.421,0.391,0.438,perlu_cek_manual,battery_63.jpg,Electronic,ok
0.452,0.523,0.545,0.386,0.479,perlu_cek_manual,battery_64.jpg,Electronic,ok
1.0,0.0,0.931,0.611,0.608,perlu_cek_manual,battery_66.jpg,Electronic,ok
0.474,0.782,0.541,0.424,0.57,perlu_cek_manual,battery_67.jpg,Electronic,ok
0.274,0.286,0.585,0.439,0.373,perlu_cek_manual,battery_68.jpg,Electronic,ok
0.562,0.125,0.331,0.434,0.359,perlu_cek_manual,battery_71.jpg,Electronic,ok
0.403,0.017,0.915,0.341,0.377,perlu_cek_manual,battery_72.jpg,Electronic,ok
0.337,0.574,0.482,0.123,0.394,perlu_cek_manual,battery_73.jpg,Electronic,ok
0.753,0.38,0.515,0.525,0.548,perlu_cek_manual,battery_74.jpg,Electronic,ok
0.294,0.237,0.653,0.378,0.366,perlu_cek_manual,battery_75.jpg,Electronic,ok
0.687,0.471,0.949,0.386,0.614,perlu_cek_manual,battery_82.jpg,Electronic,ok
1.0,0.219,0.824,0.417,0.614,perlu_cek_manual,battery_83.jpg,Electronic,ok
0.512,0.941,0.49,0.288,0.591,perlu_cek_manual,battery_84.jpg,Electronic,ok
0.438,0.536,0.565,0.291,0.464,perlu_cek_manual,battery_87.jpg,Electronic,ok
0.896,0.167,0.896,0.336,0.565,perlu_cek_manual,battery_95.jpg,Electronic,ok
0.499,0.246,0.439,0.358,0.383,perlu_cek_manual,battery_97.jpg,Electronic,ok
0.568,0.257,0.615,0.463,0.463,perlu_cek_manual,battery_99.jpg,Electronic,ok
0.222,0.202,0.821,0.43,0.377,perlu_cek_manual,bennys-cracked-screen-768x1024.jpg,Electronic,ok
0.747,0.484,0.961,0.332,0.628,perlu_cek_manual,broken-hair-dryer.jpg,Electronic,ok
1.0,0.0,1.0,0.707,0.641,perlu_cek_manual,broken-lcd-tv.jpg,Electronic,ok
0.655,0.171,0.312,0.658,0.442,perlu_cek_manual,brokenp.jpg,Electronic,ok
0.356,0.711,0.92,0.389,0.582,perlu_cek_manual,Copy of IMG_20200328_132000.jpg,Electronic,ok
0.418,0.735,0.985,0.394,0.622,perlu_cek_manual,Copy of IMG_20200328_132135.jpg,Electronic,ok
0.618,0.534,0.962,0.242,0.586,perlu_cek_manual,Copy of IMG_20200328_134825.jpg,Electronic,ok
0.692,0.603,0.958,0.238,0.628,perlu_cek_manual,Copy of IMG_20200328_134906.jpg,Electronic,ok
0.727,0.06,0.912,0.398,0.498,perlu_cek_manual,Copy of IMG_20200328_135222.jpg,Electronic,ok
0.524,0.209,0.987,0.396,0.497,perlu_cek_manual,Copy of IMG_20200328_135224.jpg,Electronic,ok
0.508,0.434,0.934,0.466,0.563,perlu_cek_manual,Copy of IMG_20200328_135237.jpg,Electronic,ok
0.088,0.347,0.808,0.487,0.389,perlu_cek_manual,Copy of IMG_20200328_135306.jpg,Electronic,ok
0.104,0.358,0.786,0.55,0.406,perlu_cek_manual,Copy of IMG_20200328_135457.jpg,Electronic,ok
0.168,0.196,0.83,0.404,0.356,perlu_cek_manual,Copy of IMG_20200328_135507.jpg,Electronic,ok
0.215,0.408,0.83,0.447,0.442,perlu_cek_manual,Copy of IMG_20200328_135512.jpg,Electronic,ok
0.591,0.15,0.931,0.249,0.458,perlu_cek_manual,Copy of IMG_20200328_140053.jpg,Electronic,ok
0.962,0.511,0.575,0.203,0.598,perlu_cek_manual,Copy of IMG_20200328_140109.jpg,Electronic,ok
0.257,0.356,0.886,0.333,0.428,perlu_cek_manual,Copy of IMG_20200328_140112.jpg,Electronic,ok
0.687,0.496,0.981,0.281,0.607,perlu_cek_manual,Copy of IMG_20200328_140124.jpg,Electronic,ok
0.345,1.0,0.933,0.173,0.625,perlu_cek_manual,Copy of IMG_20200328_222043.jpg,Electronic,ok
0.497,0.241,0.95,0.35,0.482,perlu_cek_manual,download.jpg,Electronic,ok
0.718,0.5,0.851,0.481,0.632,perlu_cek_manual,E-Waste.jpeg,Electronic,ok
0.369,0.289,0.352,0.657,0.399,perlu_cek_manual,front-view-of-old-damaged-laptop-picture_csp37103711.jpg,Electronic,ok
0.715,0.386,0.91,0.443,0.601,perlu_cek_manual,hq720.jpg,Electronic,ok
0.628,0.463,0.949,0.223,0.562,perlu_cek_manual,IMG-20200328-WA0025.jpg,Electronic,ok
0.795,0.18,0.972,0.465,0.58,perlu_cek_manual,IMG-20200328-WA0030(1).jpg,Electronic,ok
0.795,0.18,0.972,0.465,0.58,perlu_cek_manual,IMG-20200328-WA0030.jpg,Electronic,ok
0.171,0.431,0.877,0.617,0.479,perlu_cek_manual,IMG-20200328-WA0031.jpg,Electronic,ok
0.287,0.461,0.709,0.709,0.508,perlu_cek_manual,IMG-20200328-WA0033.jpg,Electronic,ok
0.191,0.094,0.854,0.494,0.355,perlu_cek_manual,IMG-20200328-WA0041.jpg,Electronic,ok
0.829,0.248,1.0,0.46,0.615,perlu_cek_manual,IMG-20200328-WA0042.jpg,Electronic,ok
0.641,0.254,0.938,0.579,0.572,perlu_cek_manual,IMG-20200328-WA0043.jpg,Electronic,ok
0.514,0.634,0.978,0.474,0.635,perlu_cek_manual,IMG-20200328-WA0044.jpg,Electronic,ok
0.38,0.745,0.949,0.549,0.637,perlu_cek_manual,IMG-20200328-WA0049.jpg,Electronic,ok
0.476,0.707,0.943,0.404,0.624,perlu_cek_manual,IMG_20200329_201011.jpg,Electronic,ok
0.298,1.0,0.957,0.302,0.641,perlu_cek_manual,IMG_20200329_201049.jpg,Electronic,ok
0.216,1.0,0.912,0.384,0.624,perlu_cek_manual,IMG_20200329_201051.jpg,Electronic,ok
0.375,1.0,0.968,0.203,0.647,perlu_cek_manual,IMG_20200329_201109.jpg,Electronic,ok
0.212,1.0,0.855,0.228,0.58,perlu_cek_manual,IMG_20200329_201113.jpg,Electronic,ok
0.641,0.4,0.865,0.384,0.562,perlu_cek_manual,IMG_20200329_201125.jpg,Electronic,ok
0.696,0.562,0.839,0.404,0.626,perlu_cek_manual,IMG_20200329_201129.jpg,Electronic,ok
0.585,0.617,1.0,0.36,0.633,perlu_cek_manual,IMG_20200329_201131.jpg,Electronic,ok
0.555,0.565,0.914,0.403,0.599,perlu_cek_manual,IMG_20201101_130017.jpg,Electronic,ok
1.0,0.326,0.849,0.168,0.601,perlu_cek_manual,IMG_20201101_130424.jpg,Electronic,ok
0.586,0.301,0.91,0.219,0.492,perlu_cek_manual,IMG_20201101_130429.jpg,Electronic,ok
0.589,0.563,0.956,0.416,0.62,perlu_cek_manual,IMG_20201101_130703.jpg,Electronic,ok
0.513,0.742,0.939,0.299,0.624,perlu_cek_manual,IMG_20201101_130715.jpg,Electronic,ok
0.545,0.611,0.933,0.413,0.616,perlu_cek_manual,IMG_20201101_130732.jpg,Electronic,ok
0.77,0.407,0.914,0.324,0.601,perlu_cek_manual,IMG_20201101_130856.jpg,Electronic,ok
0.76,0.473,0.569,0.605,0.605,perlu_cek_manual,Keyboard_0.jpg,Electronic,ok
0.457,0.685,0.517,0.575,0.561,perlu_cek_manual,Keyboard_1.jpg,Electronic,ok
0.889,0.376,0.969,0.204,0.614,perlu_cek_manual,Keyboard_100.jpg,Electronic,ok
1.0,0.19,0.935,0.384,0.621,perlu_cek_manual,Keyboard_101.jpg,Electronic,ok
0.269,0.903,0.356,0.485,0.52,perlu_cek_manual,Keyboard_102.jpg,Electronic,ok
0.402,0.883,0.471,0.218,0.523,perlu_cek_manual,Keyboard_103.jpg,Electronic,ok
1.0,0.0,0.963,0.264,0.545,perlu_cek_manual,Keyboard_107.jpg,Electronic,ok
1.0,0.0,1.0,0.39,0.578,perlu_cek_manual,Keyboard_108.jpg,Electronic,ok
0.464,0.408,0.984,0.448,0.548,perlu_cek_manual,Keyboard_11.jpg,Electronic,ok
0.658,0.438,0.553,0.528,0.545,perlu_cek_manual,Keyboard_110.jpg,Electronic,ok
1.0,0.0,1.0,0.531,0.606,perlu_cek_manual,Keyboard_111.jpg,Electronic,ok
1.0,0.0,1.0,0.635,0.627,perlu_cek_manual,Keyboard_113.jpg,Electronic,ok
0.721,0.144,0.966,0.22,0.497,perlu_cek_manual,Keyboard_115.jpg,Electronic,ok
1.0,0.319,0.866,0.304,0.629,perlu_cek_manual,Keyboard_116.jpg,Electronic,ok
1.0,0.363,0.705,0.313,0.612,perlu_cek_manual,Keyboard_12.jpg,Electronic,ok
1.0,0.25,0.827,0.293,0.599,perlu_cek_manual,Keyboard_120.jpg,Electronic,ok
0.41,0.225,0.757,0.415,0.425,perlu_cek_manual,Keyboard_122.jpg,Electronic,ok
1.0,0.497,0.759,0.174,0.636,perlu_cek_manual,Keyboard_125.jpg,Electronic,ok
1.0,0.0,0.781,0.354,0.527,perlu_cek_manual,Keyboard_132.jpg,Electronic,ok
0.749,0.461,0.563,0.06,0.487,perlu_cek_manual,Keyboard_135.jpg,Electronic,ok
0.707,0.444,0.912,0.514,0.631,perlu_cek_manual,Keyboard_138.jpg,Electronic,ok
0.501,0.419,0.538,0.308,0.445,perlu_cek_manual,Keyboard_139.jpg,Electronic,ok
0.358,0.0,0.988,0.292,0.363,perlu_cek_manual,Keyboard_144.jpg,Electronic,ok
0.385,0.612,0.549,0.338,0.476,perlu_cek_manual,Keyboard_146.jpg,Electronic,ok
0.471,1.0,0.628,0.254,0.618,perlu_cek_manual,Keyboard_147.jpg,Electronic,ok
0.571,0.761,0.553,0.56,0.622,perlu_cek_manual,Keyboard_149.jpg,Electronic,ok
0.459,0.947,0.527,0.351,0.598,perlu_cek_manual,Keyboard_151.jpg,Electronic,ok
0.44,0.396,0.554,0.412,0.444,perlu_cek_manual,Keyboard_152.jpg,Electronic,ok
0.487,0.9,0.484,0.276,0.568,perlu_cek_manual,Keyboard_153.jpg,Electronic,ok
0.603,0.032,0.943,0.542,0.487,perlu_cek_manual,Keyboard_156.jpg,Electronic,ok
0.376,0.798,0.549,0.196,0.501,perlu_cek_manual,Keyboard_158.jpg,Electronic,ok
1.0,0.342,0.985,0.15,0.63,perlu_cek_manual,Keyboard_159.jpg,Electronic,ok
0.89,0.304,1.0,0.286,0.615,perlu_cek_manual,Keyboard_163.jpg,Electronic,ok
0.258,0.169,0.797,0.341,0.355,perlu_cek_manual,Keyboard_164.jpg,Electronic,ok
0.62,0.2,0.932,0.197,0.472,perlu_cek_manual,Keyboard_167.jpg,Electronic,ok
0.289,0.447,0.583,0.207,0.379,perlu_cek_manual,Keyboard_176.jpg,Electronic,ok
0.286,0.731,0.374,0.5,0.48,perlu_cek_manual,Keyboard_178.jpg,Electronic,ok
1.0,0.0,0.88,0.589,0.594,perlu_cek_manual,Keyboard_18.jpg,Electronic,ok
0.637,0.0,0.963,0.399,0.464,perlu_cek_manual,Keyboard_181.jpg,Electronic,ok
0.479,0.721,0.544,0.44,0.557,perlu_cek_manual,Keyboard_187.jpg,Electronic,ok
0.212,0.682,0.43,0.262,0.406,perlu_cek_manual,Keyboard_188.jpg,Electronic,ok
0.282,1.0,0.462,0.322,0.541,perlu_cek_manual,Keyboard_189.jpg,Electronic,ok
0.195,0.61,0.374,0.313,0.379,perlu_cek_manual,Keyboard_192.jpg,Electronic,ok
1.0,0.245,0.987,0.313,0.633,perlu_cek_manual,Keyboard_194.jpg,Electronic,ok
0.524,0.59,0.928,0.239,0.567,perlu_cek_manual,Keyboard_203.jpg,Electronic,ok
0.702,0.15,0.497,0.342,0.424,perlu_cek_manual,Keyboard_205.jpg,Electronic,ok
0.54,0.109,0.946,0.428,0.469,perlu_cek_manual,Keyboard_210.jpg,Electronic,ok
1.0,0.185,0.544,0.526,0.569,perlu_cek_manual,Keyboard_233.jpg,Electronic,ok
1.0,0.0,1.0,0.283,0.557,perlu_cek_manual,Keyboard_234.jpg,Electronic,ok
0.829,0.0,0.963,0.421,0.525,perlu_cek_manual,Keyboard_237.jpg,Electronic,ok
0.422,0.21,0.962,0.223,0.426,perlu_cek_manual,Keyboard_240.jpg,Electronic,ok
0.212,0.54,0.439,0.295,0.372,perlu_cek_manual,Keyboard_245.jpg,Electronic,ok
0.818,0.295,0.963,0.007,0.528,perlu_cek_manual,Keyboard_248.jpg,Electronic,ok
0.68,0.622,0.961,0.252,0.633,perlu_cek_manual,Keyboard_249.jpg,Electronic,ok
0.399,0.579,0.501,0.397,0.473,perlu_cek_manual,Keyboard_251.jpg,Electronic,ok
0.471,0.865,0.516,0.501,0.604,perlu_cek_manual,Keyboard_252.jpg,Electronic,ok
0.21,0.288,0.871,0.412,0.406,perlu_cek_manual,Keyboard_253.jpg,Electronic,ok
0.367,0.615,0.562,0.301,0.467,perlu_cek_manual,Keyboard_254.jpg,Electronic,ok
0.874,0.266,0.966,0.422,0.62,perlu_cek_manual,Keyboard_257.jpg,Electronic,ok
0.679,0.0,0.944,0.446,0.482,perlu_cek_manual,Keyboard_258.jpg,Electronic,ok
0.397,1.0,0.529,0.399,0.605,perlu_cek_manual,Keyboard_262.jpg,Electronic,ok
0.698,0.379,0.568,0.433,0.523,perlu_cek_manual,Keyboard_263.jpg,Electronic,ok
0.46,0.38,0.542,0.423,0.445,perlu_cek_manual,Keyboard_267.jpg,Electronic,ok
0.891,0.0,0.97,0.379,0.537,perlu_cek_manual,Keyboard_27.jpg,Electronic,ok
0.164,0.798,0.592,0.381,0.483,perlu_cek_manual,Keyboard_289.jpg,Electronic,ok
0.191,0.65,0.338,0.293,0.379,perlu_cek_manual,Keyboard_29.jpg,Electronic,ok
1.0,0.08,0.865,0.335,0.564,perlu_cek_manual,Keyboard_292.jpg,Electronic,ok
0.438,1.0,0.549,0.34,0.609,perlu_cek_manual,Keyboard_293.jpg,Electronic,ok
1.0,0.402,0.5,0.627,0.646,perlu_cek_manual,Keyboard_3.jpg,Electronic,ok
0.392,0.498,0.484,0.487,0.461,perlu_cek_manual,Keyboard_30.jpg,Electronic,ok
0.322,0.662,0.548,0.402,0.485,perlu_cek_manual,Keyboard_31.jpg,Electronic,ok
0.115,0.519,0.5,0.356,0.361,perlu_cek_manual,Keyboard_33.jpg,Electronic,ok
0.611,0.318,0.947,0.478,0.564,perlu_cek_manual,Keyboard_48.jpg,Electronic,ok
0.177,0.253,0.708,0.401,0.351,perlu_cek_manual,Keyboard_52.jpg,Electronic,ok
0.571,0.0,1.0,0.749,0.521,perlu_cek_manual,Keyboard_57.jpg,Electronic,ok
0.366,0.292,0.502,0.311,0.36,perlu_cek_manual,Keyboard_58.jpg,Electronic,ok
0.279,1.0,1.0,0.25,0.634,perlu_cek_manual,Keyboard_6.jpg,Electronic,ok
0.712,0.609,0.837,0.0,0.564,perlu_cek_manual,Keyboard_67.jpg,Electronic,ok
0.251,0.566,0.384,0.245,0.371,perlu_cek_manual,Keyboard_7.jpg,Electronic,ok
0.902,0.501,0.773,0.0,0.576,perlu_cek_manual,Keyboard_70.jpg,Electronic,ok
0.218,0.745,0.239,0.282,0.393,perlu_cek_manual,Keyboard_71.jpg,Electronic,ok
0.516,0.188,0.905,0.358,0.464,perlu_cek_manual,Keyboard_74.jpg,Electronic,ok
0.451,0.47,1.0,0.205,0.517,perlu_cek_manual,Keyboard_76.jpg,Electronic,ok
0.159,0.275,0.823,0.323,0.359,perlu_cek_manual,Keyboard_77.jpg,Electronic,ok
1.0,0.281,0.932,0.007,0.572,perlu_cek_manual,Keyboard_81.jpg,Electronic,ok
1.0,0.0,1.0,0.615,0.623,perlu_cek_manual,Keyboard_84.jpg,Electronic,ok
0.261,0.323,0.499,0.465,0.368,perlu_cek_manual,Keyboard_87.jpg,Electronic,ok
0.906,0.315,0.988,0.002,0.564,perlu_cek_manual,Keyboard_96.jpg,Electronic,ok
0.506,0.42,0.448,0.237,0.415,perlu_cek_manual,Microwave_102.jpg,Electronic,ok
0.742,0.769,0.49,0.375,0.626,perlu_cek_manual,Microwave_103.jpg,Electronic,ok
1.0,0.26,0.951,0.348,0.638,perlu_cek_manual,Microwave_105.jpg,Electronic,ok
0.242,0.45,0.384,0.62,0.408,perlu_cek_manual,Microwave_107.jpg,Electronic,ok
0.985,0.165,0.539,0.057,0.464,perlu_cek_manual,Microwave_109.jpg,Electronic,ok
0.528,0.466,0.517,0.436,0.489,perlu_cek_manual,Microwave_110.jpg,Electronic,ok
0.257,0.459,0.535,0.609,0.444,perlu_cek_manual,Microwave_117.jpg,Electronic,ok
0.25,0.577,0.699,0.359,0.46,perlu_cek_manual,Microwave_118.jpg,Electronic,ok
0.46,0.648,0.972,0.256,0.578,perlu_cek_manual,Microwave_119.jpg,Electronic,ok
1.0,0.446,0.775,0.242,0.637,perlu_cek_manual,Microwave_12.jpg,Electronic,ok
0.4,0.366,0.879,0.504,0.506,perlu_cek_manual,Microwave_125.jpg,Electronic,ok
0.4,0.664,0.444,0.664,0.541,perlu_cek_manual,Microwave_128.jpg,Electronic,ok
0.482,0.0,0.917,0.164,0.361,perlu_cek_manual,Microwave_131.jpg,Electronic,ok
0.695,0.42,0.557,0.249,0.495,perlu_cek_manual,Microwave_139.jpg,Electronic,ok
0.45,1.0,0.58,0.345,0.62,perlu_cek_manual,Microwave_14.jpg,Electronic,ok
0.173,1.0,0.8,0.264,0.565,perlu_cek_manual,Microwave_140.jpg,Electronic,ok
0.478,0.236,0.645,0.51,0.445,perlu_cek_manual,Microwave_142.jpg,Electronic,ok
0.542,0.768,0.534,0.449,0.59,perlu_cek_manual,Microwave_144.jpg,Electronic,ok
1.0,0.486,0.594,0.281,0.621,perlu_cek_manual,Microwave_148.jpg,Electronic,ok
0.491,0.94,0.43,0.438,0.603,perlu_cek_manual,Microwave_149.jpg,Electronic,ok
0.134,0.418,0.933,0.417,0.436,perlu_cek_manual,Microwave_153.jpg,Electronic,ok
0.311,0.675,0.441,0.752,0.534,perlu_cek_manual,Microwave_155.jpg,Electronic,ok
0.409,0.643,0.689,0.432,0.54,perlu_cek_manual,Microwave_158.jpg,Electronic,ok
1.0,0.0,0.975,0.54,0.603,perlu_cek_manual,Microwave_160.jpg,Electronic,ok
0.491,0.266,0.896,0.401,0.487,perlu_cek_manual,Microwave_161.jpg,Electronic,ok
0.455,0.491,0.273,0.654,0.469,perlu_cek_manual,Microwave_167.jpg,Electronic,ok
0.137,0.562,0.457,0.551,0.411,perlu_cek_manual,Microwave_169.jpg,Electronic,ok
0.348,0.367,0.334,0.43,0.367,perlu_cek_manual,Microwave_171.jpg,Electronic,ok
0.589,0.851,0.491,0.482,0.627,perlu_cek_manual,Microwave_173.jpg,Electronic,ok
0.706,0.676,0.485,0.574,0.626,perlu_cek_manual,Microwave_178.jpg,Electronic,ok
0.19,0.904,0.916,0.248,0.561,perlu_cek_manual,Microwave_184.jpg,Electronic,ok
0.833,0.0,0.854,0.472,0.515,perlu_cek_manual,Microwave_187.jpg,Electronic,ok
0.158,0.572,0.452,0.729,0.455,perlu_cek_manual,Microwave_189.jpg,Electronic,ok
0.299,0.533,0.498,0.366,0.422,perlu_cek_manual,Microwave_19.jpg,Electronic,ok
0.476,0.454,0.327,0.563,0.457,perlu_cek_manual,Microwave_198.jpg,Electronic,ok
0.459,0.61,0.958,0.475,0.607,perlu_cek_manual,Microwave_2.jpg,Electronic,ok
0.705,0.718,0.465,0.555,0.631,perlu_cek_manual,Microwave_202.jpg,Electronic,ok
0.662,0.443,0.581,0.422,0.532,perlu_cek_manual,Microwave_205.jpg,Electronic,ok
0.363,0.642,0.541,0.464,0.502,perlu_cek_manual,Microwave_207.jpg,Electronic,ok
0.305,0.835,0.236,0.536,0.497,perlu_cek_manual,Microwave_209.jpg,Electronic,ok
0.219,0.439,0.468,0.577,0.406,perlu_cek_manual,Microwave_211.jpg,Electronic,ok
0.73,0.437,0.924,0.216,0.578,perlu_cek_manual,Microwave_22.jpg,Electronic,ok
0.704,0.0,0.982,0.307,0.469,perlu_cek_manual,Microwave_23.jpg,Electronic,ok
0.561,0.627,0.554,0.392,0.545,perlu_cek_manual,Microwave_24.jpg,Electronic,ok
0.766,0.185,0.512,0.379,0.463,perlu_cek_manual,Microwave_256.jpg,Electronic,ok
0.683,0.444,1.0,0.478,0.634,perlu_cek_manual,Microwave_258.jpg,Electronic,ok
0.443,1.0,0.53,0.173,0.573,perlu_cek_manual,Microwave_26.jpg,Electronic,ok
0.436,0.0,0.983,0.574,0.442,perlu_cek_manual,Microwave_260.jpg,Electronic,ok
0.509,0.554,0.909,0.562,0.613,perlu_cek_manual,Microwave_263.jpg,Electronic,ok
0.64,0.35,0.947,0.393,0.565,perlu_cek_manual,Microwave_269.jpg,Electronic,ok
0.203,0.532,0.328,0.438,0.374,perlu_cek_manual,Microwave_27.jpg,Electronic,ok
0.826,0.177,0.924,0.367,0.559,perlu_cek_manual,Microwave_270.jpg,Electronic,ok
0.452,0.0,0.931,0.434,0.409,perlu_cek_manual,Microwave_275.jpg,Electronic,ok
0.671,0.254,0.959,0.631,0.596,perlu_cek_manual,Microwave_278.jpg,Electronic,ok
0.239,0.597,0.566,0.638,0.492,perlu_cek_manual,Microwave_280.jpg,Electronic,ok
1.0,0.0,1.0,0.0,0.5,perlu_cek_manual,Microwave_281.jpg,Electronic,ok
0.543,0.752,0.737,0.402,0.616,perlu_cek_manual,Microwave_282.jpg,Electronic,ok
0.439,0.0,0.894,0.459,0.402,perlu_cek_manual,Microwave_283.jpg,Electronic,ok
0.535,0.823,0.605,0.27,0.583,perlu_cek_manual,Microwave_285.jpg,Electronic,ok
0.361,0.606,0.466,0.553,0.494,perlu_cek_manual,Microwave_287.jpg,Electronic,ok
1.0,0.143,0.934,0.3,0.59,perlu_cek_manual,Microwave_288.jpg,Electronic,ok
0.477,0.0,0.905,0.524,0.429,perlu_cek_manual,Microwave_29.jpg,Electronic,ok
1.0,0.235,0.602,0.412,0.573,perlu_cek_manual,Microwave_291.jpg,Electronic,ok
0.433,0.228,0.705,0.337,0.407,perlu_cek_manual,Microwave_293.jpg,Electronic,ok
0.272,0.614,0.525,0.326,0.436,perlu_cek_manual,Microwave_294.jpg,Electronic,ok
1.0,0.215,1.0,0.409,0.646,perlu_cek_manual,Microwave_296.jpg,Electronic,ok
0.679,0.584,0.529,0.515,0.588,perlu_cek_manual,Microwave_297.jpg,Electronic,ok
0.286,0.295,0.494,0.485,0.37,perlu_cek_manual,Microwave_298.jpg,Electronic,ok
1.0,0.0,1.0,0.731,0.646,perlu_cek_manual,Microwave_32.jpg,Electronic,ok
0.498,0.047,0.957,0.549,0.465,perlu_cek_manual,Microwave_33.jpg,Electronic,ok
0.649,0.0,0.919,0.506,0.48,perlu_cek_manual,Microwave_34.jpg,Electronic,ok
0.633,0.251,0.881,0.452,0.532,perlu_cek_manual,Microwave_35.jpg,Electronic,ok
0.669,0.157,0.871,0.384,0.499,perlu_cek_manual,Microwave_42.jpg,Electronic,ok
0.505,0.389,0.947,0.387,0.535,perlu_cek_manual,Microwave_44.jpg,Electronic,ok
0.459,0.07,0.905,0.521,0.444,perlu_cek_manual,Microwave_47.jpg,Electronic,ok
0.351,0.818,0.631,0.248,0.527,perlu_cek_manual,Microwave_5.jpg,Electronic,ok
0.427,0.82,0.388,0.524,0.556,perlu_cek_manual,Microwave_51.jpg,Electronic,ok
0.499,0.371,0.461,0.425,0.438,perlu_cek_manual,Microwave_52.jpg,Electronic,ok
0.301,0.455,0.921,0.461,0.503,perlu_cek_manual,Microwave_57.jpg,Electronic,ok
0.243,0.189,0.865,0.408,0.384,perlu_cek_manual,Microwave_59.jpg,Electronic,ok
0.394,0.453,0.995,0.342,0.522,perlu_cek_manual,Microwave_6.jpg,Electronic,ok
0.652,0.397,0.903,0.549,0.605,perlu_cek_manual,Microwave_60.jpg,Electronic,ok
0.359,0.776,0.956,0.428,0.617,perlu_cek_manual,Microwave_62.jpg,Electronic,ok
0.505,0.168,0.338,0.612,0.392,perlu_cek_manual,Microwave_63.jpg,Electronic,ok
0.102,0.516,0.412,0.477,0.363,perlu_cek_manual,Microwave_66.jpg,Electronic,ok
0.931,0.276,0.622,0.548,0.596,perlu_cek_manual,Microwave_69.jpg,Electronic,ok
0.707,0.708,0.459,0.548,0.626,perlu_cek_manual,Microwave_70.jpg,Electronic,ok
0.245,0.667,0.447,0.532,0.47,perlu_cek_manual,Microwave_76.jpg,Electronic,ok
0.513,0.424,0.449,0.275,0.426,perlu_cek_manual,Microwave_77.jpg,Electronic,ok
0.319,0.445,0.253,0.578,0.396,perlu_cek_manual,Microwave_78.jpg,Electronic,ok
1.0,0.419,0.413,0.531,0.614,perlu_cek_manual,Microwave_80.jpg,Electronic,ok
0.226,1.0,1.0,0.209,0.61,perlu_cek_manual,Microwave_81.jpg,Electronic,ok
0.678,0.363,0.842,0.326,0.546,perlu_cek_manual,Microwave_83.jpg,Electronic,ok
1.0,0.043,1.0,0.228,0.558,perlu_cek_manual,Microwave_85.jpg,Electronic,ok
0.292,0.174,0.775,0.396,0.374,perlu_cek_manual,Microwave_93.jpg,Electronic,ok
1.0,0.307,0.985,0.292,0.647,perlu_cek_manual,Microwave_98.jpg,Electronic,ok
0.221,0.824,0.954,0.452,0.595,perlu_cek_manual,Mobile_10.jpg,Electronic,ok
0.183,0.435,0.942,0.265,0.427,perlu_cek_manual,Mobile_100.jpg,Electronic,ok
0.646,0.175,1.0,0.596,0.566,perlu_cek_manual,Mobile_102.jpg,Electronic,ok
0.256,0.977,0.96,0.33,0.628,perlu_cek_manual,Mobile_105.jpg,Electronic,ok
0.343,0.089,0.983,0.4,0.407,perlu_cek_manual,Mobile_107.jpg,Electronic,ok
0.2,0.319,0.931,0.283,0.399,perlu_cek_manual,Mobile_108.jpg,Electronic,ok
0.375,0.627,0.959,0.321,0.556,perlu_cek_manual,Mobile_109.jpg,Electronic,ok
0.181,0.6,0.936,0.316,0.484,perlu_cek_manual,Mobile_112.jpg,Electronic,ok
0.344,0.882,0.959,0.366,0.633,perlu_cek_manual,Mobile_113.jpg,Electronic,ok
0.204,0.427,0.959,0.402,0.461,perlu_cek_manual,Mobile_114.jpg,Electronic,ok
0.29,0.483,0.954,0.409,0.505,perlu_cek_manual,Mobile_115.jpg,Electronic,ok
0.153,0.498,0.885,0.359,0.444,perlu_cek_manual,Mobile_117.jpg,Electronic,ok
0.163,0.525,0.524,0.373,0.386,perlu_cek_manual,Mobile_119.jpg,Electronic,ok
0.278,0.759,0.937,0.631,0.625,perlu_cek_manual,Mobile_12.jpg,Electronic,ok
0.183,0.448,0.93,0.298,0.435,perlu_cek_manual,Mobile_121.jpg,Electronic,ok
0.395,0.579,0.864,0.499,0.565,perlu_cek_manual,Mobile_124.jpg,Electronic,ok
0.192,0.527,0.953,0.363,0.479,perlu_cek_manual,Mobile_132.jpg,Electronic,ok
0.995,0.153,0.88,0.396,0.6,perlu_cek_manual,Mobile_133.jpg,Electronic,ok
0.338,0.774,0.924,0.327,0.584,perlu_cek_manual,Mobile_134.jpg,Electronic,ok
0.353,0.754,0.956,0.3,0.583,perlu_cek_manual,Mobile_135.jpg,Electronic,ok
0.291,0.532,1.0,0.374,0.522,perlu_cek_manual,Mobile_137.jpg,Electronic,ok
0.118,1.0,0.998,0.351,0.605,perlu_cek_manual,Mobile_138.jpg,Electronic,ok
0.232,0.48,0.941,0.346,0.471,perlu_cek_manual,Mobile_144.jpg,Electronic,ok
0.571,0.492,0.943,0.466,0.601,perlu_cek_manual,Mobile_147.jpg,Electronic,ok
0.197,1.0,0.881,0.368,0.609,perlu_cek_manual,Mobile_150.jpg,Electronic,ok
0.073,0.649,0.909,0.327,0.464,perlu_cek_manual,Mobile_151.jpg,Electronic,ok
0.985,0.173,0.942,0.299,0.596,perlu_cek_manual,Mobile_152.jpg,Electronic,ok
0.284,0.567,0.901,0.255,0.487,perlu_cek_manual,Mobile_153.jpg,Electronic,ok
0.471,0.482,0.972,0.192,0.519,perlu_cek_manual,Mobile_158.jpg,Electronic,ok
0.395,0.252,0.973,0.308,0.45,perlu_cek_manual,Mobile_159.jpg,Electronic,ok
0.121,0.871,0.906,0.365,0.552,perlu_cek_manual,Mobile_16.jpg,Electronic,ok
0.437,0.464,0.958,0.437,0.549,perlu_cek_manual,Mobile_160.jpg,Electronic,ok
0.301,0.488,0.926,0.244,0.471,perlu_cek_manual,Mobile_161.jpg,Electronic,ok
1.0,0.139,0.938,0.44,0.617,perlu_cek_manual,Mobile_166.jpg,Electronic,ok
0.432,0.263,0.956,0.484,0.497,perlu_cek_manual,Mobile_168.jpg,Electronic,ok
0.578,0.0,0.885,0.416,0.433,perlu_cek_manual,Mobile_169.jpg,Electronic,ok
0.273,0.58,0.845,0.596,0.544,perlu_cek_manual,Mobile_171.jpg,Electronic,ok
0.496,0.304,1.0,0.268,0.494,perlu_cek_manual,Mobile_174.jpg,Electronic,ok
0.202,1.0,0.916,0.325,0.609,perlu_cek_manual,Mobile_175.jpg,Electronic,ok
0.681,0.033,1.0,0.475,0.509,perlu_cek_manual,Mobile_178.jpg,Electronic,ok
0.944,0.378,0.987,0.184,0.631,perlu_cek_manual,Mobile_179.jpg,Electronic,ok
0.131,1.0,1.0,0.479,0.635,perlu_cek_manual,Mobile_18.jpg,Electronic,ok
0.343,0.817,0.938,0.44,0.624,perlu_cek_manual,Mobile_182.jpg,Electronic,ok
0.481,0.0,0.881,0.28,0.376,perlu_cek_manual,Mobile_184.jpg,Electronic,ok
1.0,0.0,1.0,0.537,0.607,perlu_cek_manual,Mobile_185.jpg,Electronic,ok
0.427,0.359,0.637,0.23,0.409,perlu_cek_manual,Mobile_187.jpg,Electronic,ok
1.0,0.0,0.974,0.415,0.578,perlu_cek_manual,Mobile_188.jpg,Electronic,ok
0.98,0.29,0.94,0.371,0.643,perlu_cek_manual,Mobile_189.jpg,Electronic,ok
0.667,0.218,0.952,0.416,0.539,perlu_cek_manual,Mobile_190.jpg,Electronic,ok
0.723,0.0,0.968,0.241,0.459,perlu_cek_manual,Mobile_191.jpg,Electronic,ok
0.596,0.214,0.954,0.42,0.518,perlu_cek_manual,Mobile_192.jpg,Electronic,ok
0.49,0.0,0.963,0.527,0.445,perlu_cek_manual,Mobile_193.jpg,Electronic,ok
1.0,0.196,0.991,0.244,0.606,perlu_cek_manual,Mobile_196.jpg,Electronic,ok
0.649,0.305,0.944,0.351,0.545,perlu_cek_manual,Mobile_198.jpg,Electronic,ok
0.167,0.496,0.847,0.556,0.479,perlu_cek_manual,Mobile_20.jpg,Electronic,ok
0.45,0.443,0.896,0.171,0.481,perlu_cek_manual,Mobile_200.jpg,Electronic,ok
0.28,0.35,0.955,0.516,0.483,perlu_cek_manual,Mobile_201.jpg,Electronic,ok
0.169,0.539,0.906,0.471,0.488,perlu_cek_manual,Mobile_202.jpg,Electronic,ok
0.581,0.271,0.97,0.357,0.521,perlu_cek_manual,Mobile_204.jpg,Electronic,ok
0.332,0.255,0.933,0.111,0.385,perlu_cek_manual,Mobile_209.jpg,Electronic,ok
1.0,0.0,1.0,0.282,0.556,perlu_cek_manual,Mobile_21.jpg,Electronic,ok
0.123,1.0,0.934,0.424,0.609,perlu_cek_manual,Mobile_218.jpg,Electronic,ok
0.791,0.0,0.985,0.273,0.489,perlu_cek_manual,Mobile_219.jpg,Electronic,ok
0.083,0.622,0.844,0.251,0.431,perlu_cek_manual,Mobile_222.jpg,Electronic,ok
0.643,0.263,1.0,0.476,0.567,perlu_cek_manual,Mobile_227.jpg,Electronic,ok
0.499,0.0,0.962,0.573,0.457,perlu_cek_manual,Mobile_23.jpg,Electronic,ok
0.666,0.21,1.0,0.421,0.547,perlu_cek_manual,Mobile_231.jpg,Electronic,ok
0.633,0.409,0.947,0.276,0.557,perlu_cek_manual,Mobile_233.jpg,Electronic,ok
0.285,0.066,0.93,0.4,0.371,perlu_cek_manual,Mobile_237.jpg,Electronic,ok
1.0,0.22,0.948,0.348,0.625,perlu_cek_manual,Mobile_238.jpg,Electronic,ok
0.685,0.0,0.936,0.518,0.496,perlu_cek_manual,Mobile_243.jpg,Electronic,ok
0.451,0.0,0.947,0.326,0.39,perlu_cek_manual,Mobile_244.jpg,Electronic,ok
0.597,0.192,0.958,0.301,0.488,perlu_cek_manual,Mobile_246.jpg,Electronic,ok
0.399,0.512,0.863,0.626,0.571,perlu_cek_manual,Mobile_247.jpg,Electronic,ok
0.533,0.0,0.872,0.418,0.418,perlu_cek_manual,Mobile_248.jpg,Electronic,ok
0.655,0.325,0.967,0.474,0.582,perlu_cek_manual,Mobile_249.jpg,Electronic,ok
0.335,0.342,0.833,0.545,0.479,perlu_cek_manual,Mobile_250.jpg,Electronic,ok
0.492,0.554,0.982,0.471,0.605,perlu_cek_manual,Mobile_253.jpg,Electronic,ok
0.221,0.306,0.875,0.355,0.404,perlu_cek_manual,Mobile_255.jpg,Electronic,ok
0.277,0.629,0.861,0.48,0.54,perlu_cek_manual,Mobile_26.jpg,Electronic,ok
0.581,0.496,0.998,0.324,0.587,perlu_cek_manual,Mobile_263.jpg,Electronic,ok
0.419,0.559,0.965,0.445,0.575,perlu_cek_manual,Mobile_267.jpg,Electronic,ok
0.429,0.388,0.932,0.3,0.491,perlu_cek_manual,Mobile_27.jpg,Electronic,ok
0.86,0.308,0.988,0.246,0.597,perlu_cek_manual,Mobile_274.jpg,Electronic,ok
0.678,0.232,0.947,0.257,0.514,perlu_cek_manual,Mobile_275.jpg,Electronic,ok
0.606,0.548,0.923,0.357,0.602,perlu_cek_manual,Mobile_28.jpg,Electronic,ok
0.478,0.0,0.975,0.11,0.36,perlu_cek_manual,Mobile_284.jpg,Electronic,ok
0.347,0.908,0.928,0.328,0.628,perlu_cek_manual,Mobile_287.jpg,Electronic,ok
0.512,0.045,0.979,0.296,0.422,perlu_cek_manual,Mobile_288.jpg,Electronic,ok
0.329,0.71,0.871,0.475,0.581,perlu_cek_manual,Mobile_29.jpg,Electronic,ok
0.141,0.676,0.879,0.346,0.49,perlu_cek_manual,Mobile_31.jpg,Electronic,ok
0.427,0.57,0.944,0.191,0.526,perlu_cek_manual,Mobile_36.jpg,Electronic,ok
0.65,0.0,1.0,0.134,0.422,perlu_cek_manual,Mobile_39.jpg,Electronic,ok
0.907,0.127,0.902,0.484,0.587,perlu_cek_manual,Mobile_40.jpg,Electronic,ok
0.373,0.237,0.981,0.141,0.407,perlu_cek_manual,Mobile_42.jpg,Electronic,ok
0.141,0.487,0.92,0.214,0.415,perlu_cek_manual,Mobile_44.jpg,Electronic,ok
0.125,0.99,0.968,0.37,0.602,perlu_cek_manual,Mobile_45.jpg,Electronic,ok
0.869,0.316,0.97,0.24,0.598,perlu_cek_manual,Mobile_46.jpg,Electronic,ok
0.24,0.647,1.0,0.251,0.516,perlu_cek_manual,Mobile_48.jpg,Electronic,ok
0.127,0.578,0.848,0.272,0.435,perlu_cek_manual,Mobile_49.jpg,Electronic,ok
0.242,0.365,0.916,0.488,0.463,perlu_cek_manual,Mobile_5.jpg,Electronic,ok
0.333,0.288,0.88,0.269,0.416,perlu_cek_manual,Mobile_51.jpg,Electronic,ok
0.292,0.053,0.799,0.441,0.352,perlu_cek_manual,Mobile_54.jpg,Electronic,ok
0.478,0.0,0.986,0.39,0.419,perlu_cek_manual,Mobile_60.jpg,Electronic,ok
0.272,1.0,0.857,0.373,0.628,perlu_cek_manual,Mobile_62.jpg,Electronic,ok
1.0,0.35,0.683,0.022,0.546,perlu_cek_manual,Mobile_67.jpg,Electronic,ok
0.514,0.663,0.988,0.417,0.634,perlu_cek_manual,Mobile_68.jpg,Electronic,ok
0.371,0.42,0.906,0.439,0.506,perlu_cek_manual,Mobile_70.jpg,Electronic,ok
0.24,0.109,0.917,0.434,0.375,perlu_cek_manual,Mobile_71.jpg,Electronic,ok
0.581,0.615,0.925,0.226,0.589,perlu_cek_manual,Mobile_74.jpg,Electronic,ok
0.401,0.793,1.0,0.264,0.611,perlu_cek_manual,Mobile_82.jpg,Electronic,ok
0.286,0.45,0.713,0.323,0.428,perlu_cek_manual,Mobile_83.jpg,Electronic,ok
0.502,0.147,0.961,0.275,0.442,perlu_cek_manual,Mobile_84.jpg,Electronic,ok
0.524,0.654,0.975,0.211,0.591,perlu_cek_manual,Mobile_87.jpg,Electronic,ok
0.712,0.0,1.0,0.275,0.469,perlu_cek_manual,Mobile_90.jpg,Electronic,ok
0.684,0.326,0.945,0.409,0.574,perlu_cek_manual,Mobile_91.jpg,Electronic,ok
0.6,0.105,0.996,0.365,0.484,perlu_cek_manual,Mobile_92.jpg,Electronic,ok
0.35,0.063,0.983,0.394,0.399,perlu_cek_manual,Mobile_99.jpg,Electronic,ok
0.85,0.198,0.99,0.215,0.555,perlu_cek_manual,Mouse_10.jpg,Electronic,ok
0.52,0.317,0.486,0.269,0.402,perlu_cek_manual,Mouse_102.jpg,Electronic,ok
0.588,0.46,0.861,0.177,0.522,perlu_cek_manual,Mouse_103.jpg,Electronic,ok
0.59,0.512,0.987,0.379,0.604,perlu_cek_manual,Mouse_104.jpg,Electronic,ok
1.0,0.0,0.882,0.188,0.514,perlu_cek_manual,Mouse_11.jpg,Electronic,ok
0.348,0.462,0.377,0.545,0.427,perlu_cek_manual,Mouse_119.jpg,Electronic,ok
0.609,0.462,0.97,0.348,0.585,perlu_cek_manual,Mouse_120.jpg,Electronic,ok
0.216,0.837,0.822,0.409,0.562,perlu_cek_manual,Mouse_121.jpg,Electronic,ok
0.461,0.089,0.916,0.256,0.4,perlu_cek_manual,Mouse_122.jpg,Electronic,ok
0.551,0.831,0.562,0.546,0.636,perlu_cek_manual,Mouse_131.jpg,Electronic,ok
0.434,0.371,0.296,0.516,0.404,perlu_cek_manual,Mouse_136.jpg,Electronic,ok
0.037,1.0,0.749,0.399,0.541,perlu_cek_manual,Mouse_138.jpg,Electronic,ok
0.462,0.45,0.933,0.091,0.479,perlu_cek_manual,Mouse_139.jpg,Electronic,ok
1.0,0.165,0.971,0.399,0.623,perlu_cek_manual,Mouse_140.jpg,Electronic,ok
0.38,0.252,0.846,0.601,0.479,perlu_cek_manual,Mouse_142.jpg,Electronic,ok
0.072,0.326,0.855,0.445,0.379,perlu_cek_manual,Mouse_143.jpg,Electronic,ok
0.242,0.553,0.804,0.254,0.45,perlu_cek_manual,Mouse_15.jpg,Electronic,ok
0.316,0.78,0.369,0.439,0.49,perlu_cek_manual,Mouse_150.jpg,Electronic,ok
0.105,0.8,0.459,0.263,0.416,perlu_cek_manual,Mouse_152.jpg,Electronic,ok
0.272,0.655,0.654,0.367,0.482,perlu_cek_manual,Mouse_155.jpg,Electronic,ok
0.362,1.0,0.538,0.461,0.609,perlu_cek_manual,Mouse_156.jpg,Electronic,ok
0.515,0.228,0.98,0.086,0.436,perlu_cek_manual,Mouse_161.jpg,Electronic,ok
0.218,0.793,0.855,0.204,0.515,perlu_cek_manual,Mouse_166.jpg,Electronic,ok
0.905,0.41,0.498,0.472,0.589,perlu_cek_manual,Mouse_167.jpg,Electronic,ok
1.0,0.214,0.422,0.437,0.536,perlu_cek_manual,Mouse_168.jpg,Electronic,ok
0.409,0.041,0.914,0.41,0.4,perlu_cek_manual,Mouse_169.jpg,Electronic,ok
0.211,0.535,0.614,0.328,0.412,perlu_cek_manual,Mouse_173.jpg,Electronic,ok
0.496,0.018,0.786,0.511,0.414,perlu_cek_manual,Mouse_176.jpg,Electronic,ok
0.193,0.378,0.439,0.528,0.365,perlu_cek_manual,Mouse_177.jpg,Electronic,ok
0.282,0.353,0.873,0.457,0.456,perlu_cek_manual,Mouse_178.jpg,Electronic,ok
0.439,0.232,0.859,0.578,0.489,perlu_cek_manual,Mouse_179.jpg,Electronic,ok
0.251,0.656,0.64,0.061,0.412,perlu_cek_manual,Mouse_184.jpg,Electronic,ok
0.249,0.626,0.785,0.348,0.489,perlu_cek_manual,Mouse_185.jpg,Electronic,ok
0.439,0.232,0.859,0.581,0.49,perlu_cek_manual,Mouse_186.jpg,Electronic,ok
0.216,0.086,0.848,0.501,0.36,perlu_cek_manual,Mouse_187.jpg,Electronic,ok
0.317,1.0,0.904,0.266,0.629,perlu_cek_manual,Mouse_190.jpg,Electronic,ok
0.324,0.441,0.786,0.457,0.478,perlu_cek_manual,Mouse_192.jpg,Electronic,ok
0.316,0.78,0.369,0.438,0.49,perlu_cek_manual,Mouse_193.jpg,Electronic,ok
0.272,0.0,0.875,0.469,0.35,perlu_cek_manual,Mouse_195.jpg,Electronic,ok
0.21,1.0,0.586,0.17,0.514,perlu_cek_manual,Mouse_196.jpg,Electronic,ok
1.0,0.101,0.94,0.374,0.593,perlu_cek_manual,Mouse_197.jpg,Electronic,ok
0.395,0.0,0.874,0.318,0.357,perlu_cek_manual,Mouse_198.jpg,Electronic,ok
0.374,0.977,0.944,0.207,0.635,perlu_cek_manual,Mouse_20.jpg,Electronic,ok
0.564,0.0,0.939,0.323,0.422,perlu_cek_manual,Mouse_200.jpg,Electronic,ok
0.192,1.0,0.327,0.332,0.489,perlu_cek_manual,Mouse_202.jpg,Electronic,ok
0.407,0.0,0.861,0.428,0.38,perlu_cek_manual,Mouse_203.jpg,Electronic,ok
0.335,0.627,0.457,0.176,0.415,perlu_cek_manual,Mouse_205.jpg,Electronic,ok
1.0,0.295,0.914,0.137,0.599,perlu_cek_manual,Mouse_207.jpg,Electronic,ok
1.0,0.279,0.968,0.307,0.639,perlu_cek_manual,Mouse_208.jpg,Electronic,ok
0.268,0.9,0.988,0.21,0.59,perlu_cek_manual,Mouse_21.jpg,Electronic,ok
0.417,1.0,0.976,0.086,0.638,perlu_cek_manual,Mouse_210.jpg,Electronic,ok
0.496,0.018,0.786,0.506,0.413,perlu_cek_manual,Mouse_212.jpg,Electronic,ok
0.154,0.229,0.813,0.362,0.35,perlu_cek_manual,Mouse_216.jpg,Electronic,ok
0.181,0.67,0.989,0.349,0.523,perlu_cek_manual,Mouse_22.jpg,Electronic,ok
1.0,0.091,0.849,0.489,0.595,perlu_cek_manual,Mouse_220.jpg,Electronic,ok
1.0,0.0,1.0,0.509,0.602,perlu_cek_manual,Mouse_223.jpg,Electronic,ok
0.199,0.202,0.868,0.33,0.36,perlu_cek_manual,Mouse_226.jpg,Electronic,ok
1.0,0.0,1.0,0.411,0.582,perlu_cek_manual,Mouse_229.jpg,Electronic,ok
1.0,0.0,0.899,0.326,0.545,perlu_cek_manual,Mouse_23.jpg,Electronic,ok
0.11,0.359,0.778,0.346,0.365,perlu_cek_manual,Mouse_230.jpg,Electronic,ok
0.466,0.396,0.811,0.506,0.522,perlu_cek_manual,Mouse_231.jpg,Electronic,ok
0.696,0.276,1.0,0.015,0.494,perlu_cek_manual,Mouse_232.jpg,Electronic,ok
0.567,0.339,0.463,0.502,0.465,perlu_cek_manual,Mouse_237.jpg,Electronic,ok
0.2,0.313,0.664,0.39,0.365,perlu_cek_manual,Mouse_238.jpg,Electronic,ok
1.0,0.0,0.926,0.42,0.569,perlu_cek_manual,Mouse_24.jpg,Electronic,ok
0.414,0.709,0.746,0.489,0.584,perlu_cek_manual,Mouse_242.jpg,Electronic,ok
0.391,0.0,0.942,0.455,0.397,perlu_cek_manual,Mouse_243.jpg,Electronic,ok
0.428,0.398,0.861,0.275,0.475,perlu_cek_manual,Mouse_246.jpg,Electronic,ok
0.289,0.184,0.98,0.438,0.426,perlu_cek_manual,Mouse_249.jpg,Electronic,ok
0.734,0.377,0.953,0.351,0.594,perlu_cek_manual,Mouse_25.jpg,Electronic,ok
0.498,0.184,0.935,0.14,0.42,perlu_cek_manual,Mouse_251.jpg,Electronic,ok
0.699,0.224,0.951,0.341,0.535,perlu_cek_manual,Mouse_255.jpg,Electronic,ok
1.0,0.0,0.94,0.54,0.596,perlu_cek_manual,Mouse_262.jpg,Electronic,ok
0.558,0.0,0.92,0.453,0.442,perlu_cek_manual,Mouse_263.jpg,Electronic,ok
0.405,0.705,0.969,0.231,0.573,perlu_cek_manual,Mouse_265.jpg,Electronic,ok
0.213,0.106,0.889,0.56,0.386,perlu_cek_manual,Mouse_266.jpg,Electronic,ok
0.601,0.342,0.999,0.496,0.582,perlu_cek_manual,Mouse_268.jpg,Electronic,ok
0.598,0.745,0.473,0.548,0.607,perlu_cek_manual,Mouse_271.jpg,Electronic,ok
0.307,0.01,0.933,0.391,0.36,perlu_cek_manual,Mouse_272.jpg,Electronic,ok
0.793,0.0,0.895,0.239,0.465,perlu_cek_manual,Mouse_274.jpg,Electronic,ok
0.657,0.202,0.808,0.302,0.479,perlu_cek_manual,Mouse_276.jpg,Electronic,ok
0.873,0.428,0.963,0.233,0.63,perlu_cek_manual,Mouse_277.jpg,Electronic,ok
0.54,0.58,1.0,0.178,0.572,perlu_cek_manual,Mouse_279.jpg,Electronic,ok
0.282,0.269,0.872,0.366,0.413,perlu_cek_manual,Mouse_282.jpg,Electronic,ok
0.459,0.173,0.91,0.38,0.448,perlu_cek_manual,Mouse_287.jpg,Electronic,ok
0.574,0.357,0.957,0.501,0.571,perlu_cek_manual,Mouse_29.jpg,Electronic,ok
0.499,0.15,0.906,0.243,0.424,perlu_cek_manual,Mouse_290.jpg,Electronic,ok
1.0,0.274,1.0,0.234,0.629,perlu_cek_manual,Mouse_291.jpg,Electronic,ok
0.497,0.592,0.97,0.17,0.555,perlu_cek_manual,Mouse_293.jpg,Electronic,ok
0.128,0.527,0.86,0.148,0.398,perlu_cek_manual,Mouse_296.jpg,Electronic,ok
0.455,0.127,0.925,0.299,0.419,perlu_cek_manual,Mouse_31.jpg,Electronic,ok
0.851,0.296,0.833,0.433,0.598,perlu_cek_manual,Mouse_32.jpg,Electronic,ok
0.38,0.0,0.853,0.332,0.351,perlu_cek_manual,Mouse_34.jpg,Electronic,ok
0.458,0.396,0.934,0.295,0.502,perlu_cek_manual,Mouse_35.jpg,Electronic,ok
0.564,0.336,0.933,0.237,0.504,perlu_cek_manual,Mouse_39.jpg,Electronic,ok
0.889,0.451,0.938,0.283,0.646,perlu_cek_manual,Mouse_40.jpg,Electronic,ok
1.0,0.335,1.0,0.098,0.62,perlu_cek_manual,Mouse_41.jpg,Electronic,ok
0.437,0.738,0.931,0.161,0.571,perlu_cek_manual,Mouse_42.jpg,Electronic,ok
0.463,0.526,0.995,0.286,0.553,perlu_cek_manual,Mouse_43.jpg,Electronic,ok
0.797,0.443,0.937,0.433,0.646,perlu_cek_manual,Mouse_6.jpg,Electronic,ok
0.21,0.183,0.822,0.45,0.372,perlu_cek_manual,Mouse_64.jpg,Electronic,ok
0.135,0.28,0.907,0.221,0.35,perlu_cek_manual,Mouse_65.jpg,Electronic,ok
0.297,0.233,0.862,0.256,0.383,perlu_cek_manual,Mouse_66.jpg,Electronic,ok
0.614,0.274,0.405,0.294,0.406,perlu_cek_manual,Mouse_67.jpg,Electronic,ok
0.652,0.105,0.785,0.48,0.48,perlu_cek_manual,Mouse_68.jpg,Electronic,ok
0.946,0.071,0.984,0.277,0.557,perlu_cek_manual,Mouse_69.jpg,Electronic,ok
0.068,0.414,0.876,0.341,0.388,perlu_cek_manual,Mouse_72.jpg,Electronic,ok
0.584,0.21,0.902,0.353,0.489,perlu_cek_manual,Mouse_81.jpg,Electronic,ok
0.307,0.485,0.462,0.385,0.407,perlu_cek_manual,Mouse_82.jpg,Electronic,ok
1.0,0.103,0.85,0.232,0.547,perlu_cek_manual,Mouse_84.jpg,Electronic,ok
0.921,0.0,0.978,0.596,0.591,perlu_cek_manual,Mouse_9.jpg,Electronic,ok
0.287,0.71,0.919,0.274,0.538,perlu_cek_manual,Mouse_90.jpg,Electronic,ok
0.56,0.707,0.518,0.524,0.589,perlu_cek_manual,Mouse_92.jpg,Electronic,ok
0.605,0.506,0.938,0.248,0.57,perlu_cek_manual,Mouse_98.jpg,Electronic,ok
0.594,0.6,0.917,0.367,0.615,perlu_cek_manual,pcb_109.jpg,Electronic,ok
0.748,0.709,0.947,0.013,0.629,perlu_cek_manual,pcb_111.jpg,Electronic,ok
0.399,0.459,0.848,0.17,0.461,perlu_cek_manual,pcb_114.jpg,Electronic,ok
0.781,0.0,0.797,0.442,0.482,perlu_cek_manual,pcb_137.jpg,Electronic,ok
1.0,0.0,0.976,0.524,0.6,perlu_cek_manual,pcb_141.jpg,Electronic,ok
0.39,0.0,0.702,0.486,0.355,perlu_cek_manual,pcb_144.jpg,Electronic,ok
0.568,0.175,0.94,0.328,0.476,perlu_cek_manual,pcb_145.jpg,Electronic,ok
0.651,0.0,0.907,0.661,0.509,perlu_cek_manual,pcb_146.jpg,Electronic,ok
0.392,0.468,0.487,0.538,0.463,perlu_cek_manual,pcb_147.jpg,Electronic,ok
0.351,0.276,0.849,0.326,0.423,perlu_cek_manual,pcb_148.jpg,Electronic,ok
0.997,0.263,0.519,0.254,0.533,perlu_cek_manual,pcb_149.jpg,Electronic,ok
0.747,0.443,0.959,0.4,0.629,perlu_cek_manual,pcb_159.jpg,Electronic,ok
0.45,0.279,0.855,0.56,0.502,perlu_cek_manual,pcb_160.jpg,Electronic,ok
0.63,0.408,0.963,0.596,0.623,perlu_cek_manual,pcb_162.jpg,Electronic,ok
0.2,0.184,0.699,0.71,0.397,perlu_cek_manual,pcb_165.jpg,Electronic,ok
0.827,0.437,0.978,0.297,0.634,perlu_cek_manual,pcb_167.jpg,Electronic,ok
1.0,0.0,1.0,0.575,0.615,perlu_cek_manual,pcb_171.jpg,Electronic,ok
1.0,0.0,0.919,0.429,0.57,perlu_cek_manual,pcb_174.jpg,Electronic,ok
0.814,0.356,0.995,0.155,0.581,perlu_cek_manual,pcb_181.jpg,Electronic,ok
0.235,0.165,0.888,0.678,0.433,perlu_cek_manual,pcb_184.jpg,Electronic,ok
1.0,0.0,1.0,0.547,0.609,perlu_cek_manual,pcb_186.jpg,Electronic,ok
0.625,0.0,0.621,0.595,0.43,perlu_cek_manual,pcb_188.jpg,Electronic,ok
0.526,0.416,0.912,0.483,0.562,perlu_cek_manual,pcb_189.jpg,Electronic,ok
0.418,0.233,0.448,0.527,0.39,perlu_cek_manual,pcb_191.jpg,Electronic,ok
0.249,0.242,0.78,0.392,0.382,perlu_cek_manual,pcb_195.jpg,Electronic,ok
1.0,0.455,1.0,0.021,0.641,perlu_cek_manual,pcb_200.jpg,Electronic,ok
0.729,0.389,0.582,0.575,0.567,perlu_cek_manual,pcb_202.jpg,Electronic,ok
0.299,0.216,0.815,0.511,0.42,perlu_cek_manual,pcb_204.jpg,Electronic,ok
0.754,0.0,0.714,0.356,0.44,perlu_cek_manual,pcb_205.jpg,Electronic,ok
0.573,0.367,0.928,0.422,0.552,perlu_cek_manual,pcb_206.jpg,Electronic,ok
0.602,0.473,0.746,0.334,0.538,perlu_cek_manual,pcb_208.jpg,Electronic,ok
0.775,0.254,0.819,0.579,0.588,perlu_cek_manual,pcb_210.jpg,Electronic,ok
0.641,0.536,0.984,0.39,0.628,perlu_cek_manual,pcb_211.jpg,Electronic,ok
1.0,0.0,0.98,0.355,0.567,perlu_cek_manual,pcb_218.jpg,Electronic,ok
0.948,0.382,0.93,0.26,0.637,perlu_cek_manual,pcb_221.jpg,Electronic,ok
1.0,0.546,0.878,0.041,0.648,perlu_cek_manual,pcb_225.jpg,Electronic,ok
1.0,0.383,0.587,0.545,0.641,perlu_cek_manual,pcb_255.jpg,Electronic,ok
0.586,0.0,0.852,0.405,0.427,perlu_cek_manual,pcb_259.jpg,Electronic,ok
0.874,0.611,0.983,0.0,0.642,perlu_cek_manual,pcb_261.jpg,Electronic,ok
0.791,0.013,0.887,0.281,0.475,perlu_cek_manual,pcb_262.jpg,Electronic,ok
0.648,0.137,0.89,0.377,0.489,perlu_cek_manual,pcb_264.jpg,Electronic,ok
1.0,0.172,0.701,0.372,0.566,perlu_cek_manual,pcb_265.jpg,Electronic,ok
0.611,0.342,0.939,0.229,0.519,perlu_cek_manual,pcb_267.jpg,Electronic,ok
1.0,0.579,0.848,0.0,0.643,perlu_cek_manual,pcb_270.jpg,Electronic,ok
1.0,0.0,0.941,0.32,0.552,perlu_cek_manual,pcb_272.jpg,Electronic,ok
0.944,0.304,0.604,0.575,0.61,perlu_cek_manual,pcb_275.jpg,Electronic,ok
0.671,0.149,0.913,0.384,0.505,perlu_cek_manual,pcb_277.jpg,Electronic,ok
0.933,0.375,0.85,0.191,0.601,perlu_cek_manual,pcb_278.jpg,Electronic,ok
0.586,0.655,0.918,0.299,0.616,perlu_cek_manual,pcb_279.jpg,Electronic,ok
0.412,0.379,0.915,0.437,0.508,perlu_cek_manual,pcb_28.jpg,Electronic,ok
1.0,0.278,0.601,0.628,0.629,perlu_cek_manual,pcb_284.jpg,Electronic,ok
1.0,0.507,0.833,0.0,0.619,perlu_cek_manual,pcb_285.jpg,Electronic,ok
1.0,0.182,0.753,0.569,0.619,perlu_cek_manual,pcb_286.jpg,Electronic,ok
0.774,0.732,0.921,0.009,0.638,perlu_cek_manual,pcb_290.jpg,Electronic,ok
1.0,0.155,0.933,0.566,0.647,perlu_cek_manual,pcb_299.jpg,Electronic,ok
0.361,0.226,0.709,0.403,0.398,perlu_cek_manual,pcb_32.jpg,Electronic,ok
0.566,0.17,0.939,0.327,0.474,perlu_cek_manual,pcb_34.jpg,Electronic,ok
1.0,0.019,0.918,0.461,0.582,perlu_cek_manual,pcb_39.jpg,Electronic,ok
0.787,0.266,0.949,0.469,0.599,perlu_cek_manual,pcb_43.jpg,Electronic,ok
0.551,0.188,0.54,0.553,0.44,perlu_cek_manual,pcb_48.jpg,Electronic,ok
0.887,0.462,0.973,0.135,0.626,perlu_cek_manual,pcb_49.jpg,Electronic,ok
0.819,0.197,0.527,0.705,0.551,perlu_cek_manual,pcb_53.jpg,Electronic,ok
1.0,0.063,0.43,0.731,0.551,perlu_cek_manual,pcb_54.jpg,Electronic,ok
0.584,0.572,1.0,0.516,0.65,perlu_cek_manual,pcb_59.jpg,Electronic,ok
0.456,0.543,0.927,0.117,0.509,perlu_cek_manual,pcb_60.jpg,Electronic,ok
0.467,0.361,0.668,0.598,0.502,perlu_cek_manual,pcb_62.jpg,Electronic,ok
0.632,0.456,0.703,0.516,0.57,perlu_cek_manual,pcb_63.jpg,Electronic,ok
0.527,0.372,0.827,0.534,0.542,perlu_cek_manual,pcb_65.jpg,Electronic,ok
1.0,0.358,0.541,0.241,0.564,perlu_cek_manual,pcb_66.jpg,Electronic,ok
1.0,0.296,0.551,0.324,0.564,perlu_cek_manual,pcb_70.jpg,Electronic,ok
0.627,0.174,0.519,0.635,0.471,perlu_cek_manual,pcb_74.jpg,Electronic,ok
0.615,0.0,0.603,0.392,0.384,perlu_cek_manual,pcb_77.jpg,Electronic,ok
0.979,0.389,0.992,0.024,0.614,perlu_cek_manual,pcb_81.jpg,Electronic,ok
0.569,0.173,0.94,0.328,0.476,perlu_cek_manual,pcb_82.jpg,Electronic,ok
1.0,0.0,1.0,0.0,0.5,perlu_cek_manual,pcb_95.jpg,Electronic,ok
0.287,0.199,0.655,0.588,0.394,perlu_cek_manual,pcb_99.jpg,Electronic,ok
0.768,0.464,0.429,0.637,0.583,perlu_cek_manual,Player_0.jpg,Electronic,ok
0.705,0.351,0.448,0.585,0.523,perlu_cek_manual,Player_1.jpg,Electronic,ok
0.439,0.396,0.857,0.399,0.502,perlu_cek_manual,Player_103.jpg,Electronic,ok
0.224,0.518,0.578,0.478,0.434,perlu_cek_manual,Player_104.jpg,Electronic,ok
0.607,0.541,0.41,0.36,0.498,perlu_cek_manual,Player_109.jpg,Electronic,ok
0.837,0.486,0.93,0.251,0.633,perlu_cek_manual,Player_11.jpg,Electronic,ok
0.499,0.398,0.624,0.725,0.539,perlu_cek_manual,Player_110.jpg,Electronic,ok
0.489,0.448,0.914,0.419,0.548,perlu_cek_manual,Player_111.jpg,Electronic,ok
0.222,0.468,0.8,0.407,0.448,perlu_cek_manual,Player_112.jpg,Electronic,ok
0.379,0.35,0.914,0.365,0.475,perlu_cek_manual,Player_115.jpg,Electronic,ok
0.785,0.583,0.479,0.522,0.611,perlu_cek_manual,Player_117.jpg,Electronic,ok
0.321,0.251,0.414,0.497,0.354,perlu_cek_manual,Player_119.jpg,Electronic,ok
0.331,0.097,1.0,0.529,0.434,perlu_cek_manual,Player_121.jpg,Electronic,ok
0.279,0.232,0.852,0.42,0.408,perlu_cek_manual,Player_128.jpg,Electronic,ok
1.0,0.47,0.727,0.183,0.623,perlu_cek_manual,Player_13.jpg,Electronic,ok
0.316,0.55,0.348,0.571,0.444,perlu_cek_manual,Player_130.jpg,Electronic,ok
0.897,0.209,0.986,0.525,0.634,perlu_cek_manual,Player_134.jpg,Electronic,ok
0.253,0.798,0.907,0.444,0.586,perlu_cek_manual,Player_139.jpg,Electronic,ok
0.402,0.0,0.671,0.618,0.378,perlu_cek_manual,Player_145.jpg,Electronic,ok
0.276,0.556,0.543,0.568,0.472,perlu_cek_manual,Player_148.jpg,Electronic,ok
0.584,0.554,0.995,0.062,0.553,perlu_cek_manual,Player_149.jpg,Electronic,ok
0.356,0.276,0.351,0.458,0.351,perlu_cek_manual,Player_15.jpg,Electronic,ok
1.0,0.0,0.922,0.494,0.583,perlu_cek_manual,Player_154.jpg,Electronic,ok
0.335,0.518,0.873,0.423,0.515,perlu_cek_manual,Player_157.jpg,Electronic,ok
0.684,0.692,0.756,0.422,0.649,perlu_cek_manual,Player_158.jpg,Electronic,ok
0.745,0.333,0.851,0.358,0.565,perlu_cek_manual,Player_160.jpg,Electronic,ok
0.399,0.479,0.635,0.531,0.497,perlu_cek_manual,Player_166.jpg,Electronic,ok
0.623,0.667,0.908,0.315,0.632,perlu_cek_manual,Player_167.jpg,Electronic,ok
0.386,0.471,0.663,0.52,0.494,perlu_cek_manual,Player_173.jpg,Electronic,ok
1.0,0.338,1.0,0.157,0.633,perlu_cek_manual,Player_175.jpg,Electronic,ok
0.576,0.655,0.577,0.574,0.6,perlu_cek_manual,Player_176.jpg,Electronic,ok
0.359,0.38,0.387,0.313,0.362,perlu_cek_manual,Player_182.jpg,Electronic,ok
0.572,0.673,0.911,0.397,0.635,perlu_cek_manual,Player_184.jpg,Electronic,ok
0.359,0.283,0.358,0.516,0.367,perlu_cek_manual,Player_185.jpg,Electronic,ok
0.939,0.301,0.749,0.435,0.609,perlu_cek_manual,Player_188.jpg,Electronic,ok
0.431,0.33,0.304,0.512,0.391,perlu_cek_manual,Player_19.jpg,Electronic,ok
0.221,0.145,0.831,0.488,0.374,perlu_cek_manual,Player_190.jpg,Electronic,ok
0.323,0.444,0.59,0.598,0.468,perlu_cek_manual,Player_194.jpg,Electronic,ok
1.0,0.0,0.974,0.408,0.576,perlu_cek_manual,Player_198.jpg,Electronic,ok
0.335,0.52,0.872,0.423,0.516,perlu_cek_manual,Player_199.jpg,Electronic,ok
1.0,0.439,0.947,0.135,0.648,perlu_cek_manual,Player_205.jpg,Electronic,ok
0.599,0.238,0.935,0.366,0.511,perlu_cek_manual,Player_206.jpg,Electronic,ok
0.233,0.206,0.802,0.45,0.382,perlu_cek_manual,Player_214.jpg,Electronic,ok
0.474,0.634,0.526,0.604,0.558,perlu_cek_manual,Player_216.jpg,Electronic,ok
0.274,0.306,0.315,0.581,0.353,perlu_cek_manual,Player_217.jpg,Electronic,ok
0.513,0.293,0.306,0.483,0.4,perlu_cek_manual,Player_222.jpg,Electronic,ok
1.0,0.51,0.471,0.449,0.637,perlu_cek_manual,Player_223.jpg,Electronic,ok
0.543,0.312,0.384,0.589,0.451,perlu_cek_manual,Player_225.jpg,Electronic,ok
0.188,0.316,0.58,0.437,0.355,perlu_cek_manual,Player_227.jpg,Electronic,ok
0.791,0.325,1.0,0.309,0.597,perlu_cek_manual,Player_228.jpg,Electronic,ok
0.44,0.707,0.566,0.198,0.497,perlu_cek_manual,Player_234.jpg,Electronic,ok
0.861,0.429,0.553,0.646,0.627,perlu_cek_manual,Player_237.jpg,Electronic,ok
0.647,0.51,0.461,0.174,0.474,perlu_cek_manual,Player_238.jpg,Electronic,ok
0.339,0.376,0.345,0.457,0.375,perlu_cek_manual,Player_241.jpg,Electronic,ok
0.441,0.16,0.342,0.515,0.352,perlu_cek_manual,Player_242.jpg,Electronic,ok
0.429,0.366,0.459,0.21,0.372,perlu_cek_manual,Player_244.jpg,Electronic,ok
0.449,0.57,0.509,0.21,0.45,perlu_cek_manual,Player_248.jpg,Electronic,ok
0.467,0.699,0.521,0.46,0.546,perlu_cek_manual,Player_250.jpg,Electronic,ok
0.389,0.225,0.425,0.636,0.396,perlu_cek_manual,Player_254.jpg,Electronic,ok
0.491,0.344,0.378,0.221,0.37,perlu_cek_manual,Player_256.jpg,Electronic,ok
0.321,0.26,0.414,0.499,0.357,perlu_cek_manual,Player_26.jpg,Electronic,ok
0.256,0.504,0.373,0.378,0.378,perlu_cek_manual,Player_264.jpg,Electronic,ok
0.449,0.68,0.486,0.552,0.546,perlu_cek_manual,Player_265.jpg,Electronic,ok
0.671,0.599,0.603,0.414,0.585,perlu_cek_manual,Player_268.jpg,Electronic,ok
0.512,0.261,0.302,0.52,0.396,perlu_cek_manual,Player_270.jpg,Electronic,ok
0.433,0.35,0.818,0.602,0.519,perlu_cek_manual,Player_272.jpg,Electronic,ok
0.527,0.386,0.504,0.351,0.445,perlu_cek_manual,Player_275.jpg,Electronic,ok
0.591,0.26,0.447,0.587,0.462,perlu_cek_manual,Player_277.jpg,Electronic,ok
0.51,0.494,0.598,0.566,0.534,perlu_cek_manual,Player_281.jpg,Electronic,ok
0.501,0.451,0.506,0.469,0.48,perlu_cek_manual,Player_282.jpg,Electronic,ok
0.635,0.574,0.956,0.175,0.589,perlu_cek_manual,Player_287.jpg,Electronic,ok
0.625,0.599,0.704,0.599,0.628,perlu_cek_manual,Player_29.jpg,Electronic,ok
0.751,0.361,0.483,0.37,0.504,perlu_cek_manual,Player_291.jpg,Electronic,ok
1.0,0.0,0.938,0.444,0.576,perlu_cek_manual,Player_292.jpg,Electronic,ok
0.821,0.302,0.448,0.446,0.516,perlu_cek_manual,Player_294.jpg,Electronic,ok
0.657,0.293,0.798,0.58,0.561,perlu_cek_manual,Player_295.jpg,Electronic,ok
0.628,0.411,0.954,0.218,0.546,perlu_cek_manual,Player_297.jpg,Electronic,ok
1.0,0.0,0.914,0.555,0.594,perlu_cek_manual,Player_32.jpg,Electronic,ok
0.341,1.0,0.427,0.461,0.58,perlu_cek_manual,Player_34.jpg,Electronic,ok
0.168,0.557,0.359,0.491,0.387,perlu_cek_manual,Player_35.jpg,Electronic,ok
0.861,0.464,0.523,0.456,0.593,perlu_cek_manual,Player_36.jpg,Electronic,ok
0.453,0.349,0.49,0.604,0.459,perlu_cek_manual,Player_37.jpg,Electronic,ok
0.743,0.513,0.608,0.466,0.592,perlu_cek_manual,Player_39.jpg,Electronic,ok
0.941,0.311,0.49,0.617,0.597,perlu_cek_manual,Player_40.jpg,Electronic,ok
0.637,0.798,0.588,0.405,0.629,perlu_cek_manual,Player_41.jpg,Electronic,ok
0.226,0.558,0.469,0.344,0.398,perlu_cek_manual,Player_44.jpg,Electronic,ok
0.405,0.598,0.506,0.378,0.478,perlu_cek_manual,Player_50.jpg,Electronic,ok
0.672,0.482,0.777,0.505,0.602,perlu_cek_manual,Player_6.jpg,Electronic,ok
1.0,0.27,0.566,0.691,0.632,perlu_cek_manual,Player_96.jpg,Electronic,ok
0.354,0.329,0.872,0.563,0.492,perlu_cek_manual,Player_97.jpg,Electronic,ok
0.963,0.242,0.42,0.638,0.573,perlu_cek_manual,printed-circuit-board-500x500.jpg,Electronic,ok
0.753,0.0,0.79,0.371,0.458,perlu_cek_manual,Printer_1.jpg,Electronic,ok
0.17,0.279,0.775,0.432,0.376,perlu_cek_manual,Printer_101.jpg,Electronic,ok
0.19,0.353,0.4,0.654,0.374,perlu_cek_manual,Printer_105.jpg,Electronic,ok
0.241,0.295,0.335,0.619,0.352,perlu_cek_manual,Printer_109.jpg,Electronic,ok
0.809,0.0,0.963,0.593,0.554,perlu_cek_manual,Printer_111.jpg,Electronic,ok
0.273,0.358,0.498,0.552,0.399,perlu_cek_manual,Printer_123.jpg,Electronic,ok
1.0,0.357,0.873,0.316,0.645,perlu_cek_manual,Printer_125.jpg,Electronic,ok
0.784,0.0,0.961,0.364,0.5,perlu_cek_manual,Printer_126.jpg,Electronic,ok
0.482,0.037,0.906,0.383,0.414,perlu_cek_manual,Printer_13.jpg,Electronic,ok
0.354,0.336,0.849,0.456,0.468,perlu_cek_manual,Printer_133.jpg,Electronic,ok
0.469,0.594,0.457,0.621,0.534,perlu_cek_manual,Printer_140.jpg,Electronic,ok
0.266,0.453,0.354,0.336,0.354,perlu_cek_manual,Printer_142.jpg,Electronic,ok
1.0,0.0,1.0,0.338,0.568,perlu_cek_manual,Printer_144.jpg,Electronic,ok
0.148,0.499,0.429,0.71,0.422,perlu_cek_manual,Printer_145.jpg,Electronic,ok
0.349,0.328,0.429,0.579,0.405,perlu_cek_manual,Printer_148.jpg,Electronic,ok
0.386,0.0,0.726,0.543,0.37,perlu_cek_manual,Printer_16.jpg,Electronic,ok
0.891,0.745,0.523,0.204,0.636,perlu_cek_manual,Printer_17.jpg,Electronic,ok
0.386,0.876,0.56,0.78,0.647,perlu_cek_manual,Printer_171.jpg,Electronic,ok
0.557,0.816,0.924,0.251,0.647,perlu_cek_manual,Printer_177.jpg,Electronic,ok
0.466,0.428,0.883,0.591,0.563,perlu_cek_manual,Printer_181.jpg,Electronic,ok
1.0,0.0,0.98,0.372,0.57,perlu_cek_manual,Printer_183.jpg,Electronic,ok
0.294,0.433,0.371,0.403,0.373,perlu_cek_manual,Printer_187.jpg,Electronic,ok
0.684,0.348,0.946,0.225,0.544,perlu_cek_manual,Printer_19.jpg,Electronic,ok
1.0,0.0,0.918,0.494,0.582,perlu_cek_manual,Printer_191.jpg,Electronic,ok
0.545,0.159,0.952,0.369,0.475,perlu_cek_manual,Printer_197.jpg,Electronic,ok
1.0,0.121,0.903,0.418,0.601,perlu_cek_manual,Printer_198.jpg,Electronic,ok
0.495,0.0,0.926,0.529,0.44,perlu_cek_manual,Printer_20.jpg,Electronic,ok
0.192,0.666,0.336,0.453,0.415,perlu_cek_manual,Printer_201.jpg,Electronic,ok
0.59,0.457,0.542,0.426,0.508,perlu_cek_manual,Printer_204.jpg,Electronic,ok
1.0,0.229,0.916,0.434,0.639,perlu_cek_manual,Printer_206.jpg,Electronic,ok
0.38,0.253,0.854,0.57,0.475,perlu_cek_manual,Printer_208.jpg,Electronic,ok
0.622,0.575,0.957,0.459,0.642,perlu_cek_manual,Printer_209.jpg,Electronic,ok
0.184,0.38,0.868,0.308,0.405,perlu_cek_manual,Printer_210.jpg,Electronic,ok
0.278,0.07,0.747,0.594,0.373,perlu_cek_manual,Printer_219.jpg,Electronic,ok
0.541,0.265,0.88,0.347,0.487,perlu_cek_manual,Printer_22.jpg,Electronic,ok
0.386,0.415,0.915,0.551,0.533,perlu_cek_manual,Printer_220.jpg,Electronic,ok
0.365,0.432,0.424,0.557,0.435,perlu_cek_manual,Printer_226.jpg,Electronic,ok
0.503,0.565,0.94,0.524,0.613,perlu_cek_manual,Printer_230.jpg,Electronic,ok
0.414,0.793,0.607,0.552,0.594,perlu_cek_manual,Printer_233.jpg,Electronic,ok
0.374,0.354,0.495,0.578,0.433,perlu_cek_manual,Printer_235.jpg,Electronic,ok
1.0,0.0,0.946,0.377,0.565,perlu_cek_manual,Printer_237.jpg,Electronic,ok
0.719,0.537,0.366,0.702,0.59,perlu_cek_manual,Printer_238.jpg,Electronic,ok
0.581,0.269,0.938,0.409,0.525,perlu_cek_manual,Printer_24.jpg,Electronic,ok
0.465,0.525,0.408,0.654,0.509,perlu_cek_manual,Printer_241.jpg,Electronic,ok
1.0,0.0,1.0,0.571,0.614,perlu_cek_manual,Printer_242.jpg,Electronic,ok
0.635,0.0,0.925,0.72,0.52,perlu_cek_manual,Printer_247.jpg,Electronic,ok
0.693,0.0,0.901,0.449,0.478,perlu_cek_manual,Printer_251.jpg,Electronic,ok
0.587,0.572,0.449,0.421,0.522,perlu_cek_manual,Printer_252.jpg,Electronic,ok
0.624,0.205,0.916,0.444,0.521,perlu_cek_manual,Printer_258.jpg,Electronic,ok
0.564,0.655,0.429,0.703,0.592,perlu_cek_manual,Printer_259.jpg,Electronic,ok
0.287,0.4,0.48,0.481,0.398,perlu_cek_manual,Printer_262.jpg,Electronic,ok
0.261,0.194,0.873,0.518,0.415,perlu_cek_manual,Printer_266.jpg,Electronic,ok
1.0,0.396,0.538,0.587,0.644,perlu_cek_manual,Printer_269.jpg,Electronic,ok
0.399,0.0,0.775,0.503,0.375,perlu_cek_manual,Printer_27.jpg,Electronic,ok
0.923,0.24,0.923,0.246,0.582,perlu_cek_manual,Printer_270.jpg,Electronic,ok
0.347,0.763,0.415,0.55,0.526,perlu_cek_manual,Printer_273.jpg,Electronic,ok
0.842,0.0,0.969,0.583,0.563,perlu_cek_manual,Printer_279.jpg,Electronic,ok
0.58,0.779,0.739,0.373,0.63,perlu_cek_manual,Printer_281.jpg,Electronic,ok
0.389,0.521,0.519,0.582,0.493,perlu_cek_manual,Printer_283.jpg,Electronic,ok
0.514,0.444,1.0,0.362,0.56,perlu_cek_manual,Printer_284.jpg,Electronic,ok
0.642,0.0,0.965,0.489,0.483,perlu_cek_manual,Printer_285.jpg,Electronic,ok
0.484,0.449,0.87,0.264,0.507,perlu_cek_manual,Printer_288.jpg,Electronic,ok
0.18,1.0,0.852,0.399,0.604,perlu_cek_manual,Printer_295.jpg,Electronic,ok
0.385,0.631,0.831,0.501,0.571,perlu_cek_manual,Printer_296.jpg,Electronic,ok
0.769,0.414,0.938,0.261,0.595,perlu_cek_manual,Printer_297.jpg,Electronic,ok
0.874,0.152,0.962,0.538,0.608,perlu_cek_manual,Printer_299.jpg,Electronic,ok
1.0,0.0,1.0,0.475,0.595,perlu_cek_manual,Printer_37.jpg,Electronic,ok
0.465,1.0,0.498,0.387,0.617,perlu_cek_manual,Printer_39.jpg,Electronic,ok
0.321,0.371,0.929,0.243,0.442,perlu_cek_manual,Printer_4.jpg,Electronic,ok
0.336,0.0,0.878,0.386,0.354,perlu_cek_manual,Printer_42.jpg,Electronic,ok
0.279,0.088,0.909,0.471,0.386,perlu_cek_manual,Printer_43.jpg,Electronic,ok
0.342,0.481,0.951,0.546,0.546,perlu_cek_manual,Printer_47.jpg,Electronic,ok
0.346,0.269,0.909,0.325,0.431,perlu_cek_manual,Printer_48.jpg,Electronic,ok
0.418,0.838,0.736,0.586,0.641,perlu_cek_manual,Printer_49.jpg,Electronic,ok
0.573,0.128,0.97,0.39,0.482,perlu_cek_manual,Printer_5.jpg,Electronic,ok
0.198,0.439,0.506,0.421,0.377,perlu_cek_manual,Printer_52.jpg,Electronic,ok
0.215,0.533,0.907,0.404,0.487,perlu_cek_manual,Printer_53.jpg,Electronic,ok
0.432,0.735,0.909,0.388,0.61,perlu_cek_manual,Printer_54.jpg,Electronic,ok
0.806,0.015,0.654,0.396,0.456,perlu_cek_manual,Printer_55.jpg,Electronic,ok
1.0,0.0,1.0,0.581,0.616,perlu_cek_manual,Printer_56.jpg,Electronic,ok
0.226,0.802,0.287,0.263,0.418,perlu_cek_manual,Printer_63.jpg,Electronic,ok
0.226,0.802,0.287,0.263,0.418,perlu_cek_manual,Printer_64.jpg,Electronic,ok
0.375,0.179,0.775,0.294,0.38,perlu_cek_manual,Printer_67.jpg,Electronic,ok
0.675,0.378,0.822,0.307,0.542,perlu_cek_manual,Printer_68.jpg,Electronic,ok
0.931,0.202,0.938,0.192,0.566,perlu_cek_manual,Printer_69.jpg,Electronic,ok
0.403,0.408,0.437,0.497,0.43,perlu_cek_manual,Printer_7.jpg,Electronic,ok
0.494,0.352,0.91,0.504,0.536,perlu_cek_manual,Printer_71.jpg,Electronic,ok
0.957,0.0,0.801,0.659,0.579,perlu_cek_manual,Printer_72.jpg,Electronic,ok
1.0,0.0,1.0,0.532,0.606,perlu_cek_manual,Printer_76.jpg,Electronic,ok
0.497,0.0,0.616,0.494,0.371,perlu_cek_manual,Printer_78.jpg,Electronic,ok
0.274,0.322,0.597,0.345,0.367,perlu_cek_manual,Printer_86.jpg,Electronic,ok
0.305,1.0,0.599,0.071,0.526,perlu_cek_manual,Printer_88.jpg,Electronic,ok
0.555,0.278,0.297,0.518,0.413,perlu_cek_manual,Printer_9.jpg,Electronic,ok
1.0,0.286,0.841,0.319,0.618,perlu_cek_manual,Printer_90.jpg,Electronic,ok
0.501,0.0,0.908,0.41,0.414,perlu_cek_manual,Printer_91.jpg,Electronic,ok
1.0,0.0,0.977,0.126,0.52,perlu_cek_manual,Printer_92.jpg,Electronic,ok
0.548,0.43,0.891,0.418,0.555,perlu_cek_manual,Printer_94.jpg,Electronic,ok
0.169,0.298,0.87,0.285,0.371,perlu_cek_manual,Printer_95.jpg,Electronic,ok
0.605,0.0,1.0,0.397,0.461,perlu_cek_manual,Printer_96.jpg,Electronic,ok
1.0,0.677,0.589,0.122,0.645,perlu_cek_manual,Printer_99.jpg,Electronic,ok
0.677,0.5,0.743,0.604,0.622,perlu_cek_manual,rtyrtyrtyrtyrty.jpg,Electronic,ok
0.502,0.751,0.944,0.248,0.614,perlu_cek_manual,s-l640.jpg,Electronic,ok
0.453,0.417,0.852,0.448,0.521,perlu_cek_manual,sd.jpg,Electronic,ok
0.389,0.741,0.851,0.479,0.605,perlu_cek_manual,Television_0.jpg,Electronic,ok
0.433,0.224,0.936,0.566,0.497,perlu_cek_manual,Television_12.jpg,Electronic,ok
0.337,0.372,0.837,0.416,0.463,perlu_cek_manual,Television_122.jpg,Electronic,ok
0.365,0.221,0.62,0.473,0.394,perlu_cek_manual,Television_130.jpg,Electronic,ok
1.0,0.0,0.942,0.448,0.578,perlu_cek_manual,Television_132.jpg,Electronic,ok
0.582,0.365,0.616,0.519,0.511,perlu_cek_manual,Television_140.jpg,Electronic,ok
1.0,0.131,0.941,0.245,0.577,perlu_cek_manual,Television_141.jpg,Electronic,ok
0.935,0.0,0.951,0.297,0.53,perlu_cek_manual,Television_147.jpg,Electronic,ok
1.0,0.0,1.0,0.574,0.615,perlu_cek_manual,Television_148.jpg,Electronic,ok
0.459,0.0,0.914,0.165,0.353,perlu_cek_manual,Television_15.jpg,Electronic,ok
0.92,0.0,0.977,0.257,0.523,perlu_cek_manual,Television_150.jpg,Electronic,ok
0.418,0.108,0.473,0.567,0.366,perlu_cek_manual,Television_151.jpg,Electronic,ok
1.0,0.268,0.976,0.219,0.619,perlu_cek_manual,Television_152.jpg,Electronic,ok
0.281,0.56,0.38,0.645,0.457,perlu_cek_manual,Television_153.jpg,Electronic,ok
0.207,0.268,0.847,0.356,0.383,perlu_cek_manual,Television_156.jpg,Electronic,ok
0.874,0.0,0.973,0.352,0.527,perlu_cek_manual,Television_159.jpg,Electronic,ok
0.675,0.326,0.872,0.597,0.594,perlu_cek_manual,Television_16.jpg,Electronic,ok
0.179,0.924,0.328,0.612,0.519,perlu_cek_manual,Television_165.jpg,Electronic,ok
1.0,0.0,1.0,0.449,0.59,perlu_cek_manual,Television_166.jpg,Electronic,ok
1.0,0.14,0.812,0.418,0.588,perlu_cek_manual,Television_167.jpg,Electronic,ok
0.27,0.399,0.335,0.683,0.404,perlu_cek_manual,Television_17.jpg,Electronic,ok
1.0,0.0,1.0,0.646,0.629,perlu_cek_manual,Television_170.jpg,Electronic,ok
0.426,0.376,0.522,0.663,0.477,perlu_cek_manual,Television_176.jpg,Electronic,ok
0.749,0.0,0.908,0.348,0.476,perlu_cek_manual,Television_182.jpg,Electronic,ok
1.0,0.041,0.86,0.542,0.593,perlu_cek_manual,Television_184.jpg,Electronic,ok
1.0,0.034,0.755,0.603,0.582,perlu_cek_manual,Television_185.jpg,Electronic,ok
0.465,0.543,0.532,0.538,0.516,perlu_cek_manual,Television_187.jpg,Electronic,ok
1.0,0.262,0.924,0.326,0.629,perlu_cek_manual,Television_188.jpg,Electronic,ok
0.473,0.677,0.487,0.495,0.541,perlu_cek_manual,Television_189.jpg,Electronic,ok
1.0,0.0,1.0,0.63,0.626,perlu_cek_manual,Television_193.jpg,Electronic,ok
0.792,0.503,0.973,0.167,0.617,perlu_cek_manual,Television_194.jpg,Electronic,ok
0.218,1.0,0.488,0.688,0.601,perlu_cek_manual,Television_199.jpg,Electronic,ok
0.362,0.709,0.648,0.63,0.577,perlu_cek_manual,Television_2.jpg,Electronic,ok
0.346,0.189,0.795,0.573,0.434,perlu_cek_manual,Television_200.jpg,Electronic,ok
0.978,0.127,0.974,0.49,0.624,perlu_cek_manual,Television_201.jpg,Electronic,ok
0.324,0.798,0.571,0.304,0.512,perlu_cek_manual,Television_207.jpg,Electronic,ok
0.215,0.494,0.259,0.654,0.395,perlu_cek_manual,Television_210.jpg,Electronic,ok
0.5,0.463,0.88,0.341,0.533,perlu_cek_manual,Television_211.jpg,Electronic,ok
0.663,0.766,0.403,0.646,0.639,perlu_cek_manual,Television_219.jpg,Electronic,ok
0.451,0.317,0.926,0.577,0.531,perlu_cek_manual,Television_222.jpg,Electronic,ok
0.619,0.443,0.871,0.077,0.508,perlu_cek_manual,Television_223.jpg,Electronic,ok
0.755,0.274,0.354,0.668,0.513,perlu_cek_manual,Television_225.jpg,Electronic,ok
0.666,0.455,0.848,0.437,0.593,perlu_cek_manual,Television_239.jpg,Electronic,ok
0.842,0.0,0.715,0.321,0.46,perlu_cek_manual,Television_24.jpg,Electronic,ok
0.303,0.116,0.851,0.466,0.389,perlu_cek_manual,Television_242.jpg,Electronic,ok
0.148,0.603,0.552,0.721,0.48,perlu_cek_manual,Television_244.jpg,Electronic,ok
0.367,0.704,0.843,0.548,0.6,perlu_cek_manual,Television_246.jpg,Electronic,ok
1.0,0.0,0.819,0.746,0.613,perlu_cek_manual,Television_247.jpg,Electronic,ok
1.0,0.0,1.0,0.215,0.543,perlu_cek_manual,Television_248.jpg,Electronic,ok
0.804,0.07,0.406,0.265,0.397,perlu_cek_manual,Television_25.jpg,Electronic,ok
0.252,0.0,0.824,0.552,0.351,perlu_cek_manual,Television_254.jpg,Electronic,ok
1.0,0.17,0.487,0.703,0.589,perlu_cek_manual,Television_256.jpg,Electronic,ok
0.792,0.081,0.986,0.65,0.589,perlu_cek_manual,Television_26.jpg,Electronic,ok
0.633,0.0,0.735,0.294,0.396,perlu_cek_manual,Television_260.jpg,Electronic,ok
0.124,1.0,0.678,0.752,0.623,perlu_cek_manual,Television_263.jpg,Electronic,ok
0.339,0.252,0.889,0.498,0.455,perlu_cek_manual,Television_265.jpg,Electronic,ok
0.956,0.315,0.898,0.421,0.645,perlu_cek_manual,Television_269.jpg,Electronic,ok
0.65,0.612,1.0,0.294,0.637,perlu_cek_manual,Television_27.jpg,Electronic,ok
0.231,0.101,0.925,0.405,0.366,perlu_cek_manual,Television_271.jpg,Electronic,ok
0.324,0.798,0.571,0.304,0.512,perlu_cek_manual,Television_272.jpg,Electronic,ok
0.463,0.22,0.92,0.386,0.466,perlu_cek_manual,Television_28.jpg,Electronic,ok
1.0,0.0,0.561,0.59,0.53,perlu_cek_manual,Television_283.jpg,Electronic,ok
1.0,0.0,1.0,0.403,0.581,perlu_cek_manual,Television_29.jpg,Electronic,ok
1.0,0.0,0.59,0.586,0.535,perlu_cek_manual,Television_291.jpg,Electronic,ok
0.6,0.0,0.83,0.275,0.401,perlu_cek_manual,Television_293.jpg,Electronic,ok
0.388,0.373,0.931,0.394,0.493,perlu_cek_manual,Television_295.jpg,Electronic,ok
0.373,0.107,0.903,0.337,0.392,perlu_cek_manual,Television_296.jpg,Electronic,ok
1.0,0.299,0.674,0.586,0.642,perlu_cek_manual,Television_297.jpg,Electronic,ok
1.0,0.136,0.631,0.478,0.563,perlu_cek_manual,Television_3.jpg,Electronic,ok
0.731,0.0,0.941,0.452,0.498,perlu_cek_manual,Television_32.jpg,Electronic,ok
0.404,0.163,0.983,0.443,0.455,perlu_cek_manual,Television_33.jpg,Electronic,ok
0.966,0.413,0.458,0.602,0.626,perlu_cek_manual,Television_38.jpg,Electronic,ok
0.36,0.147,0.953,0.276,0.398,perlu_cek_manual,Television_39.jpg,Electronic,ok
0.653,0.533,0.912,0.246,0.587,perlu_cek_manual,Television_43.jpg,Electronic,ok
0.356,0.529,0.411,0.668,0.481,perlu_cek_manual,Television_45.jpg,Electronic,ok
0.338,0.594,0.638,0.416,0.49,perlu_cek_manual,Television_5.jpg,Electronic,ok
0.833,0.367,0.967,0.161,0.586,perlu_cek_manual,Television_50.jpg,Electronic,ok
0.809,0.44,1.0,0.267,0.628,perlu_cek_manual,Television_51.jpg,Electronic,ok
0.75,0.459,0.994,0.331,0.628,perlu_cek_manual,Television_54.jpg,Electronic,ok
0.663,0.409,0.977,0.484,0.614,perlu_cek_manual,Television_55.jpg,Electronic,ok
0.787,0.0,0.931,0.233,0.469,perlu_cek_manual,Television_60.jpg,Electronic,ok
0.511,0.097,0.826,0.539,0.456,perlu_cek_manual,Television_65.jpg,Electronic,ok
1.0,0.339,0.812,0.09,0.582,perlu_cek_manual,Television_68.jpg,Electronic,ok
0.677,0.065,0.965,0.476,0.511,perlu_cek_manual,Television_75.jpg,Electronic,ok
1.0,0.0,0.986,0.589,0.615,perlu_cek_manual,Television_77.jpg,Electronic,ok
0.797,0.413,0.82,0.54,0.635,perlu_cek_manual,Television_78.jpg,Electronic,ok
0.715,0.343,0.599,0.56,0.549,perlu_cek_manual,Television_84.jpg,Electronic,ok
0.644,0.274,0.644,0.618,0.528,perlu_cek_manual,Television_86.jpg,Electronic,ok
0.805,0.636,0.97,0.0,0.626,perlu_cek_manual,uytr.jpeg,Electronic,ok
0.259,0.734,0.527,0.325,0.468,perlu_cek_manual,Washing_Machine_105.jpg,Electronic,ok
0.508,0.0,0.926,0.516,0.441,perlu_cek_manual,Washing_Machine_107.jpg,Electronic,ok
0.331,0.138,0.632,0.653,0.398,perlu_cek_manual,Washing_Machine_110.jpg,Electronic,ok
0.722,0.405,0.466,0.416,0.515,perlu_cek_manual,Washing_Machine_111.jpg,Electronic,ok
1.0,0.0,0.955,0.708,0.633,perlu_cek_manual,Washing_Machine_112.jpg,Electronic,ok
0.729,0.392,0.923,0.243,0.569,perlu_cek_manual,Washing_Machine_116.jpg,Electronic,ok
0.853,0.0,0.613,0.354,0.449,perlu_cek_manual,Washing_Machine_117.jpg,Electronic,ok
0.576,0.635,0.654,0.248,0.544,perlu_cek_manual,Washing_Machine_119.jpg,Electronic,ok
0.377,0.969,0.485,0.622,0.625,perlu_cek_manual,Washing_Machine_121.jpg,Electronic,ok
0.396,0.295,0.419,0.554,0.402,perlu_cek_manual,Washing_Machine_122.jpg,Electronic,ok
0.262,0.2,0.468,0.61,0.354,perlu_cek_manual,Washing_Machine_123.jpg,Electronic,ok
0.347,0.398,0.87,0.572,0.512,perlu_cek_manual,Washing_Machine_125.jpg,Electronic,ok
1.0,0.0,0.513,0.487,0.5,perlu_cek_manual,Washing_Machine_126.jpg,Electronic,ok
0.362,0.337,0.396,0.326,0.354,perlu_cek_manual,Washing_Machine_127.jpg,Electronic,ok
1.0,0.417,0.489,0.6,0.643,perlu_cek_manual,Washing_Machine_13.jpg,Electronic,ok
0.046,0.761,0.435,0.341,0.397,perlu_cek_manual,Washing_Machine_132.jpg,Electronic,ok
0.281,0.25,0.871,0.428,0.419,perlu_cek_manual,Washing_Machine_136.jpg,Electronic,ok
0.854,0.438,0.648,0.275,0.572,perlu_cek_manual,Washing_Machine_147.jpg,Electronic,ok
0.045,0.679,0.325,0.396,0.361,perlu_cek_manual,Washing_Machine_151.jpg,Electronic,ok
0.137,0.578,0.301,0.594,0.394,perlu_cek_manual,Washing_Machine_155.jpg,Electronic,ok
0.546,0.61,0.923,0.105,0.552,perlu_cek_manual,Washing_Machine_163.jpg,Electronic,ok
0.593,0.726,0.516,0.325,0.564,perlu_cek_manual,Washing_Machine_173.jpg,Electronic,ok
1.0,0.458,0.509,0.401,0.619,perlu_cek_manual,Washing_Machine_178.jpg,Electronic,ok
0.621,0.16,0.967,0.36,0.5,perlu_cek_manual,Washing_Machine_184.jpg,Electronic,ok
0.655,0.0,0.937,0.417,0.467,perlu_cek_manual,Washing_Machine_185.jpg,Electronic,ok
0.835,0.0,0.564,0.519,0.467,perlu_cek_manual,Washing_Machine_190.jpg,Electronic,ok
0.133,1.0,0.487,0.304,0.498,perlu_cek_manual,Washing_Machine_193.jpg,Electronic,ok
0.419,0.471,0.513,0.454,0.46,perlu_cek_manual,Washing_Machine_195.jpg,Electronic,ok
0.409,0.971,0.617,0.281,0.594,perlu_cek_manual,Washing_Machine_196.jpg,Electronic,ok
0.085,0.54,0.743,0.406,0.417,perlu_cek_manual,Washing_Machine_197.jpg,Electronic,ok
1.0,0.0,0.889,0.462,0.57,perlu_cek_manual,Washing_Machine_201.jpg,Electronic,ok
0.159,0.283,1.0,0.413,0.415,perlu_cek_manual,Washing_Machine_202.jpg,Electronic,ok
1.0,0.076,0.868,0.525,0.601,perlu_cek_manual,Washing_Machine_203.jpg,Electronic,ok
1.0,0.235,0.544,0.388,0.557,perlu_cek_manual,Washing_Machine_205.jpg,Electronic,ok
0.285,1.0,0.837,0.461,0.645,perlu_cek_manual,Washing_Machine_208.jpg,Electronic,ok
0.333,0.8,0.921,0.268,0.578,perlu_cek_manual,Washing_Machine_209.jpg,Electronic,ok
0.609,0.705,0.466,0.129,0.513,perlu_cek_manual,Washing_Machine_211.jpg,Electronic,ok
0.707,0.608,0.988,0.0,0.592,perlu_cek_manual,Washing_Machine_213.jpg,Electronic,ok
1.0,0.19,0.488,0.675,0.59,perlu_cek_manual,Washing_Machine_219.jpg,Electronic,ok
0.897,0.058,0.829,0.298,0.512,perlu_cek_manual,Washing_Machine_221.jpg,Electronic,ok
0.487,0.348,0.679,0.251,0.436,perlu_cek_manual,Washing_Machine_223.jpg,Electronic,ok
0.546,0.278,0.98,0.358,0.515,perlu_cek_manual,Washing_Machine_227.jpg,Electronic,ok
0.76,0.191,0.544,0.476,0.489,perlu_cek_manual,Washing_Machine_228.jpg,Electronic,ok
0.771,0.496,0.518,0.571,0.598,perlu_cek_manual,Washing_Machine_229.jpg,Electronic,ok
0.18,0.328,0.381,0.616,0.352,perlu_cek_manual,Washing_Machine_230.jpg,Electronic,ok
0.708,0.0,0.413,0.399,0.375,perlu_cek_manual,Washing_Machine_231.jpg,Electronic,ok
1.0,0.0,0.563,0.369,0.486,perlu_cek_manual,Washing_Machine_232.jpg,Electronic,ok
0.632,0.339,0.514,0.34,0.462,perlu_cek_manual,Washing_Machine_235.jpg,Electronic,ok
0.604,0.567,0.983,0.393,0.626,perlu_cek_manual,Washing_Machine_24.jpg,Electronic,ok
0.505,0.66,0.521,0.198,0.493,perlu_cek_manual,Washing_Machine_242.jpg,Electronic,ok
0.722,0.0,0.929,0.58,0.518,perlu_cek_manual,Washing_Machine_244.jpg,Electronic,ok
0.245,0.28,0.714,0.796,0.459,perlu_cek_manual,Washing_Machine_246.jpg,Electronic,ok
0.47,0.253,0.609,0.488,0.436,perlu_cek_manual,Washing_Machine_248.jpg,Electronic,ok
0.929,0.412,0.525,0.318,0.571,perlu_cek_manual,Washing_Machine_252.jpg,Electronic,ok
0.601,0.894,0.553,0.247,0.608,perlu_cek_manual,Washing_Machine_255.jpg,Electronic,ok
0.206,0.257,0.581,0.699,0.395,perlu_cek_manual,Washing_Machine_258.jpg,Electronic,ok
1.0,0.251,0.988,0.019,0.577,perlu_cek_manual,Washing_Machine_26.jpg,Electronic,ok
0.334,0.937,0.351,0.414,0.534,perlu_cek_manual,Washing_Machine_260.jpg,Electronic,ok
0.376,0.0,0.801,0.45,0.363,perlu_cek_manual,Washing_Machine_263.jpg,Electronic,ok
0.639,0.581,0.618,0.681,0.626,perlu_cek_manual,Washing_Machine_269.jpg,Electronic,ok
0.052,0.282,0.695,0.748,0.389,perlu_cek_manual,Washing_Machine_273.jpg,Electronic,ok
0.891,0.167,0.952,0.57,0.622,perlu_cek_manual,Washing_Machine_276.jpg,Electronic,ok
0.986,0.154,0.957,0.382,0.61,perlu_cek_manual,Washing_Machine_282.jpg,Electronic,ok
1.0,0.298,0.656,0.255,0.572,perlu_cek_manual,Washing_Machine_285.jpg,Electronic,ok
1.0,0.0,1.0,0.0,0.5,perlu_cek_manual,Washing_Machine_286.jpg,Electronic,ok
0.227,0.345,0.784,0.309,0.39,perlu_cek_manual,Washing_Machine_29.jpg,Electronic,ok
1.0,0.0,1.0,0.7,0.64,perlu_cek_manual,Washing_Machine_290.jpg,Electronic,ok
0.236,0.53,0.516,0.584,0.45,perlu_cek_manual,Washing_Machine_292.jpg,Electronic,ok
0.798,0.423,0.971,0.406,0.642,perlu_cek_manual,Washing_Machine_299.jpg,Electronic,ok
0.548,0.311,0.893,0.399,0.516,perlu_cek_manual,Washing_Machine_33.jpg,Electronic,ok
0.299,0.846,0.375,0.217,0.462,perlu_cek_manual,Washing_Machine_4.jpg,Electronic,ok
0.669,0.0,0.994,0.568,0.513,perlu_cek_manual,Washing_Machine_40.jpg,Electronic,ok
0.856,0.255,1.0,0.346,0.602,perlu_cek_manual,Washing_Machine_45.jpg,Electronic,ok
1.0,0.171,0.52,0.58,0.571,perlu_cek_manual,Washing_Machine_47.jpg,Electronic,ok
0.461,0.139,0.704,0.407,0.402,perlu_cek_manual,Washing_Machine_48.jpg,Electronic,ok
0.418,0.592,0.379,0.452,0.469,perlu_cek_manual,Washing_Machine_49.jpg,Electronic,ok
0.245,0.706,0.453,0.509,0.478,perlu_cek_manual,Washing_Machine_51.jpg,Electronic,ok
0.425,0.244,0.462,0.307,0.354,perlu_cek_manual,Washing_Machine_57.jpg,Electronic,ok
0.154,0.24,0.736,0.451,0.355,perlu_cek_manual,Washing_Machine_59.jpg,Electronic,ok
1.0,0.26,0.576,0.621,0.617,perlu_cek_manual,Washing_Machine_6.jpg,Electronic,ok
0.309,0.63,0.459,0.582,0.49,perlu_cek_manual,Washing_Machine_60.jpg,Electronic,ok
0.907,0.421,0.769,0.236,0.599,perlu_cek_manual,Washing_Machine_61.jpg,Electronic,ok
0.327,0.923,0.476,0.524,0.575,perlu_cek_manual,Washing_Machine_63.jpg,Electronic,ok
0.41,0.612,0.522,0.139,0.439,perlu_cek_manual,Washing_Machine_66.jpg,Electronic,ok
0.167,0.536,0.428,0.494,0.395,perlu_cek_manual,Washing_Machine_68.jpg,Electronic,ok
0.606,0.505,0.977,0.336,0.596,perlu_cek_manual,Washing_Machine_69.jpg,Electronic,ok
0.676,0.227,0.954,0.393,0.54,perlu_cek_manual,Washing_Machine_7.jpg,Electronic,ok
0.353,0.512,0.419,0.454,0.434,perlu_cek_manual,Washing_Machine_72.jpg,Electronic,ok
0.07,0.958,0.267,0.35,0.432,perlu_cek_manual,Washing_Machine_75.jpg,Electronic,ok
0.416,1.0,0.579,0.515,0.644,perlu_cek_manual,Washing_Machine_8.jpg,Electronic,ok
0.732,0.352,0.454,0.232,0.462,perlu_cek_manual,Washing_Machine_83.jpg,Electronic,ok
0.26,0.311,0.828,0.436,0.424,perlu_cek_manual,Washing_Machine_84.jpg,Electronic,ok
1.0,0.0,0.547,0.472,0.504,perlu_cek_manual,Washing_Machine_86.jpg,Electronic,ok
0.209,0.687,0.481,0.656,0.496,perlu_cek_manual,Washing_Machine_87.jpg,Electronic,ok
0.154,0.416,0.969,0.149,0.395,perlu_cek_manual,Washing_Machine_88.jpg,Electronic,ok
0.383,0.578,0.433,0.424,0.46,perlu_cek_manual,Washing_Machine_90.jpg,Electronic,ok
0.277,0.324,0.475,0.491,0.373,perlu_cek_manual,Washing_Machine_92.jpg,Electronic,ok
1.0,0.0,1.0,0.58,0.616,perlu_cek_manual,Washing_Machine_93.jpg,Electronic,ok
0.718,0.0,0.998,0.251,0.465,perlu_cek_manual,Washing_Machine_96.jpg,Electronic,ok
0.847,0.553,0.423,0.468,0.598,perlu_cek_manual,Washing_Machine_99.jpg,Electronic,ok
0.862,0.0,0.926,0.334,0.511,perlu_cek_manual,WhatsApp Image 2020-11-01 at 1.15.29 PM.jpeg,Electronic,ok
1.0,0.212,1.0,0.379,0.639,perlu_cek_manual,WhatsApp Image 2020-11-01 at 1.20.37 PM.jpeg,Electronic,ok
0.838,0.254,0.974,0.516,0.626,perlu_cek_manual,WhatsApp Image 2020-11-01 at 1.20.54 PM.jpeg,Electronic,ok
0.248,0.422,0.863,0.491,0.472,perlu_cek_manual,WhatsApp Image 2020-11-01 at 1.21.02 PM.jpeg,Electronic,ok
0.411,0.024,0.905,0.313,0.374,perlu_cek_manual,WhatsApp Image 2020-11-01 at 1.22.14 PM.jpeg,Electronic,ok
0.73,0.0,0.915,0.255,0.453,perlu_cek_manual,WhatsApp Image 2020-11-01 at 1.22.36 PM.jpeg,Electronic,ok
0.466,0.0,1.0,0.44,0.428,perlu_cek_manual,WhatsApp Image 2020-11-01 at 1.22.54 PM.jpeg,Electronic,ok
0.182,0.0,0.91,0.591,0.355,perlu_cek_manual,WhatsApp Image 2020-11-01 at 1.23.05 PM.jpeg,Electronic,ok
0.325,0.0,0.855,0.479,0.364,perlu_cek_manual,WhatsApp Image 2020-11-01 at 1.23.23 PM.jpeg,Electronic,ok
0.668,0.0,1.0,0.319,0.464,perlu_cek_manual,WhatsApp Image 2020-11-01 at 1.23.45 PM.jpeg,Electronic,ok
0.355,0.405,0.927,0.467,0.507,perlu_cek_manual,WhatsApp Image 2020-11-01 at 1.25.01 PM.jpeg,Electronic,ok
0.701,0.147,0.888,0.297,0.491,perlu_cek_manual,WhatsApp Image 2020-11-01 at 1.25.36 PM.jpeg,Electronic,ok
0.436,0.198,1.0,0.088,0.408,perlu_cek_manual,WhatsApp Image 2020-11-01 at 1.25.56 PM.jpeg,Electronic,ok
0.469,0.232,0.915,0.511,0.495,perlu_cek_manual,WhatsApp Image 2020-11-01 at 1.26.24 PM.jpeg,Electronic,ok
0.29,0.0,0.945,0.406,0.357,perlu_cek_manual,WhatsApp Image 2020-11-01 at 1.27.06 PM.jpeg,Electronic,ok
0.428,0.906,0.942,0.171,0.623,perlu_cek_manual,WhatsApp Image 2020-11-01 at 1.27.40 PM.jpeg,Electronic,ok
0.774,0.0,0.977,0.117,0.451,perlu_cek_manual,WhatsApp Image 2020-11-01 at 1.28.11 PM.jpeg,Electronic,ok
0.524,0.0,0.969,0.065,0.364,perlu_cek_manual,WhatsApp Image 2020-11-01 at 1.28.23 PM.jpeg,Electronic,ok
0.475,0.0,0.917,0.152,0.356,perlu_cek_manual,WhatsApp Image 2020-11-01 at 1.28.48 PM.jpeg,Electronic,ok
0.482,0.639,0.965,0.4,0.609,perlu_cek_manual,O_10003.jpg,Organic,ok
0.384,0.404,1.0,0.489,0.534,perlu_cek_manual,O_10006.jpg,Organic,ok
0.221,0.72,0.783,0.344,0.508,perlu_cek_manual,O_10007.jpg,Organic,ok
0.35,0.134,0.822,0.333,0.376,perlu_cek_manual,O_10014.jpg,Organic,ok
0.61,0.551,0.998,0.451,0.638,perlu_cek_manual,O_10025.jpg,Organic,ok
0.452,0.234,0.887,0.377,0.459,perlu_cek_manual,O_10026.jpg,Organic,ok
0.536,0.341,0.892,0.29,0.499,perlu_cek_manual,O_10030.jpg,Organic,ok
0.713,0.0,0.988,0.246,0.461,perlu_cek_manual,O_10032.jpg,Organic,ok
1.0,0.263,0.953,0.314,0.632,perlu_cek_manual,O_10040.jpg,Organic,ok
1.0,0.147,0.926,0.446,0.619,perlu_cek_manual,O_10041.jpg,Organic,ok
0.474,0.481,0.758,0.48,0.534,perlu_cek_manual,O_10048.jpg,Organic,ok
0.706,0.385,0.574,0.41,0.524,perlu_cek_manual,O_1005.jpg,Organic,ok
0.332,0.414,0.801,0.476,0.479,perlu_cek_manual,O_10051.jpg,Organic,ok
1.0,0.123,1.0,0.498,0.636,perlu_cek_manual,O_10055.jpg,Organic,ok
0.493,0.26,0.913,0.311,0.471,perlu_cek_manual,O_10063.jpg,Organic,ok
1.0,0.411,0.589,0.535,0.648,perlu_cek_manual,O_10067.jpg,Organic,ok
1.0,0.0,0.985,0.133,0.524,perlu_cek_manual,O_10072.jpg,Organic,ok
0.859,0.366,0.736,0.57,0.629,perlu_cek_manual,O_10076.jpg,Organic,ok
0.479,0.388,0.878,0.278,0.491,perlu_cek_manual,O_1008.jpg,Organic,ok
0.508,0.165,0.871,0.387,0.454,perlu_cek_manual,O_10087.jpg,Organic,ok
0.811,0.456,0.975,0.245,0.624,perlu_cek_manual,O_10089.jpg,Organic,ok
0.636,0.754,0.883,0.217,0.637,perlu_cek_manual,O_10097.jpg,Organic,ok
1.0,0.097,0.947,0.472,0.613,perlu_cek_manual,O_101.jpg,Organic,ok
0.726,0.726,0.668,0.348,0.639,perlu_cek_manual,O_10103.jpg,Organic,ok
0.208,0.793,0.89,0.452,0.569,perlu_cek_manual,O_10106.jpg,Organic,ok
0.742,0.366,0.958,0.243,0.573,perlu_cek_manual,O_10112.jpg,Organic,ok
0.414,0.987,0.863,0.227,0.638,perlu_cek_manual,O_10116.jpg,Organic,ok
1.0,0.107,0.908,0.187,0.551,perlu_cek_manual,O_10118.jpg,Organic,ok
0.417,0.629,0.703,0.308,0.516,perlu_cek_manual,O_10119.jpg,Organic,ok
0.515,0.415,0.939,0.523,0.571,perlu_cek_manual,O_10120.jpg,Organic,ok
0.575,0.679,0.926,0.396,0.641,perlu_cek_manual,O_10128.jpg,Organic,ok
0.438,0.276,0.927,0.43,0.485,perlu_cek_manual,O_1013.jpg,Organic,ok
1.0,0.215,0.922,0.382,0.625,perlu_cek_manual,O_10130.jpg,Organic,ok
0.126,0.254,0.733,0.465,0.354,perlu_cek_manual,O_10131.jpg,Organic,ok
0.565,0.404,0.787,0.139,0.476,perlu_cek_manual,O_10133.jpg,Organic,ok
0.804,0.266,0.756,0.578,0.588,perlu_cek_manual,O_10140.jpg,Organic,ok
0.48,0.216,0.871,0.277,0.438,perlu_cek_manual,O_10145.jpg,Organic,ok
0.232,0.17,0.719,0.439,0.352,perlu_cek_manual,O_10146.jpg,Organic,ok
0.206,0.562,0.47,0.384,0.401,perlu_cek_manual,O_10150.jpg,Organic,ok
0.31,0.139,0.824,0.417,0.383,perlu_cek_manual,O_10152.jpg,Organic,ok
0.306,0.163,0.899,0.603,0.441,perlu_cek_manual,O_10163.jpg,Organic,ok
0.532,0.299,0.844,0.404,0.499,perlu_cek_manual,O_10167.jpg,Organic,ok
0.225,0.822,0.547,0.499,0.523,perlu_cek_manual,O_10171.jpg,Organic,ok
0.245,0.323,0.608,0.352,0.362,perlu_cek_manual,O_10172.jpg,Organic,ok
0.802,0.413,0.886,0.524,0.647,perlu_cek_manual,O_10174.jpg,Organic,ok
0.834,0.0,0.977,0.436,0.533,perlu_cek_manual,O_10181.jpg,Organic,ok
0.892,0.081,0.98,0.426,0.573,perlu_cek_manual,O_10185.jpg,Organic,ok
0.751,0.452,0.952,0.0,0.551,perlu_cek_manual,O_10195.jpg,Organic,ok
1.0,0.11,0.69,0.546,0.58,perlu_cek_manual,O_10197.jpg,Organic,ok
0.629,0.339,0.896,0.483,0.566,perlu_cek_manual,O_10199.jpg,Organic,ok
0.639,0.0,0.961,0.364,0.456,perlu_cek_manual,O_10200.jpg,Organic,ok
0.295,0.889,0.446,0.397,0.524,perlu_cek_manual,O_10202.jpg,Organic,ok
0.467,0.723,1.0,0.366,0.63,perlu_cek_manual,O_10206.jpg,Organic,ok
0.514,0.24,0.93,0.554,0.523,perlu_cek_manual,O_10208.jpg,Organic,ok
0.777,0.422,0.639,0.452,0.578,perlu_cek_manual,O_10214.jpg,Organic,ok
1.0,0.385,0.619,0.505,0.641,perlu_cek_manual,O_10218.jpg,Organic,ok
0.223,0.454,0.89,0.303,0.442,perlu_cek_manual,O_10219.jpg,Organic,ok
0.725,0.749,0.976,0.0,0.637,perlu_cek_manual,O_1022.jpg,Organic,ok
0.431,0.765,0.911,0.396,0.62,perlu_cek_manual,O_10225.jpg,Organic,ok
0.973,0.09,0.929,0.274,0.559,perlu_cek_manual,O_10231.jpg,Organic,ok
0.281,0.625,0.404,0.595,0.472,perlu_cek_manual,O_10232.jpg,Organic,ok
0.727,0.588,0.639,0.352,0.593,perlu_cek_manual,O_10234.jpg,Organic,ok
1.0,0.107,0.944,0.229,0.567,perlu_cek_manual,O_10237.jpg,Organic,ok
0.545,0.219,0.768,0.283,0.439,perlu_cek_manual,O_10241.jpg,Organic,ok
0.319,0.357,0.793,0.46,0.453,perlu_cek_manual,O_10242.jpg,Organic,ok
0.502,0.316,0.929,0.267,0.484,perlu_cek_manual,O_10243.jpg,Organic,ok
0.27,0.79,0.894,0.129,0.523,perlu_cek_manual,O_10246.jpg,Organic,ok
0.142,1.0,0.856,0.37,0.588,perlu_cek_manual,O_10249.jpg,Organic,ok
0.494,0.434,0.5,0.544,0.487,perlu_cek_manual,O_10259.jpg,Organic,ok
0.637,0.783,0.945,0.0,0.615,perlu_cek_manual,O_10260.jpg,Organic,ok
0.401,0.345,0.688,0.407,0.443,perlu_cek_manual,O_10268.jpg,Organic,ok
0.319,0.12,0.905,0.418,0.396,perlu_cek_manual,O_10270.jpg,Organic,ok
0.503,0.367,0.625,0.467,0.479,perlu_cek_manual,O_10273.jpg,Organic,ok
1.0,0.492,0.447,0.519,0.641,perlu_cek_manual,O_10278.jpg,Organic,ok
0.294,0.478,0.87,0.458,0.498,perlu_cek_manual,O_10283.jpg,Organic,ok
0.582,0.715,0.95,0.182,0.615,perlu_cek_manual,O_10284.jpg,Organic,ok
0.633,0.439,0.742,0.516,0.573,perlu_cek_manual,O_10287.jpg,Organic,ok
0.231,0.544,0.738,0.372,0.455,perlu_cek_manual,O_10291.jpg,Organic,ok
1.0,0.0,0.918,0.424,0.569,perlu_cek_manual,O_10293.jpg,Organic,ok
0.741,0.521,0.955,0.379,0.646,perlu_cek_manual,O_10294.jpg,Organic,ok
0.338,0.269,0.424,0.512,0.369,perlu_cek_manual,O_10300.jpg,Organic,ok
0.497,0.615,0.282,0.645,0.519,perlu_cek_manual,O_10301.jpg,Organic,ok
0.34,0.121,0.827,0.25,0.354,perlu_cek_manual,O_10303.jpg,Organic,ok
0.446,0.549,0.913,0.453,0.572,perlu_cek_manual,O_10305.jpg,Organic,ok
0.63,0.402,0.871,0.361,0.556,perlu_cek_manual,O_10316.jpg,Organic,ok
1.0,0.0,0.835,0.53,0.573,perlu_cek_manual,O_10318.jpg,Organic,ok
0.96,0.381,0.57,0.64,0.645,perlu_cek_manual,O_10319.jpg,Organic,ok
1.0,0.281,0.511,0.355,0.557,perlu_cek_manual,O_10325.jpg,Organic,ok
1.0,0.0,0.994,0.348,0.568,perlu_cek_manual,O_10326.jpg,Organic,ok
0.215,0.222,0.872,0.344,0.374,perlu_cek_manual,O_10328.jpg,Organic,ok
0.777,0.511,0.974,0.263,0.634,perlu_cek_manual,O_10329.jpg,Organic,ok
0.307,0.51,0.86,0.51,0.519,perlu_cek_manual,O_10338.jpg,Organic,ok
0.636,0.373,0.989,0.546,0.61,perlu_cek_manual,O_10341.jpg,Organic,ok
1.0,0.314,0.513,0.614,0.62,perlu_cek_manual,O_10343.jpg,Organic,ok
0.569,0.085,0.432,0.388,0.36,perlu_cek_manual,O_10351.jpg,Organic,ok
0.578,0.227,0.932,0.225,0.473,perlu_cek_manual,O_10355.jpg,Organic,ok
0.579,0.434,0.856,0.526,0.58,perlu_cek_manual,O_10357.jpg,Organic,ok
1.0,0.04,1.0,0.63,0.638,perlu_cek_manual,O_10360.jpg,Organic,ok
0.515,0.391,0.925,0.389,0.535,perlu_cek_manual,O_10361.jpg,Organic,ok
0.721,0.386,0.97,0.427,0.611,perlu_cek_manual,O_10373.jpg,Organic,ok
0.24,0.109,0.878,0.396,0.36,perlu_cek_manual,O_10376.jpg,Organic,ok
0.464,0.326,0.627,0.334,0.429,perlu_cek_manual,O_10379.jpg,Organic,ok
0.585,0.417,0.945,0.442,0.578,perlu_cek_manual,O_10381.jpg,Organic,ok
0.649,0.251,0.933,0.37,0.531,perlu_cek_manual,O_10382.jpg,Organic,ok
0.566,0.698,0.638,0.394,0.586,perlu_cek_manual,O_10387.jpg,Organic,ok
1.0,0.414,0.885,0.219,0.645,perlu_cek_manual,O_10389.jpg,Organic,ok
0.441,0.437,0.355,0.605,0.455,perlu_cek_manual,O_104.jpg,Organic,ok
1.0,0.163,0.393,0.695,0.567,perlu_cek_manual,O_10400.jpg,Organic,ok
1.0,0.248,0.659,0.349,0.576,perlu_cek_manual,O_10404.jpg,Organic,ok
1.0,0.241,0.994,0.257,0.623,perlu_cek_manual,O_10407.jpg,Organic,ok
0.528,0.445,0.914,0.342,0.543,perlu_cek_manual,O_10408.jpg,Organic,ok
0.416,0.231,0.644,0.472,0.417,perlu_cek_manual,O_10409.jpg,Organic,ok
0.772,0.194,0.502,0.407,0.471,perlu_cek_manual,O_10410.jpg,Organic,ok
0.299,0.888,0.884,0.328,0.598,perlu_cek_manual,O_10411.jpg,Organic,ok
0.429,0.173,0.858,0.548,0.462,perlu_cek_manual,O_10412.jpg,Organic,ok
0.874,0.294,0.577,0.513,0.568,perlu_cek_manual,O_10413.jpg,Organic,ok
0.88,0.298,0.899,0.412,0.615,perlu_cek_manual,O_10417.jpg,Organic,ok
0.219,0.189,0.872,0.397,0.376,perlu_cek_manual,O_10420.jpg,Organic,ok
0.423,0.233,0.386,0.433,0.361,perlu_cek_manual,O_10421.jpg,Organic,ok
0.906,0.0,0.967,0.481,0.561,perlu_cek_manual,O_10423.jpg,Organic,ok
0.673,0.447,0.953,0.317,0.59,perlu_cek_manual,O_10426.jpg,Organic,ok
1.0,0.27,0.801,0.189,0.579,perlu_cek_manual,O_1043.jpg,Organic,ok
0.472,0.438,0.316,0.294,0.395,perlu_cek_manual,O_10435.jpg,Organic,ok
0.408,0.463,0.514,0.386,0.441,perlu_cek_manual,O_10446.jpg,Organic,ok
0.571,0.342,0.833,0.169,0.474,perlu_cek_manual,O_10449.jpg,Organic,ok
0.515,0.379,0.482,0.593,0.483,perlu_cek_manual,O_10454.jpg,Organic,ok
0.365,0.349,0.703,0.328,0.42,perlu_cek_manual,O_10455.jpg,Organic,ok
0.896,0.514,0.945,0.0,0.612,perlu_cek_manual,O_10458.jpg,Organic,ok
0.566,0.611,0.97,0.278,0.603,perlu_cek_manual,O_10462.jpg,Organic,ok
1.0,0.298,1.0,0.124,0.614,perlu_cek_manual,O_10465.jpg,Organic,ok
1.0,0.09,0.239,0.397,0.454,perlu_cek_manual,O_10467.jpg,Organic,ok
0.55,0.655,0.632,0.428,0.573,perlu_cek_manual,O_10468.jpg,Organic,ok
0.63,0.128,0.641,0.395,0.434,perlu_cek_manual,O_10469.jpg,Organic,ok
0.887,0.315,0.539,0.276,0.524,perlu_cek_manual,O_1047.jpg,Organic,ok
0.717,0.715,0.963,0.007,0.623,perlu_cek_manual,O_10474.jpg,Organic,ok
0.27,0.426,0.771,0.532,0.469,perlu_cek_manual,O_10476.jpg,Organic,ok
0.654,0.456,0.784,0.398,0.57,perlu_cek_manual,O_1048.jpg,Organic,ok
0.622,0.065,0.46,0.356,0.369,perlu_cek_manual,O_10480.jpg,Organic,ok
0.895,0.223,0.966,0.369,0.602,perlu_cek_manual,O_10484.jpg,Organic,ok
0.241,0.754,0.501,0.476,0.494,perlu_cek_manual,O_10485.jpg,Organic,ok
0.419,0.504,0.898,0.325,0.521,perlu_cek_manual,O_10487.jpg,Organic,ok
1.0,0.285,1.0,0.052,0.596,perlu_cek_manual,O_10494.jpg,Organic,ok
1.0,0.0,0.997,0.334,0.566,perlu_cek_manual,O_10507.jpg,Organic,ok
0.326,0.362,0.626,0.233,0.378,perlu_cek_manual,O_10508.jpg,Organic,ok
0.323,0.077,0.907,0.333,0.368,perlu_cek_manual,O_1051.jpg,Organic,ok
0.877,0.143,0.954,0.459,0.589,perlu_cek_manual,O_10510.jpg,Organic,ok
0.392,0.171,0.448,0.567,0.372,perlu_cek_manual,O_10512.jpg,Organic,ok
0.624,0.316,0.949,0.176,0.507,perlu_cek_manual,O_10513.jpg,Organic,ok
0.544,0.832,0.945,0.097,0.621,perlu_cek_manual,O_10517.jpg,Organic,ok
0.491,0.453,0.936,0.052,0.481,perlu_cek_manual,O_10519.jpg,Organic,ok
1.0,0.324,0.694,0.474,0.631,perlu_cek_manual,O_10520.jpg,Organic,ok
0.451,0.34,0.831,0.322,0.468,perlu_cek_manual,O_10521.jpg,Organic,ok
0.494,0.349,0.941,0.55,0.551,perlu_cek_manual,O_10529.jpg,Organic,ok
0.261,0.518,0.899,0.183,0.45,perlu_cek_manual,O_10532.jpg,Organic,ok
0.31,0.302,0.633,0.404,0.391,perlu_cek_manual,O_10535.jpg,Organic,ok
0.704,0.267,1.0,0.369,0.565,perlu_cek_manual,O_10537.jpg,Organic,ok
1.0,0.433,1.0,0.0,0.63,perlu_cek_manual,O_10541.jpg,Organic,ok
1.0,0.061,0.956,0.5,0.609,perlu_cek_manual,O_10545.jpg,Organic,ok
0.149,0.439,0.715,0.392,0.398,perlu_cek_manual,O_10546.jpg,Organic,ok
0.861,0.54,0.934,0.169,0.641,perlu_cek_manual,O_10549.jpg,Organic,ok
0.52,0.524,0.571,0.353,0.498,perlu_cek_manual,O_10554.jpg,Organic,ok
1.0,0.389,0.516,0.404,0.601,perlu_cek_manual,O_10555.jpg,Organic,ok
0.977,0.546,0.944,0.008,0.647,perlu_cek_manual,O_10557.jpg,Organic,ok
0.647,0.327,0.932,0.0,0.479,perlu_cek_manual,O_10559.jpg,Organic,ok
0.17,0.563,0.772,0.414,0.457,perlu_cek_manual,O_10563.jpg,Organic,ok
0.449,0.453,0.656,0.356,0.473,perlu_cek_manual,O_10565.jpg,Organic,ok
0.492,0.515,0.946,0.181,0.528,perlu_cek_manual,O_10571.jpg,Organic,ok
0.596,0.36,0.41,0.515,0.472,perlu_cek_manual,O_10573.jpg,Organic,ok
0.311,1.0,0.225,0.307,0.5,perlu_cek_manual,O_10575.jpg,Organic,ok
0.722,0.335,0.343,0.395,0.465,perlu_cek_manual,O_10576.jpg,Organic,ok
0.629,0.303,0.374,0.458,0.446,perlu_cek_manual,O_10577.jpg,Organic,ok
0.456,0.468,0.586,0.595,0.513,perlu_cek_manual,O_10580.jpg,Organic,ok
0.589,0.561,0.494,0.596,0.563,perlu_cek_manual,O_10585.jpg,Organic,ok
0.244,0.266,0.668,0.48,0.383,perlu_cek_manual,O_10588.jpg,Organic,ok
0.405,0.706,0.914,0.426,0.601,perlu_cek_manual,O_1059.jpg,Organic,ok
0.457,0.521,0.343,0.464,0.455,perlu_cek_manual,O_10593.jpg,Organic,ok
0.429,0.919,0.329,0.227,0.516,perlu_cek_manual,O_10597.jpg,Organic,ok
0.57,0.236,0.491,0.382,0.416,perlu_cek_manual,O_10599.jpg,Organic,ok
0.39,0.452,0.924,0.274,0.492,perlu_cek_manual,O_10607.jpg,Organic,ok
0.408,0.63,0.441,0.491,0.498,perlu_cek_manual,O_10609.jpg,Organic,ok
0.595,0.413,0.437,0.482,0.486,perlu_cek_manual,O_10613.jpg,Organic,ok
0.484,0.725,0.97,0.464,0.649,perlu_cek_manual,O_10621.jpg,Organic,ok
0.154,0.125,0.824,0.533,0.355,perlu_cek_manual,O_10623.jpg,Organic,ok
0.671,0.506,0.854,0.408,0.605,perlu_cek_manual,O_10625.jpg,Organic,ok
0.264,0.54,0.38,0.425,0.402,perlu_cek_manual,O_10626.jpg,Organic,ok
0.718,0.0,0.901,0.535,0.502,perlu_cek_manual,O_10627.jpg,Organic,ok
0.188,0.184,0.86,0.382,0.36,perlu_cek_manual,O_10629.jpg,Organic,ok
0.346,0.359,0.519,0.528,0.421,perlu_cek_manual,O_10630.jpg,Organic,ok
0.531,0.154,0.882,0.428,0.468,perlu_cek_manual,O_10639.jpg,Organic,ok
0.363,0.593,0.913,0.462,0.562,perlu_cek_manual,O_10646.jpg,Organic,ok
0.506,0.684,0.776,0.368,0.586,perlu_cek_manual,O_10651.jpg,Organic,ok
0.788,0.426,0.972,0.0,0.559,perlu_cek_manual,O_10653.jpg,Organic,ok
0.448,0.387,0.469,0.381,0.42,perlu_cek_manual,O_10654.jpg,Organic,ok
0.162,1.0,0.866,0.408,0.604,perlu_cek_manual,O_10658.jpg,Organic,ok
0.356,0.398,0.444,0.432,0.401,perlu_cek_manual,O_10661.jpg,Organic,ok
0.519,0.5,0.637,0.58,0.549,perlu_cek_manual,O_10665.jpg,Organic,ok
0.849,0.559,0.762,0.232,0.621,perlu_cek_manual,O_1067.jpg,Organic,ok
0.779,0.239,0.804,0.396,0.546,perlu_cek_manual,O_10671.jpg,Organic,ok
0.367,0.471,0.287,0.41,0.391,perlu_cek_manual,O_10673.jpg,Organic,ok
0.375,0.357,0.863,0.483,0.489,perlu_cek_manual,O_10676.jpg,Organic,ok
0.459,0.386,0.353,0.439,0.412,perlu_cek_manual,O_10680.jpg,Organic,ok
0.285,0.809,0.386,0.55,0.515,perlu_cek_manual,O_10686.jpg,Organic,ok
0.27,0.769,0.674,0.546,0.556,perlu_cek_manual,O_10699.jpg,Organic,ok
0.474,0.504,0.684,0.404,0.511,perlu_cek_manual,O_107.jpg,Organic,ok
0.29,0.285,0.838,0.527,0.446,perlu_cek_manual,O_10704.jpg,Organic,ok
0.811,0.488,0.641,0.507,0.619,perlu_cek_manual,O_10705.jpg,Organic,ok
0.466,0.28,0.406,0.541,0.413,perlu_cek_manual,O_10708.jpg,Organic,ok
0.657,0.522,0.959,0.491,0.644,perlu_cek_manual,O_1071.jpg,Organic,ok
0.383,0.338,0.349,0.367,0.359,perlu_cek_manual,O_10711.jpg,Organic,ok
0.886,0.581,0.471,0.375,0.609,perlu_cek_manual,O_10724.jpg,Organic,ok
0.108,1.0,0.564,0.313,0.508,perlu_cek_manual,O_10731.jpg,Organic,ok
0.555,0.705,0.495,0.482,0.574,perlu_cek_manual,O_10733.jpg,Organic,ok
0.68,0.0,0.625,0.366,0.402,perlu_cek_manual,O_10735.jpg,Organic,ok
0.44,0.294,0.423,0.392,0.383,perlu_cek_manual,O_10738.jpg,Organic,ok
0.758,0.461,0.901,0.471,0.64,perlu_cek_manual,O_10742.jpg,Organic,ok
0.645,0.297,0.533,0.588,0.507,perlu_cek_manual,O_1075.jpg,Organic,ok
0.766,0.698,0.685,0.291,0.634,perlu_cek_manual,O_10762.jpg,Organic,ok
0.81,0.61,0.965,0.146,0.648,perlu_cek_manual,O_10765.jpg,Organic,ok
0.475,0.0,0.904,0.205,0.364,perlu_cek_manual,O_10766.jpg,Organic,ok
0.371,0.069,0.869,0.398,0.385,perlu_cek_manual,O_10770.jpg,Organic,ok
0.445,0.261,0.676,0.37,0.421,perlu_cek_manual,O_10776.jpg,Organic,ok
0.716,0.326,0.968,0.006,0.507,perlu_cek_manual,O_10777.jpg,Organic,ok
0.328,0.253,0.62,0.324,0.363,perlu_cek_manual,O_10778.jpg,Organic,ok
0.553,0.0,0.938,0.537,0.461,perlu_cek_manual,O_10780.jpg,Organic,ok
0.441,0.539,0.54,0.271,0.456,perlu_cek_manual,O_10784.jpg,Organic,ok
0.224,0.0,0.885,0.641,0.372,perlu_cek_manual,O_10785.jpg,Organic,ok
0.554,0.357,0.9,0.423,0.538,perlu_cek_manual,O_10795.jpg,Organic,ok
0.427,0.677,0.326,0.219,0.44,perlu_cek_manual,O_10797.jpg,Organic,ok
1.0,0.592,0.718,0.116,0.644,perlu_cek_manual,O_108.jpg,Organic,ok
0.986,0.425,0.544,0.45,0.622,perlu_cek_manual,O_10808.jpg,Organic,ok
0.561,0.311,0.95,0.228,0.497,perlu_cek_manual,O_10809.jpg,Organic,ok
0.353,0.297,0.87,0.286,0.426,perlu_cek_manual,O_10810.jpg,Organic,ok
0.956,0.131,0.995,0.0,0.525,perlu_cek_manual,O_10811.jpg,Organic,ok
0.419,0.294,0.408,0.329,0.361,perlu_cek_manual,O_10817.jpg,Organic,ok
1.0,0.0,1.0,0.603,0.621,perlu_cek_manual,O_10820.jpg,Organic,ok
1.0,0.46,0.99,0.0,0.636,perlu_cek_manual,O_10822.jpg,Organic,ok
0.572,0.102,0.919,0.275,0.441,perlu_cek_manual,O_10825.jpg,Organic,ok
0.11,0.515,0.331,0.609,0.375,perlu_cek_manual,O_10827.jpg,Organic,ok
0.234,0.463,0.734,0.117,0.379,perlu_cek_manual,O_10834.jpg,Organic,ok
0.281,0.793,0.855,0.144,0.522,perlu_cek_manual,O_10837.jpg,Organic,ok
0.188,1.0,0.55,0.453,0.557,perlu_cek_manual,O_10838.jpg,Organic,ok
1.0,0.402,0.959,0.022,0.617,perlu_cek_manual,O_10847.jpg,Organic,ok
0.692,0.617,0.801,0.332,0.619,perlu_cek_manual,O_10849.jpg,Organic,ok
0.369,0.655,0.95,0.329,0.563,perlu_cek_manual,O_10850.jpg,Organic,ok
0.489,0.031,0.826,0.446,0.41,perlu_cek_manual,O_10851.jpg,Organic,ok
0.137,0.812,0.267,0.35,0.408,perlu_cek_manual,O_10852.jpg,Organic,ok
0.265,0.471,0.461,0.461,0.405,perlu_cek_manual,O_10854.jpg,Organic,ok
0.344,0.522,0.884,0.354,0.507,perlu_cek_manual,O_10855.jpg,Organic,ok
0.28,1.0,0.916,0.302,0.627,perlu_cek_manual,O_10867.jpg,Organic,ok
0.71,0.663,0.794,0.355,0.642,perlu_cek_manual,O_10868.jpg,Organic,ok
0.677,0.252,0.959,0.31,0.532,perlu_cek_manual,O_10869.jpg,Organic,ok
0.474,0.422,0.67,0.192,0.442,perlu_cek_manual,O_10871.jpg,Organic,ok
0.631,0.576,0.608,0.474,0.578,perlu_cek_manual,O_10875.jpg,Organic,ok
0.572,0.0,0.933,0.246,0.407,perlu_cek_manual,O_10877.jpg,Organic,ok
0.361,1.0,0.393,0.228,0.532,perlu_cek_manual,O_10878.jpg,Organic,ok
0.64,0.524,0.199,0.249,0.439,perlu_cek_manual,O_10881.jpg,Organic,ok
0.321,0.191,0.764,0.46,0.398,perlu_cek_manual,O_10883.jpg,Organic,ok
0.804,0.392,0.981,0.078,0.57,perlu_cek_manual,O_10887.jpg,Organic,ok
0.78,0.704,0.952,0.017,0.639,perlu_cek_manual,O_10891.jpg,Organic,ok
0.568,0.344,0.636,0.413,0.483,perlu_cek_manual,O_10897.jpg,Organic,ok
0.511,0.556,0.638,0.34,0.516,perlu_cek_manual,O_10898.jpg,Organic,ok
0.557,0.113,0.321,0.535,0.372,perlu_cek_manual,O_10899.jpg,Organic,ok
0.397,0.635,0.898,0.324,0.554,perlu_cek_manual,O_1090.jpg,Organic,ok
0.761,0.586,0.557,0.404,0.597,perlu_cek_manual,O_10901.jpg,Organic,ok
0.342,1.0,0.733,0.295,0.608,perlu_cek_manual,O_10902.jpg,Organic,ok
0.289,0.413,0.391,0.456,0.38,perlu_cek_manual,O_10903.jpg,Organic,ok
0.425,0.373,0.406,0.572,0.435,perlu_cek_manual,O_10907.jpg,Organic,ok
0.634,0.496,0.798,0.489,0.597,perlu_cek_manual,O_10928.jpg,Organic,ok
0.551,0.943,0.956,0.016,0.642,perlu_cek_manual,O_10930.jpg,Organic,ok
0.881,0.603,0.977,0.0,0.641,perlu_cek_manual,O_10931.jpg,Organic,ok
1.0,0.0,0.453,0.337,0.458,perlu_cek_manual,O_10944.jpg,Organic,ok
0.399,0.681,0.932,0.439,0.598,perlu_cek_manual,O_10947.jpg,Organic,ok
0.773,0.639,0.514,0.513,0.629,perlu_cek_manual,O_10948.jpg,Organic,ok
0.439,0.471,0.912,0.151,0.486,perlu_cek_manual,O_1095.jpg,Organic,ok
0.142,0.395,0.698,0.338,0.368,perlu_cek_manual,O_10950.jpg,Organic,ok
0.44,0.442,0.383,0.473,0.436,perlu_cek_manual,O_10951.jpg,Organic,ok
0.408,0.565,0.447,0.259,0.433,perlu_cek_manual,O_10954.jpg,Organic,ok
1.0,0.355,0.965,0.221,0.644,perlu_cek_manual,O_10957.jpg,Organic,ok
0.593,0.134,0.932,0.523,0.509,perlu_cek_manual,O_1096.jpg,Organic,ok
0.488,0.212,0.39,0.456,0.379,perlu_cek_manual,O_10963.jpg,Organic,ok
0.776,0.322,0.95,0.393,0.598,perlu_cek_manual,O_10965.jpg,Organic,ok
0.454,0.21,0.318,0.528,0.369,perlu_cek_manual,O_10974.jpg,Organic,ok
0.25,0.448,0.417,0.609,0.415,perlu_cek_manual,O_10976.jpg,Organic,ok
0.193,0.486,0.46,0.416,0.379,perlu_cek_manual,O_10977.jpg,Organic,ok
0.472,0.205,0.831,0.397,0.449,perlu_cek_manual,O_10980.jpg,Organic,ok
0.414,0.377,0.504,0.589,0.456,perlu_cek_manual,O_10982.jpg,Organic,ok
0.338,0.604,0.897,0.398,0.542,perlu_cek_manual,O_10984.jpg,Organic,ok
0.657,0.16,0.448,0.522,0.439,perlu_cek_manual,O_10985.jpg,Organic,ok
0.808,0.254,0.481,0.622,0.539,perlu_cek_manual,O_10988.jpg,Organic,ok
0.214,0.511,0.318,0.648,0.411,perlu_cek_manual,O_10991.jpg,Organic,ok
0.452,0.851,0.935,0.076,0.593,perlu_cek_manual,O_10993.jpg,Organic,ok
0.466,0.561,0.482,0.439,0.493,perlu_cek_manual,O_10995.jpg,Organic,ok
0.679,0.576,0.95,0.254,0.617,perlu_cek_manual,O_10997.jpg,Organic,ok
0.233,0.114,0.849,0.5,0.374,perlu_cek_manual,O_11003.jpg,Organic,ok
1.0,0.162,0.848,0.492,0.617,perlu_cek_manual,O_11004.jpg,Organic,ok
0.352,0.389,0.683,0.527,0.464,perlu_cek_manual,O_11008.jpg,Organic,ok
0.643,0.501,0.364,0.639,0.544,perlu_cek_manual,O_11012.jpg,Organic,ok
0.802,0.362,0.406,0.668,0.564,perlu_cek_manual,O_11014.jpg,Organic,ok
0.139,0.604,0.324,0.436,0.375,perlu_cek_manual,O_11017.jpg,Organic,ok
0.628,0.043,0.879,0.27,0.431,perlu_cek_manual,O_11019.jpg,Organic,ok
0.164,0.437,0.464,0.537,0.381,perlu_cek_manual,O_11026.jpg,Organic,ok
0.376,0.296,0.884,0.641,0.507,perlu_cek_manual,O_11028.jpg,Organic,ok
0.359,0.574,0.523,0.368,0.458,perlu_cek_manual,O_11033.jpg,Organic,ok
0.466,0.216,0.96,0.047,0.406,perlu_cek_manual,O_11036.jpg,Organic,ok
0.803,0.274,0.775,0.493,0.577,perlu_cek_manual,O_11042.jpg,Organic,ok
0.448,0.167,0.891,0.47,0.456,perlu_cek_manual,O_11043.jpg,Organic,ok
0.641,0.421,0.63,0.621,0.569,perlu_cek_manual,O_11044.jpg,Organic,ok
0.131,0.404,0.695,0.353,0.37,perlu_cek_manual,O_11052.jpg,Organic,ok
0.489,0.399,0.829,0.558,0.544,perlu_cek_manual,O_11055.jpg,Organic,ok
0.341,0.729,0.887,0.349,0.568,perlu_cek_manual,O_11056.jpg,Organic,ok
1.0,0.445,0.535,0.44,0.629,perlu_cek_manual,O_11057.jpg,Organic,ok
0.176,0.284,0.742,0.509,0.388,perlu_cek_manual,O_11062.jpg,Organic,ok
0.194,0.684,0.294,0.513,0.425,perlu_cek_manual,O_11067.jpg,Organic,ok
0.224,0.352,0.809,0.366,0.408,perlu_cek_manual,O_11068.jpg,Organic,ok
0.635,0.599,0.963,0.008,0.564,perlu_cek_manual,O_11075.jpg,Organic,ok
0.259,0.184,0.768,0.448,0.376,perlu_cek_manual,O_11076.jpg,Organic,ok
1.0,0.312,0.536,0.694,0.64,perlu_cek_manual,O_11079.jpg,Organic,ok
0.483,0.153,0.23,0.573,0.351,perlu_cek_manual,O_11081.jpg,Organic,ok
0.423,0.453,0.446,0.579,0.468,perlu_cek_manual,O_11083.jpg,Organic,ok
0.471,0.0,0.854,0.474,0.407,perlu_cek_manual,O_11086.jpg,Organic,ok
0.565,0.616,0.534,0.504,0.562,perlu_cek_manual,O_11088.jpg,Organic,ok
1.0,0.0,0.993,0.55,0.609,perlu_cek_manual,O_1109.jpg,Organic,ok
0.237,0.243,0.488,0.559,0.353,perlu_cek_manual,O_11090.jpg,Organic,ok
0.359,0.29,0.304,0.551,0.366,perlu_cek_manual,O_11091.jpg,Organic,ok
0.467,0.421,0.887,0.314,0.507,perlu_cek_manual,O_11093.jpg,Organic,ok
0.384,0.336,0.632,0.447,0.432,perlu_cek_manual,O_11097.jpg,Organic,ok
0.623,0.467,0.862,0.528,0.605,perlu_cek_manual,O_111.jpg,Organic,ok
0.677,0.56,0.362,0.456,0.535,perlu_cek_manual,O_11100.jpg,Organic,ok
0.525,0.059,0.92,0.289,0.417,perlu_cek_manual,O_11102.jpg,Organic,ok
0.626,0.697,0.86,0.261,0.621,perlu_cek_manual,O_11105.jpg,Organic,ok
0.542,0.61,0.876,0.268,0.574,perlu_cek_manual,O_11107.jpg,Organic,ok
0.276,0.97,0.425,0.347,0.528,perlu_cek_manual,O_11115.jpg,Organic,ok
1.0,0.0,0.883,0.584,0.593,perlu_cek_manual,O_11116.jpg,Organic,ok
0.687,0.414,0.898,0.515,0.613,perlu_cek_manual,O_11120.jpg,Organic,ok
0.468,0.658,0.794,0.487,0.594,perlu_cek_manual,O_11123.jpg,Organic,ok
0.225,0.439,0.317,0.44,0.35,perlu_cek_manual,O_11124.jpg,Organic,ok
0.063,0.877,0.26,0.38,0.41,perlu_cek_manual,O_11125.jpg,Organic,ok
1.0,0.0,0.781,0.644,0.585,perlu_cek_manual,O_11129.jpg,Organic,ok
0.6,0.781,0.499,0.542,0.622,perlu_cek_manual,O_11135.jpg,Organic,ok
1.0,0.0,0.952,0.611,0.613,perlu_cek_manual,O_11136.jpg,Organic,ok
0.596,0.7,0.958,0.073,0.595,perlu_cek_manual,O_11139.jpg,Organic,ok
0.392,0.514,0.916,0.231,0.501,perlu_cek_manual,O_1114.jpg,Organic,ok
0.358,0.342,0.8,0.52,0.474,perlu_cek_manual,O_11141.jpg,Organic,ok
0.545,0.439,0.892,0.565,0.587,perlu_cek_manual,O_11142.jpg,Organic,ok
0.328,0.294,0.341,0.492,0.353,perlu_cek_manual,O_11144.jpg,Organic,ok
0.5,0.403,0.279,0.604,0.448,perlu_cek_manual,O_11145.jpg,Organic,ok
1.0,0.0,0.991,0.528,0.604,perlu_cek_manual,O_11146.jpg,Organic,ok
0.266,0.902,0.905,0.332,0.598,perlu_cek_manual,O_11148.jpg,Organic,ok
0.471,0.439,0.663,0.241,0.454,perlu_cek_manual,O_11150.jpg,Organic,ok
1.0,0.146,0.939,0.233,0.578,perlu_cek_manual,O_11152.jpg,Organic,ok
0.539,0.555,0.89,0.248,0.556,perlu_cek_manual,O_11153.jpg,Organic,ok
0.562,0.251,0.885,0.232,0.467,perlu_cek_manual,O_11155.jpg,Organic,ok
1.0,0.0,1.0,0.364,0.573,perlu_cek_manual,O_11156.jpg,Organic,ok
0.572,0.688,0.578,0.496,0.593,perlu_cek_manual,O_11159.jpg,Organic,ok
0.89,0.549,0.65,0.091,0.58,perlu_cek_manual,O_11160.jpg,Organic,ok
0.169,0.932,0.209,0.498,0.472,perlu_cek_manual,O_11162.jpg,Organic,ok
0.996,0.288,0.899,0.409,0.647,perlu_cek_manual,O_11164.jpg,Organic,ok
0.723,0.265,0.89,0.58,0.59,perlu_cek_manual,O_11168.jpg,Organic,ok
0.723,0.313,0.571,0.57,0.539,perlu_cek_manual,O_11174.jpg,Organic,ok
0.553,0.523,0.548,0.458,0.524,perlu_cek_manual,O_1118.jpg,Organic,ok
0.502,0.546,0.559,0.568,0.54,perlu_cek_manual,O_11180.jpg,Organic,ok
0.676,0.67,0.44,0.595,0.611,perlu_cek_manual,O_11181.jpg,Organic,ok
0.693,0.581,0.76,0.41,0.616,perlu_cek_manual,O_11183.jpg,Organic,ok
0.515,0.558,0.938,0.345,0.578,perlu_cek_manual,O_11184.jpg,Organic,ok
0.232,0.425,0.51,0.386,0.376,perlu_cek_manual,O_11191.jpg,Organic,ok
0.875,0.361,0.459,0.595,0.582,perlu_cek_manual,O_11193.jpg,Organic,ok
0.311,0.32,0.512,0.533,0.398,perlu_cek_manual,O_11195.jpg,Organic,ok
0.259,0.261,0.631,0.458,0.373,perlu_cek_manual,O_11202.jpg,Organic,ok
0.691,0.392,0.461,0.657,0.548,perlu_cek_manual,O_11204.jpg,Organic,ok
0.723,0.288,0.95,0.549,0.603,perlu_cek_manual,O_11217.jpg,Organic,ok
0.406,0.0,0.897,0.504,0.402,perlu_cek_manual,O_11219.jpg,Organic,ok
0.095,0.67,0.269,0.393,0.362,perlu_cek_manual,O_11220.jpg,Organic,ok
0.363,0.27,0.597,0.376,0.384,perlu_cek_manual,O_11222.jpg,Organic,ok
0.357,0.486,0.553,0.607,0.485,perlu_cek_manual,O_11229.jpg,Organic,ok
0.531,0.616,0.958,0.31,0.598,perlu_cek_manual,O_11231.jpg,Organic,ok
0.743,0.548,0.487,0.475,0.58,perlu_cek_manual,O_11232.jpg,Organic,ok
0.22,0.494,0.403,0.44,0.383,perlu_cek_manual,O_11239.jpg,Organic,ok
0.683,0.445,0.578,0.597,0.574,perlu_cek_manual,O_11243.jpg,Organic,ok
0.463,0.596,0.922,0.165,0.535,perlu_cek_manual,O_11245.jpg,Organic,ok
0.413,0.785,0.395,0.54,0.547,perlu_cek_manual,O_11247.jpg,Organic,ok
0.527,0.33,0.923,0.19,0.48,perlu_cek_manual,O_11249.jpg,Organic,ok
1.0,0.296,0.985,0.0,0.586,perlu_cek_manual,O_11252.jpg,Organic,ok
0.406,0.411,0.807,0.439,0.495,perlu_cek_manual,O_11253.jpg,Organic,ok
0.412,0.21,0.904,0.475,0.463,perlu_cek_manual,O_11254.jpg,Organic,ok
0.784,0.242,0.511,0.322,0.474,perlu_cek_manual,O_11255.jpg,Organic,ok
0.804,0.364,0.957,0.067,0.555,perlu_cek_manual,O_1126.jpg,Organic,ok
0.402,0.033,0.898,0.417,0.393,perlu_cek_manual,O_11262.jpg,Organic,ok
0.828,0.394,0.684,0.413,0.586,perlu_cek_manual,O_11265.jpg,Organic,ok
0.922,0.508,0.814,0.265,0.645,perlu_cek_manual,O_11268.jpg,Organic,ok
0.613,0.0,0.873,0.347,0.428,perlu_cek_manual,O_11278.jpg,Organic,ok
1.0,0.318,0.597,0.423,0.599,perlu_cek_manual,O_1128.jpg,Organic,ok
0.839,0.569,0.976,0.123,0.642,perlu_cek_manual,O_11281.jpg,Organic,ok
0.711,0.356,0.508,0.639,0.549,perlu_cek_manual,O_11293.jpg,Organic,ok
0.748,0.0,0.914,0.362,0.479,perlu_cek_manual,O_11294.jpg,Organic,ok
0.55,0.167,0.514,0.63,0.444,perlu_cek_manual,O_11298.jpg,Organic,ok
0.687,0.604,0.963,0.334,0.646,perlu_cek_manual,O_11303.jpg,Organic,ok
0.517,0.646,0.396,0.377,0.504,perlu_cek_manual,O_11305.jpg,Organic,ok
0.493,0.072,0.879,0.494,0.444,perlu_cek_manual,O_11308.jpg,Organic,ok
0.462,0.581,0.522,0.616,0.541,perlu_cek_manual,O_11309.jpg,Organic,ok
1.0,0.469,0.855,0.0,0.612,perlu_cek_manual,O_1131.jpg,Organic,ok
0.04,0.806,0.693,0.563,0.505,perlu_cek_manual,O_11318.jpg,Organic,ok
0.905,0.227,0.98,0.053,0.546,perlu_cek_manual,O_1132.jpg,Organic,ok
0.425,0.222,0.426,0.548,0.389,perlu_cek_manual,O_11322.jpg,Organic,ok
0.324,0.127,0.755,0.437,0.374,perlu_cek_manual,O_11324.jpg,Organic,ok
0.352,0.171,0.67,0.449,0.381,perlu_cek_manual,O_11325.jpg,Organic,ok
0.878,0.249,0.655,0.482,0.566,perlu_cek_manual,O_11328.jpg,Organic,ok
0.394,0.293,0.853,0.463,0.469,perlu_cek_manual,O_11331.jpg,Organic,ok
0.441,0.201,0.914,0.436,0.462,perlu_cek_manual,O_11333.jpg,Organic,ok
0.628,0.273,0.493,0.536,0.476,perlu_cek_manual,O_11335.jpg,Organic,ok
0.391,0.356,0.801,0.322,0.449,perlu_cek_manual,O_11336.jpg,Organic,ok
0.383,0.217,0.903,0.421,0.445,perlu_cek_manual,O_11337.jpg,Organic,ok
1.0,0.279,0.923,0.329,0.634,perlu_cek_manual,O_11338.jpg,Organic,ok
1.0,0.219,0.946,0.453,0.645,perlu_cek_manual,O_11340.jpg,Organic,ok
0.367,0.255,0.819,0.353,0.421,perlu_cek_manual,O_11346.jpg,Organic,ok
0.856,0.09,0.865,0.485,0.554,perlu_cek_manual,O_11349.jpg,Organic,ok
0.984,0.336,0.789,0.337,0.621,perlu_cek_manual,O_1135.jpg,Organic,ok
0.652,0.354,0.74,0.457,0.541,perlu_cek_manual,O_11355.jpg,Organic,ok
0.782,0.416,0.88,0.458,0.627,perlu_cek_manual,O_11356.jpg,Organic,ok
0.684,0.491,0.897,0.575,0.647,perlu_cek_manual,O_11358.jpg,Organic,ok
1.0,0.137,1.0,0.004,0.542,perlu_cek_manual,O_1136.jpg,Organic,ok
0.597,0.537,0.924,0.503,0.625,perlu_cek_manual,O_11361.jpg,Organic,ok
0.398,0.311,0.678,0.352,0.418,perlu_cek_manual,O_11363.jpg,Organic,ok
0.367,0.091,0.804,0.605,0.419,perlu_cek_manual,O_11367.jpg,Organic,ok
0.905,0.593,0.931,0.0,0.636,perlu_cek_manual,O_11368.jpg,Organic,ok
0.706,0.417,0.896,0.362,0.589,perlu_cek_manual,O_1137.jpg,Organic,ok
1.0,0.2,0.912,0.367,0.616,perlu_cek_manual,O_11374.jpg,Organic,ok
0.51,0.17,0.775,0.437,0.446,perlu_cek_manual,O_11380.jpg,Organic,ok
0.655,0.527,0.877,0.454,0.621,perlu_cek_manual,O_11381.jpg,Organic,ok
1.0,0.0,0.722,0.527,0.55,perlu_cek_manual,O_11382.jpg,Organic,ok
0.477,0.198,0.899,0.54,0.49,perlu_cek_manual,O_11383.jpg,Organic,ok
0.756,0.555,0.969,0.0,0.587,perlu_cek_manual,O_11384.jpg,Organic,ok
0.376,0.243,0.506,0.582,0.403,perlu_cek_manual,O_11387.jpg,Organic,ok
0.286,0.11,0.821,0.469,0.377,perlu_cek_manual,O_11392.jpg,Organic,ok
0.843,0.135,0.893,0.59,0.59,perlu_cek_manual,O_11395.jpg,Organic,ok
0.631,0.377,0.866,0.684,0.612,perlu_cek_manual,O_11399.jpg,Organic,ok
1.0,0.0,1.0,0.71,0.642,perlu_cek_manual,O_1140.jpg,Organic,ok
0.449,0.478,0.897,0.102,0.478,perlu_cek_manual,O_11401.jpg,Organic,ok
0.345,0.196,0.851,0.449,0.422,perlu_cek_manual,O_11403.jpg,Organic,ok
0.263,0.043,0.832,0.471,0.353,perlu_cek_manual,O_11408.jpg,Organic,ok
0.56,0.205,0.877,0.46,0.497,perlu_cek_manual,O_11409.jpg,Organic,ok
0.581,0.287,0.936,0.241,0.496,perlu_cek_manual,O_11413.jpg,Organic,ok
0.576,0.116,0.812,0.31,0.432,perlu_cek_manual,O_11418.jpg,Organic,ok
0.594,0.467,0.738,0.249,0.516,perlu_cek_manual,O_11433.jpg,Organic,ok
0.662,0.393,0.959,0.245,0.557,perlu_cek_manual,O_11437.jpg,Organic,ok
0.774,0.503,0.963,0.364,0.649,perlu_cek_manual,O_11438.jpg,Organic,ok
0.411,0.273,0.893,0.436,0.471,perlu_cek_manual,O_11439.jpg,Organic,ok
1.0,0.178,0.897,0.464,0.626,perlu_cek_manual,O_11440.jpg,Organic,ok
0.812,0.307,0.833,0.595,0.621,perlu_cek_manual,O_11449.jpg,Organic,ok
0.439,0.082,0.812,0.52,0.423,perlu_cek_manual,O_11452.jpg,Organic,ok
0.64,0.343,0.851,0.444,0.554,perlu_cek_manual,O_11454.jpg,Organic,ok
0.99,0.21,0.898,0.514,0.642,perlu_cek_manual,O_11458.jpg,Organic,ok
0.677,0.443,0.965,0.474,0.624,perlu_cek_manual,O_11459.jpg,Organic,ok
0.65,0.217,0.857,0.595,0.55,perlu_cek_manual,O_11467.jpg,Organic,ok
0.401,0.308,0.597,0.466,0.425,perlu_cek_manual,O_11473.jpg,Organic,ok
0.739,0.305,0.896,0.464,0.585,perlu_cek_manual,O_11478.jpg,Organic,ok
0.315,0.254,0.896,0.58,0.466,perlu_cek_manual,O_11479.jpg,Organic,ok
0.944,0.44,0.962,0.099,0.627,perlu_cek_manual,O_11480.jpg,Organic,ok
0.768,0.218,0.854,0.384,0.543,perlu_cek_manual,O_11484.jpg,Organic,ok
0.56,0.416,0.933,0.239,0.527,perlu_cek_manual,O_11486.jpg,Organic,ok
0.578,0.22,0.899,0.434,0.506,perlu_cek_manual,O_11489.jpg,Organic,ok
0.496,0.314,0.938,0.375,0.505,perlu_cek_manual,O_11492.jpg,Organic,ok
0.676,0.42,0.528,0.569,0.548,perlu_cek_manual,O_11494.jpg,Organic,ok
0.288,0.24,0.774,0.57,0.427,perlu_cek_manual,O_11495.jpg,Organic,ok
0.573,0.491,0.936,0.599,0.626,perlu_cek_manual,O_11503.jpg,Organic,ok
0.992,0.151,0.985,0.023,0.545,perlu_cek_manual,O_11506.jpg,Organic,ok
1.0,0.383,0.7,0.471,0.649,perlu_cek_manual,O_11516.jpg,Organic,ok
0.868,0.074,0.924,0.257,0.519,perlu_cek_manual,O_11519.jpg,Organic,ok
0.547,0.328,0.737,0.475,0.505,perlu_cek_manual,O_11520.jpg,Organic,ok
1.0,0.536,0.743,0.015,0.612,perlu_cek_manual,O_11524.jpg,Organic,ok
0.386,0.458,0.869,0.316,0.49,perlu_cek_manual,O_11527.jpg,Organic,ok
0.492,0.311,0.738,0.509,0.49,perlu_cek_manual,O_11532.jpg,Organic,ok
0.718,0.473,0.966,0.4,0.63,perlu_cek_manual,O_11534.jpg,Organic,ok
1.0,0.404,0.638,0.296,0.608,perlu_cek_manual,O_11537.jpg,Organic,ok
0.643,0.495,0.94,0.412,0.612,perlu_cek_manual,O_11540.jpg,Organic,ok
1.0,0.191,0.888,0.476,0.63,perlu_cek_manual,O_11543.jpg,Organic,ok
1.0,0.468,0.975,0.0,0.635,perlu_cek_manual,O_11544.jpg,Organic,ok
0.768,0.313,0.855,0.59,0.613,perlu_cek_manual,O_11549.jpg,Organic,ok
0.584,0.408,0.95,0.37,0.562,perlu_cek_manual,O_11550.jpg,Organic,ok
0.704,0.048,0.221,0.411,0.352,perlu_cek_manual,O_11551.jpg,Organic,ok
1.0,0.065,1.0,0.342,0.588,perlu_cek_manual,O_11552.jpg,Organic,ok
0.405,0.222,0.845,0.352,0.427,perlu_cek_manual,O_11555.jpg,Organic,ok
0.76,0.327,0.912,0.518,0.612,perlu_cek_manual,O_11558.jpg,Organic,ok
0.597,0.458,0.906,0.219,0.542,perlu_cek_manual,O_1156.jpg,Organic,ok
0.744,0.416,0.793,0.496,0.606,perlu_cek_manual,O_11560.jpg,Organic,ok
1.0,0.0,1.0,0.0,0.5,perlu_cek_manual,O_11567.jpg,Organic,ok
0.498,0.294,0.89,0.361,0.488,perlu_cek_manual,O_11568.jpg,Organic,ok
1.0,0.209,0.936,0.493,0.649,perlu_cek_manual,O_11572.jpg,Organic,ok
0.451,0.246,0.905,0.358,0.462,perlu_cek_manual,O_11575.jpg,Organic,ok
0.461,0.219,0.889,0.348,0.451,perlu_cek_manual,O_11576.jpg,Organic,ok
0.484,0.432,0.604,0.34,0.464,perlu_cek_manual,O_1158.jpg,Organic,ok
1.0,0.233,0.821,0.521,0.638,perlu_cek_manual,O_11594.jpg,Organic,ok
0.506,0.561,0.743,0.395,0.548,perlu_cek_manual,O_11595.jpg,Organic,ok
1.0,0.413,0.894,0.0,0.603,perlu_cek_manual,O_11596.jpg,Organic,ok
0.778,0.401,0.905,0.316,0.598,perlu_cek_manual,O_11598.jpg,Organic,ok
0.861,0.395,0.683,0.578,0.629,perlu_cek_manual,O_11599.jpg,Organic,ok
1.0,0.0,0.91,0.485,0.579,perlu_cek_manual,O_116.jpg,Organic,ok
0.603,0.071,0.892,0.411,0.463,perlu_cek_manual,O_11600.jpg,Organic,ok
0.8,0.371,0.966,0.438,0.632,perlu_cek_manual,O_11604.jpg,Organic,ok
0.716,0.172,0.981,0.459,0.554,perlu_cek_manual,O_11606.jpg,Organic,ok
0.579,0.379,0.869,0.607,0.583,perlu_cek_manual,O_11607.jpg,Organic,ok
0.271,0.442,0.789,0.429,0.458,perlu_cek_manual,O_1161.jpg,Organic,ok
1.0,0.271,0.741,0.515,0.632,perlu_cek_manual,O_11612.jpg,Organic,ok
0.408,0.714,0.868,0.488,0.608,perlu_cek_manual,O_11615.jpg,Organic,ok
0.59,0.382,0.71,0.21,0.476,perlu_cek_manual,O_11620.jpg,Organic,ok
0.894,0.443,0.706,0.365,0.615,perlu_cek_manual,O_11622.jpg,Organic,ok
0.529,0.282,0.823,0.32,0.472,perlu_cek_manual,O_11626.jpg,Organic,ok
0.992,0.263,0.957,0.381,0.644,perlu_cek_manual,O_11627.jpg,Organic,ok
0.516,0.264,0.916,0.428,0.503,perlu_cek_manual,O_11630.jpg,Organic,ok
0.651,0.249,0.917,0.401,0.534,perlu_cek_manual,O_11632.jpg,Organic,ok
0.499,0.268,0.886,0.457,0.499,perlu_cek_manual,O_11637.jpg,Organic,ok
0.662,0.377,0.9,0.579,0.607,perlu_cek_manual,O_11638.jpg,Organic,ok
0.819,0.454,0.878,0.459,0.649,perlu_cek_manual,O_11644.jpg,Organic,ok
0.728,0.428,0.933,0.504,0.634,perlu_cek_manual,O_11648.jpg,Organic,ok
0.674,0.346,0.889,0.518,0.587,perlu_cek_manual,O_11649.jpg,Organic,ok
0.412,0.519,0.804,0.724,0.585,perlu_cek_manual,O_11651.jpg,Organic,ok
0.411,0.287,0.921,0.428,0.479,perlu_cek_manual,O_11653.jpg,Organic,ok
0.818,0.317,0.924,0.166,0.559,perlu_cek_manual,O_11654.jpg,Organic,ok
0.749,0.435,0.794,0.443,0.602,perlu_cek_manual,O_11659.jpg,Organic,ok
0.458,0.328,0.915,0.549,0.528,perlu_cek_manual,O_11664.jpg,Organic,ok
0.329,0.22,0.874,0.304,0.4,perlu_cek_manual,O_11668.jpg,Organic,ok
0.432,0.358,0.878,0.638,0.54,perlu_cek_manual,O_11670.jpg,Organic,ok
1.0,0.254,0.566,0.564,0.602,perlu_cek_manual,O_11672.jpg,Organic,ok
0.521,0.185,0.911,0.404,0.475,perlu_cek_manual,O_11675.jpg,Organic,ok
0.9,0.014,0.614,0.399,0.477,perlu_cek_manual,O_11676.jpg,Organic,ok
0.819,0.217,0.817,0.511,0.577,perlu_cek_manual,O_11678.jpg,Organic,ok
0.68,0.549,0.972,0.383,0.64,perlu_cek_manual,O_11683.jpg,Organic,ok
0.719,0.333,0.936,0.583,0.619,perlu_cek_manual,O_11689.jpg,Organic,ok
0.253,0.419,0.742,0.521,0.454,perlu_cek_manual,O_1169.jpg,Organic,ok
0.29,0.181,0.807,0.599,0.422,perlu_cek_manual,O_11690.jpg,Organic,ok
0.961,0.244,0.8,0.398,0.601,perlu_cek_manual,O_11692.jpg,Organic,ok
0.359,0.531,0.895,0.582,0.563,perlu_cek_manual,O_11693.jpg,Organic,ok
0.915,0.408,0.922,0.265,0.634,perlu_cek_manual,O_11697.jpg,Organic,ok
0.518,0.904,0.427,0.562,0.624,perlu_cek_manual,O_117.jpg,Organic,ok
0.425,0.266,0.913,0.406,0.471,perlu_cek_manual,O_11702.jpg,Organic,ok
0.817,0.33,0.973,0.392,0.617,perlu_cek_manual,O_11708.jpg,Organic,ok
0.83,0.239,0.839,0.559,0.6,perlu_cek_manual,O_11710.jpg,Organic,ok
0.489,0.484,0.902,0.444,0.561,perlu_cek_manual,O_11712.jpg,Organic,ok
0.32,0.597,0.787,0.449,0.523,perlu_cek_manual,O_11717.jpg,Organic,ok
0.863,0.058,0.952,0.383,0.543,perlu_cek_manual,O_11720.jpg,Organic,ok
0.182,0.109,0.876,0.492,0.361,perlu_cek_manual,O_11721.jpg,Organic,ok
1.0,0.233,0.903,0.486,0.648,perlu_cek_manual,O_11724.jpg,Organic,ok
0.363,0.275,0.946,0.607,0.502,perlu_cek_manual,O_11725.jpg,Organic,ok
0.347,0.376,0.911,0.484,0.496,perlu_cek_manual,O_11728.jpg,Organic,ok
0.694,0.535,0.986,0.259,0.618,perlu_cek_manual,O_11735.jpg,Organic,ok
0.807,0.116,0.756,0.401,0.508,perlu_cek_manual,O_11742.jpg,Organic,ok
0.453,0.475,0.885,0.53,0.561,perlu_cek_manual,O_11743.jpg,Organic,ok
0.557,0.355,0.835,0.604,0.561,perlu_cek_manual,O_11745.jpg,Organic,ok
0.432,0.405,1.0,0.366,0.524,perlu_cek_manual,O_11747.jpg,Organic,ok
0.263,0.081,0.839,0.562,0.384,perlu_cek_manual,O_11753.jpg,Organic,ok
0.248,0.346,0.659,0.507,0.411,perlu_cek_manual,O_11754.jpg,Organic,ok
0.634,0.36,0.941,0.305,0.547,perlu_cek_manual,O_11755.jpg,Organic,ok
0.44,0.367,0.585,0.566,0.472,perlu_cek_manual,O_11758.jpg,Organic,ok
0.46,0.888,0.988,0.107,0.624,perlu_cek_manual,O_11759.jpg,Organic,ok
0.29,0.568,0.632,0.341,0.452,perlu_cek_manual,O_11761.jpg,Organic,ok
0.503,0.727,0.956,0.319,0.624,perlu_cek_manual,O_11764.jpg,Organic,ok
1.0,0.192,0.656,0.458,0.58,perlu_cek_manual,O_11770.jpg,Organic,ok
0.454,0.389,0.923,0.566,0.551,perlu_cek_manual,O_11771.jpg,Organic,ok
0.495,0.274,0.915,0.332,0.48,perlu_cek_manual,O_11775.jpg,Organic,ok
0.448,0.0,0.872,0.544,0.418,perlu_cek_manual,O_11779.jpg,Organic,ok
0.66,0.248,0.896,0.393,0.53,perlu_cek_manual,O_11782.jpg,Organic,ok
0.624,0.302,0.768,0.425,0.516,perlu_cek_manual,O_11783.jpg,Organic,ok
0.459,0.446,0.91,0.364,0.526,perlu_cek_manual,O_11784.jpg,Organic,ok
1.0,0.434,0.51,0.578,0.648,perlu_cek_manual,O_11786.jpg,Organic,ok
0.312,0.127,0.762,0.593,0.403,perlu_cek_manual,O_11787.jpg,Organic,ok
0.69,0.116,0.798,0.396,0.48,perlu_cek_manual,O_11788.jpg,Organic,ok
0.319,0.541,0.848,0.324,0.492,perlu_cek_manual,O_11796.jpg,Organic,ok
0.585,0.315,0.916,0.546,0.563,perlu_cek_manual,O_11797.jpg,Organic,ok
0.702,0.229,0.876,0.509,0.556,perlu_cek_manual,O_11798.jpg,Organic,ok
0.628,0.094,0.757,0.434,0.455,perlu_cek_manual,O_11799.jpg,Organic,ok
0.196,0.135,0.832,0.453,0.356,perlu_cek_manual,O_11801.jpg,Organic,ok
0.167,0.179,0.849,0.496,0.372,perlu_cek_manual,O_11804.jpg,Organic,ok
1.0,0.284,0.978,0.332,0.647,perlu_cek_manual,O_11808.jpg,Organic,ok
1.0,0.281,0.525,0.376,0.564,perlu_cek_manual,O_11812.jpg,Organic,ok
0.733,0.159,0.904,0.595,0.567,perlu_cek_manual,O_11813.jpg,Organic,ok
0.903,0.258,0.939,0.395,0.615,perlu_cek_manual,O_11814.jpg,Organic,ok
0.162,0.141,0.772,0.526,0.351,perlu_cek_manual,O_11820.jpg,Organic,ok
0.876,0.266,0.767,0.466,0.589,perlu_cek_manual,O_11824.jpg,Organic,ok
0.456,0.35,0.342,0.616,0.433,perlu_cek_manual,O_11825.jpg,Organic,ok
0.416,0.39,0.677,0.557,0.489,perlu_cek_manual,O_11828.jpg,Organic,ok
0.794,0.358,0.936,0.45,0.623,perlu_cek_manual,O_11831.jpg,Organic,ok
0.84,0.41,0.905,0.27,0.61,perlu_cek_manual,O_11835.jpg,Organic,ok
0.216,0.276,0.84,0.407,0.397,perlu_cek_manual,O_11836.jpg,Organic,ok
0.938,0.356,0.922,0.378,0.648,perlu_cek_manual,O_11845.jpg,Organic,ok
0.922,0.472,0.566,0.508,0.633,perlu_cek_manual,O_11846.jpg,Organic,ok
0.434,0.348,0.948,0.194,0.463,perlu_cek_manual,O_11848.jpg,Organic,ok
0.246,0.772,0.893,0.508,0.586,perlu_cek_manual,O_11858.jpg,Organic,ok
0.612,0.483,0.939,0.522,0.621,perlu_cek_manual,O_1186.jpg,Organic,ok
0.69,0.309,0.818,0.277,0.519,perlu_cek_manual,O_11864.jpg,Organic,ok
0.883,0.177,0.924,0.256,0.554,perlu_cek_manual,O_11868.jpg,Organic,ok
0.803,0.533,0.739,0.429,0.635,perlu_cek_manual,O_11869.jpg,Organic,ok
0.62,0.686,0.9,0.372,0.646,perlu_cek_manual,O_1187.jpg,Organic,ok
0.425,0.434,0.8,0.495,0.517,perlu_cek_manual,O_11872.jpg,Organic,ok
1.0,0.21,0.921,0.351,0.618,perlu_cek_manual,O_11873.jpg,Organic,ok
0.352,0.372,0.785,0.361,0.446,perlu_cek_manual,O_11876.jpg,Organic,ok
1.0,0.017,0.427,0.514,0.493,perlu_cek_manual,O_11878.jpg,Organic,ok
0.194,0.068,0.836,0.567,0.359,perlu_cek_manual,O_11882.jpg,Organic,ok
0.246,0.517,0.917,0.318,0.476,perlu_cek_manual,O_11885.jpg,Organic,ok
0.294,0.085,0.873,0.318,0.352,perlu_cek_manual,O_11892.jpg,Organic,ok
0.446,0.481,0.86,0.375,0.525,perlu_cek_manual,O_11894.jpg,Organic,ok
0.598,0.267,0.661,0.492,0.49,perlu_cek_manual,O_11898.jpg,Organic,ok
0.459,0.604,0.871,0.189,0.531,perlu_cek_manual,O_1190.jpg,Organic,ok
1.0,0.372,1.0,0.017,0.615,perlu_cek_manual,O_11903.jpg,Organic,ok
0.704,0.407,0.897,0.213,0.555,perlu_cek_manual,O_11910.jpg,Organic,ok
0.344,0.296,0.501,0.319,0.356,perlu_cek_manual,O_11916.jpg,Organic,ok
0.859,0.293,0.849,0.622,0.64,perlu_cek_manual,O_11920.jpg,Organic,ok
0.696,0.522,0.834,0.126,0.557,perlu_cek_manual,O_11922.jpg,Organic,ok
0.384,0.0,0.872,0.562,0.402,perlu_cek_manual,O_11923.jpg,Organic,ok
0.585,0.083,0.852,0.425,0.456,perlu_cek_manual,O_11925.jpg,Organic,ok
0.584,0.492,0.962,0.312,0.578,perlu_cek_manual,O_11926.jpg,Organic,ok
1.0,0.0,1.0,0.485,0.597,perlu_cek_manual,O_11930.jpg,Organic,ok
0.771,0.32,0.972,0.6,0.642,perlu_cek_manual,O_11931.jpg,Organic,ok
0.842,0.334,0.863,0.423,0.61,perlu_cek_manual,O_11934.jpg,Organic,ok
0.416,0.287,0.877,0.417,0.47,perlu_cek_manual,O_11938.jpg,Organic,ok
0.714,0.36,0.894,0.523,0.605,perlu_cek_manual,O_11940.jpg,Organic,ok
0.753,0.246,0.942,0.543,0.597,perlu_cek_manual,O_11941.jpg,Organic,ok
0.752,0.764,0.976,0.0,0.65,perlu_cek_manual,O_11942.jpg,Organic,ok
0.132,0.643,0.292,0.611,0.413,perlu_cek_manual,O_11947.jpg,Organic,ok
0.744,0.479,0.891,0.452,0.635,perlu_cek_manual,O_11954.jpg,Organic,ok
0.562,0.381,0.905,0.376,0.539,perlu_cek_manual,O_11956.jpg,Organic,ok
0.705,0.592,0.965,0.133,0.608,perlu_cek_manual,O_11968.jpg,Organic,ok
0.843,0.219,0.976,0.567,0.627,perlu_cek_manual,O_11972.jpg,Organic,ok
0.312,0.821,0.953,0.384,0.607,perlu_cek_manual,O_11975.jpg,Organic,ok
0.948,0.561,0.841,0.003,0.622,perlu_cek_manual,O_11977.jpg,Organic,ok
0.841,0.354,0.957,0.437,0.637,perlu_cek_manual,O_11981.jpg,Organic,ok
0.349,0.029,0.865,0.434,0.373,perlu_cek_manual,O_11982.jpg,Organic,ok
0.623,0.776,0.961,0.044,0.621,perlu_cek_manual,O_11990.jpg,Organic,ok
0.178,0.201,0.839,0.548,0.391,perlu_cek_manual,O_11991.jpg,Organic,ok
0.567,0.496,0.945,0.455,0.599,perlu_cek_manual,O_11997.jpg,Organic,ok
0.471,0.223,0.836,0.397,0.455,perlu_cek_manual,O_12.jpg,Organic,ok
0.393,0.437,0.426,0.522,0.438,perlu_cek_manual,O_120.jpg,Organic,ok
0.832,0.419,0.918,0.432,0.646,perlu_cek_manual,O_12001.jpg,Organic,ok
0.223,0.47,0.343,0.555,0.388,perlu_cek_manual,O_12006.jpg,Organic,ok
0.908,0.492,0.658,0.425,0.637,perlu_cek_manual,O_1201.jpg,Organic,ok
0.399,0.825,0.923,0.429,0.637,perlu_cek_manual,O_12015.jpg,Organic,ok
0.743,0.453,0.944,0.413,0.63,perlu_cek_manual,O_12017.jpg,Organic,ok
0.476,0.385,0.919,0.46,0.534,perlu_cek_manual,O_1202.jpg,Organic,ok
1.0,0.343,0.582,0.522,0.624,perlu_cek_manual,O_12023.jpg,Organic,ok
0.642,0.529,0.98,0.357,0.619,perlu_cek_manual,O_12025.jpg,Organic,ok
0.838,0.504,0.981,0.001,0.599,perlu_cek_manual,O_12027.jpg,Organic,ok
0.401,0.537,0.913,0.072,0.478,perlu_cek_manual,O_12036.jpg,Organic,ok
0.804,0.243,0.91,0.582,0.613,perlu_cek_manual,O_12038.jpg,Organic,ok
0.655,0.403,0.871,0.444,0.58,perlu_cek_manual,O_1204.jpg,Organic,ok
0.8,0.451,0.894,0.367,0.627,perlu_cek_manual,O_12041.jpg,Organic,ok
0.554,0.479,0.941,0.625,0.623,perlu_cek_manual,O_12046.jpg,Organic,ok
1.0,0.192,0.959,0.332,0.616,perlu_cek_manual,O_12047.jpg,Organic,ok
0.908,0.0,0.992,0.225,0.516,perlu_cek_manual,O_12048.jpg,Organic,ok
0.302,0.0,0.8,0.501,0.351,perlu_cek_manual,O_12049.jpg,Organic,ok
1.0,0.0,0.975,0.446,0.584,perlu_cek_manual,O_12054.jpg,Organic,ok
0.682,0.373,0.952,0.0,0.507,perlu_cek_manual,O_12057.jpg,Organic,ok
0.702,0.533,0.949,0.085,0.577,perlu_cek_manual,O_12061.jpg,Organic,ok
0.567,0.0,0.925,0.246,0.404,perlu_cek_manual,O_12064.jpg,Organic,ok
0.887,0.261,0.55,0.679,0.59,perlu_cek_manual,O_12065.jpg,Organic,ok
0.401,0.463,0.927,0.22,0.488,perlu_cek_manual,O_1207.jpg,Organic,ok
0.434,0.741,0.941,0.504,0.641,perlu_cek_manual,O_12071.jpg,Organic,ok
0.363,0.206,0.859,0.344,0.411,perlu_cek_manual,O_12072.jpg,Organic,ok
0.696,0.283,0.985,0.007,0.492,perlu_cek_manual,O_12073.jpg,Organic,ok
0.191,0.421,0.873,0.165,0.391,perlu_cek_manual,O_12080.jpg,Organic,ok
0.42,0.39,0.887,0.372,0.495,perlu_cek_manual,O_12081.jpg,Organic,ok
1.0,0.251,0.735,0.459,0.614,perlu_cek_manual,O_12086.jpg,Organic,ok
0.744,0.494,0.915,0.243,0.603,perlu_cek_manual,O_12088.jpg,Organic,ok
0.609,0.79,0.96,0.132,0.638,perlu_cek_manual,O_1209.jpg,Organic,ok
1.0,0.284,0.918,0.211,0.611,perlu_cek_manual,O_12091.jpg,Organic,ok
0.336,0.085,0.881,0.615,0.425,perlu_cek_manual,O_12093.jpg,Organic,ok
0.641,0.222,0.762,0.598,0.531,perlu_cek_manual,O_12094.jpg,Organic,ok
0.159,0.058,0.792,0.676,0.359,perlu_cek_manual,O_12095.jpg,Organic,ok
1.0,0.451,1.0,0.0,0.635,perlu_cek_manual,O_12100.jpg,Organic,ok
0.233,0.417,0.579,0.588,0.428,perlu_cek_manual,O_12102.jpg,Organic,ok
0.553,0.0,0.841,0.444,0.423,perlu_cek_manual,O_12111.jpg,Organic,ok
0.784,0.374,0.663,0.237,0.527,perlu_cek_manual,O_12114.jpg,Organic,ok
0.45,0.112,0.79,0.514,0.43,perlu_cek_manual,O_12117.jpg,Organic,ok
0.718,0.298,0.938,0.488,0.59,perlu_cek_manual,O_12118.jpg,Organic,ok
0.756,0.303,0.548,0.45,0.517,perlu_cek_manual,O_12121.jpg,Organic,ok
0.407,0.156,0.351,0.629,0.365,perlu_cek_manual,O_12122.jpg,Organic,ok
0.841,0.451,0.901,0.326,0.633,perlu_cek_manual,O_12123.jpg,Organic,ok
0.476,0.452,0.521,0.561,0.495,perlu_cek_manual,O_12124.jpg,Organic,ok
0.377,0.412,0.379,0.466,0.406,perlu_cek_manual,O_12129.jpg,Organic,ok
0.343,0.557,0.918,0.262,0.506,perlu_cek_manual,O_12130.jpg,Organic,ok
0.463,0.21,0.929,0.275,0.443,perlu_cek_manual,O_12133.jpg,Organic,ok
0.905,0.138,0.959,0.567,0.618,perlu_cek_manual,O_12137.jpg,Organic,ok
0.525,0.147,0.914,0.478,0.48,perlu_cek_manual,O_12140.jpg,Organic,ok
0.356,0.321,0.788,0.47,0.455,perlu_cek_manual,O_12143.jpg,Organic,ok
0.523,0.19,0.896,0.564,0.506,perlu_cek_manual,O_12144.jpg,Organic,ok
0.574,0.699,0.922,0.336,0.633,perlu_cek_manual,O_12148.jpg,Organic,ok
1.0,0.197,1.0,0.374,0.634,perlu_cek_manual,O_12149.jpg,Organic,ok
0.791,0.043,0.749,0.234,0.447,perlu_cek_manual,O_12152.jpg,Organic,ok
0.754,0.435,0.889,0.394,0.613,perlu_cek_manual,O_12155.jpg,Organic,ok
0.827,0.419,0.97,0.292,0.626,perlu_cek_manual,O_12162.jpg,Organic,ok
0.472,0.433,0.878,0.372,0.522,perlu_cek_manual,O_12163.jpg,Organic,ok
0.431,0.398,0.43,0.52,0.439,perlu_cek_manual,O_12168.jpg,Organic,ok
0.631,0.445,0.972,0.573,0.632,perlu_cek_manual,O_12184.jpg,Organic,ok
0.761,0.661,0.945,0.035,0.623,perlu_cek_manual,O_12188.jpg,Organic,ok
1.0,0.276,0.982,0.331,0.645,perlu_cek_manual,O_12189.jpg,Organic,ok
0.51,0.524,0.882,0.32,0.551,perlu_cek_manual,O_12190.jpg,Organic,ok
1.0,0.189,0.965,0.394,0.628,perlu_cek_manual,O_12193.jpg,Organic,ok
0.575,0.358,0.864,0.456,0.544,perlu_cek_manual,O_12198.jpg,Organic,ok
0.161,0.78,0.862,0.295,0.514,perlu_cek_manual,O_122.jpg,Organic,ok
0.611,0.322,0.934,0.419,0.551,perlu_cek_manual,O_12204.jpg,Organic,ok
0.162,0.391,0.493,0.506,0.365,perlu_cek_manual,O_12209.jpg,Organic,ok
0.595,0.238,0.905,0.488,0.528,perlu_cek_manual,O_1221.jpg,Organic,ok
0.594,0.687,0.963,0.098,0.597,perlu_cek_manual,O_12211.jpg,Organic,ok
0.865,0.247,0.96,0.405,0.607,perlu_cek_manual,O_12215.jpg,Organic,ok
0.809,0.148,0.81,0.467,0.543,perlu_cek_manual,O_12216.jpg,Organic,ok
1.0,0.213,0.919,0.485,0.645,perlu_cek_manual,O_12219.jpg,Organic,ok
0.428,0.524,0.916,0.293,0.527,perlu_cek_manual,O_12220.jpg,Organic,ok
0.601,0.465,0.964,0.294,0.571,perlu_cek_manual,O_12223.jpg,Organic,ok
0.448,0.425,0.858,0.424,0.519,perlu_cek_manual,O_12231.jpg,Organic,ok
1.0,0.235,0.969,0.388,0.642,perlu_cek_manual,O_12233.jpg,Organic,ok
0.823,0.294,0.947,0.306,0.586,perlu_cek_manual,O_12242.jpg,Organic,ok
1.0,0.31,0.96,0.0,0.585,perlu_cek_manual,O_12243.jpg,Organic,ok
0.344,0.518,0.776,0.331,0.48,perlu_cek_manual,O_12247.jpg,Organic,ok
0.453,0.171,0.831,0.39,0.431,perlu_cek_manual,O_12261.jpg,Organic,ok
0.897,0.489,0.981,0.0,0.612,perlu_cek_manual,O_12267.jpg,Organic,ok
0.824,0.413,0.959,0.417,0.646,perlu_cek_manual,O_12271.jpg,Organic,ok
0.333,0.553,0.471,0.562,0.472,perlu_cek_manual,O_12276.jpg,Organic,ok
0.678,0.221,0.592,0.44,0.476,perlu_cek_manual,O_12277.jpg,Organic,ok
0.349,0.603,0.944,0.341,0.543,perlu_cek_manual,O_12278.jpg,Organic,ok
0.976,0.247,0.961,0.387,0.637,perlu_cek_manual,O_12279.jpg,Organic,ok
0.806,0.357,0.96,0.316,0.604,perlu_cek_manual,O_12283.jpg,Organic,ok
0.318,0.254,0.794,0.331,0.397,perlu_cek_manual,O_12286.jpg,Organic,ok
0.237,0.112,0.842,0.44,0.361,perlu_cek_manual,O_12289.jpg,Organic,ok
0.602,0.563,0.809,0.473,0.606,perlu_cek_manual,O_1229.jpg,Organic,ok
1.0,0.259,0.843,0.376,0.622,perlu_cek_manual,O_12291.jpg,Organic,ok
0.939,0.406,0.85,0.367,0.647,perlu_cek_manual,O_12299.jpg,Organic,ok
0.444,0.31,0.495,0.568,0.439,perlu_cek_manual,O_123.jpg,Organic,ok
1.0,0.266,0.652,0.433,0.597,perlu_cek_manual,O_1230.jpg,Organic,ok
0.697,0.132,0.941,0.449,0.526,perlu_cek_manual,O_12306.jpg,Organic,ok
0.375,0.393,0.691,0.419,0.453,perlu_cek_manual,O_12307.jpg,Organic,ok
0.655,0.384,0.87,0.416,0.569,perlu_cek_manual,O_12308.jpg,Organic,ok
0.661,0.458,0.954,0.358,0.598,perlu_cek_manual,O_12318.jpg,Organic,ok
0.62,0.517,0.953,0.245,0.581,perlu_cek_manual,O_1232.jpg,Organic,ok
1.0,0.0,0.986,0.521,0.601,perlu_cek_manual,O_12320.jpg,Organic,ok
0.752,0.455,0.936,0.0,0.549,perlu_cek_manual,O_12321.jpg,Organic,ok
0.546,0.229,0.827,0.391,0.476,perlu_cek_manual,O_12325.jpg,Organic,ok
0.347,0.346,0.891,0.478,0.482,perlu_cek_manual,O_12341.jpg,Organic,ok
0.821,0.297,0.955,0.302,0.587,perlu_cek_manual,O_12343.jpg,Organic,ok
1.0,0.421,1.0,0.001,0.626,perlu_cek_manual,O_12344.jpg,Organic,ok
0.959,0.283,0.934,0.37,0.633,perlu_cek_manual,O_12347.jpg,Organic,ok
1.0,0.0,0.984,0.285,0.554,perlu_cek_manual,O_12351.jpg,Organic,ok
1.0,0.0,1.0,0.58,0.616,perlu_cek_manual,O_12352.jpg,Organic,ok
0.896,0.269,0.479,0.5,0.545,perlu_cek_manual,O_12355.jpg,Organic,ok
1.0,0.224,0.986,0.367,0.638,perlu_cek_manual,O_12356.jpg,Organic,ok
0.322,1.0,0.422,0.52,0.585,perlu_cek_manual,O_12360.jpg,Organic,ok
0.3,0.213,0.834,0.413,0.403,perlu_cek_manual,O_12362.jpg,Organic,ok
0.441,0.498,0.632,0.268,0.462,perlu_cek_manual,O_12364.jpg,Organic,ok
0.589,0.596,0.862,0.442,0.616,perlu_cek_manual,O_12366.jpg,Organic,ok
0.735,0.272,0.947,0.444,0.58,perlu_cek_manual,O_12369.jpg,Organic,ok
0.524,0.606,0.675,0.48,0.57,perlu_cek_manual,O_12373.jpg,Organic,ok
1.0,0.095,0.963,0.28,0.577,perlu_cek_manual,O_12374.jpg,Organic,ok
0.681,0.48,0.945,0.448,0.627,perlu_cek_manual,O_12376.jpg,Organic,ok
0.533,0.436,0.4,0.449,0.461,perlu_cek_manual,O_12377.jpg,Organic,ok
1.0,0.302,0.558,0.396,0.581,perlu_cek_manual,O_12383.jpg,Organic,ok
0.839,0.304,0.558,0.486,0.552,perlu_cek_manual,O_1239.jpg,Organic,ok
1.0,0.58,0.792,0.0,0.633,perlu_cek_manual,O_12390.jpg,Organic,ok
0.754,0.29,0.884,0.386,0.567,perlu_cek_manual,O_12391.jpg,Organic,ok
0.531,0.507,0.934,0.358,0.57,perlu_cek_manual,O_12392.jpg,Organic,ok
0.578,0.195,0.889,0.44,0.498,perlu_cek_manual,O_12393.jpg,Organic,ok
0.643,0.182,0.936,0.354,0.505,perlu_cek_manual,O_12394.jpg,Organic,ok
1.0,0.248,0.572,0.608,0.61,perlu_cek_manual,O_12399.jpg,Organic,ok
0.263,0.011,0.82,0.537,0.354,perlu_cek_manual,O_12400.jpg,Organic,ok
0.873,0.0,0.956,0.411,0.535,perlu_cek_manual,O_12406.jpg,Organic,ok
0.578,0.267,0.668,0.629,0.513,perlu_cek_manual,O_12413.jpg,Organic,ok
1.0,0.273,0.599,0.322,0.566,perlu_cek_manual,O_12420.jpg,Organic,ok
0.546,0.303,0.446,0.394,0.423,perlu_cek_manual,O_1243.jpg,Organic,ok
0.501,0.392,0.941,0.353,0.526,perlu_cek_manual,O_12430.jpg,Organic,ok
0.271,0.392,0.411,0.464,0.374,perlu_cek_manual,O_12431.jpg,Organic,ok
0.489,0.678,0.93,0.38,0.612,perlu_cek_manual,O_12434.jpg,Organic,ok
1.0,0.038,0.978,0.378,0.583,perlu_cek_manual,O_12435.jpg,Organic,ok
0.882,0.387,0.927,0.33,0.632,perlu_cek_manual,O_12448.jpg,Organic,ok
0.203,0.332,0.471,0.532,0.361,perlu_cek_manual,O_12449.jpg,Organic,ok
0.231,0.217,0.83,0.467,0.394,perlu_cek_manual,O_12451.jpg,Organic,ok
0.691,0.221,0.863,0.359,0.518,perlu_cek_manual,O_12453.jpg,Organic,ok
0.467,0.272,0.571,0.52,0.44,perlu_cek_manual,O_12455.jpg,Organic,ok
0.175,0.456,0.422,0.588,0.392,perlu_cek_manual,O_12456.jpg,Organic,ok
1.0,0.0,0.992,0.155,0.529,perlu_cek_manual,O_12457.jpg,Organic,ok
0.383,0.241,0.487,0.469,0.379,perlu_cek_manual,O_12458.jpg,Organic,ok
1.0,0.216,0.886,0.452,0.633,perlu_cek_manual,O_12468.jpg,Organic,ok
0.504,0.107,0.875,0.511,0.46,perlu_cek_manual,O_12469.jpg,Organic,ok
0.833,0.373,0.883,0.361,0.611,perlu_cek_manual,O_12471.jpg,Organic,ok
0.247,0.115,0.822,0.617,0.396,perlu_cek_manual,O_12474.jpg,Organic,ok
0.592,0.192,0.869,0.603,0.53,perlu_cek_manual,O_12477.jpg,Organic,ok
0.495,0.228,0.942,0.236,0.452,perlu_cek_manual,O_12480.jpg,Organic,ok
0.787,0.283,0.945,0.294,0.569,perlu_cek_manual,O_12484.jpg,Organic,ok
1.0,0.203,0.745,0.513,0.612,perlu_cek_manual,O_12487.jpg,Organic,ok
1.0,0.181,0.677,0.336,0.557,perlu_cek_manual,O_12489.jpg,Organic,ok
1.0,0.515,0.96,0.0,0.646,perlu_cek_manual,O_12490.jpg,Organic,ok
0.472,0.088,0.901,0.424,0.433,perlu_cek_manual,O_12494.jpg,Organic,ok
0.412,0.447,0.916,0.503,0.542,perlu_cek_manual,O_12497.jpg,Organic,ok
0.532,0.144,0.465,0.393,0.374,perlu_cek_manual,O_12499.jpg,Organic,ok
0.375,0.403,0.68,0.067,0.383,perlu_cek_manual,O_1250.jpg,Organic,ok
1.0,0.056,0.894,0.624,0.62,perlu_cek_manual,O_12505.jpg,Organic,ok
0.501,0.563,0.894,0.387,0.575,perlu_cek_manual,O_12506.jpg,Organic,ok
1.0,0.0,1.0,0.546,0.609,perlu_cek_manual,O_12521.jpg,Organic,ok
0.237,0.097,0.868,0.382,0.35,perlu_cek_manual,O_12525.jpg,Organic,ok
1.0,0.469,0.5,0.444,0.629,perlu_cek_manual,O_12528.jpg,Organic,ok
0.837,0.0,0.957,0.403,0.523,perlu_cek_manual,O_12538.jpg,Organic,ok
0.859,0.566,0.978,0.0,0.623,perlu_cek_manual,O_12543.jpg,Organic,ok
0.236,0.667,0.399,0.464,0.443,perlu_cek_manual,O_12549.jpg,Organic,ok
0.506,0.601,0.83,0.273,0.553,perlu_cek_manual,O_1255.jpg,Organic,ok
0.266,0.182,0.801,0.357,0.366,perlu_cek_manual,O_12557.jpg,Organic,ok
0.478,0.736,0.953,0.34,0.623,perlu_cek_manual,O_12566.jpg,Organic,ok
0.926,0.436,0.991,0.074,0.622,perlu_cek_manual,O_126.jpg,Organic,ok
0.487,0.426,0.915,0.264,0.51,perlu_cek_manual,O_1263.jpg,Organic,ok
0.231,0.161,0.914,0.261,0.353,perlu_cek_manual,O_1269.jpg,Organic,ok
0.438,0.271,0.487,0.606,0.431,perlu_cek_manual,O_1272.jpg,Organic,ok
0.511,0.322,0.874,0.336,0.492,perlu_cek_manual,O_1273.jpg,Organic,ok
0.492,0.779,0.901,0.144,0.59,perlu_cek_manual,O_1275.jpg,Organic,ok
0.088,0.172,0.655,0.747,0.358,perlu_cek_manual,O_1276.jpg,Organic,ok
1.0,0.375,0.529,0.592,0.636,perlu_cek_manual,O_1277.jpg,Organic,ok
0.364,1.0,1.0,0.188,0.647,perlu_cek_manual,O_1279.jpg,Organic,ok
0.371,0.29,0.734,0.237,0.392,perlu_cek_manual,O_128.jpg,Organic,ok
0.606,0.287,0.407,0.273,0.404,perlu_cek_manual,O_1285.jpg,Organic,ok
0.271,0.632,0.815,0.464,0.527,perlu_cek_manual,O_1289.jpg,Organic,ok
1.0,0.335,0.717,0.167,0.577,perlu_cek_manual,O_1297.jpg,Organic,ok
0.715,0.53,0.884,0.209,0.592,perlu_cek_manual,O_1298.jpg,Organic,ok
0.126,0.68,0.448,0.261,0.384,perlu_cek_manual,O_13.jpg,Organic,ok
1.0,0.374,0.811,0.18,0.611,perlu_cek_manual,O_1300.jpg,Organic,ok
0.829,0.626,0.985,0.05,0.644,perlu_cek_manual,O_1306.jpg,Organic,ok
0.43,0.425,0.528,0.319,0.426,perlu_cek_manual,O_1309.jpg,Organic,ok
0.267,0.63,0.852,0.44,0.528,perlu_cek_manual,O_131.jpg,Organic,ok
0.581,0.405,0.94,0.049,0.494,perlu_cek_manual,O_1310.jpg,Organic,ok
0.654,0.217,0.402,0.571,0.456,perlu_cek_manual,O_1311.jpg,Organic,ok
0.934,0.067,0.98,0.411,0.579,perlu_cek_manual,O_1316.jpg,Organic,ok
0.536,0.492,0.559,0.453,0.511,perlu_cek_manual,O_1317.jpg,Organic,ok
0.209,0.461,0.656,0.536,0.439,perlu_cek_manual,O_132.jpg,Organic,ok
0.548,0.663,0.945,0.176,0.588,perlu_cek_manual,O_1324.jpg,Organic,ok
0.944,0.061,0.985,0.347,0.568,perlu_cek_manual,O_1329.jpg,Organic,ok
1.0,0.0,0.944,0.165,0.522,perlu_cek_manual,O_133.jpg,Organic,ok
0.821,0.556,0.732,0.398,0.639,perlu_cek_manual,O_1330.jpg,Organic,ok
0.555,0.38,0.51,0.454,0.473,perlu_cek_manual,O_1332.jpg,Organic,ok
1.0,0.417,0.833,0.0,0.592,perlu_cek_manual,O_1333.jpg,Organic,ok
0.703,0.604,0.886,0.099,0.589,perlu_cek_manual,O_1337.jpg,Organic,ok
0.708,0.646,0.959,0.0,0.598,perlu_cek_manual,O_1339.jpg,Organic,ok
0.356,0.197,0.436,0.64,0.381,perlu_cek_manual,O_1340.jpg,Organic,ok
0.971,0.281,0.556,0.407,0.568,perlu_cek_manual,O_1344.jpg,Organic,ok
0.157,0.267,0.5,0.624,0.352,perlu_cek_manual,O_1345.jpg,Organic,ok
0.333,0.367,0.541,0.369,0.392,perlu_cek_manual,O_1347.jpg,Organic,ok
0.062,0.512,0.318,0.583,0.352,perlu_cek_manual,O_136.jpg,Organic,ok
1.0,0.359,0.84,0.059,0.588,perlu_cek_manual,O_1367.jpg,Organic,ok
0.533,0.235,0.302,0.559,0.402,perlu_cek_manual,O_1368.jpg,Organic,ok
0.753,0.408,0.683,0.235,0.532,perlu_cek_manual,O_1369.jpg,Organic,ok
0.33,0.47,0.842,0.352,0.479,perlu_cek_manual,O_1373.jpg,Organic,ok
0.69,0.405,0.694,0.116,0.491,perlu_cek_manual,O_1375.jpg,Organic,ok
0.457,0.492,0.937,0.282,0.529,perlu_cek_manual,O_1386.jpg,Organic,ok
0.711,0.551,0.968,0.197,0.612,perlu_cek_manual,O_1389.jpg,Organic,ok
0.554,0.655,0.975,0.275,0.613,perlu_cek_manual,O_1398.jpg,Organic,ok
0.284,0.179,0.636,0.499,0.366,perlu_cek_manual,O_1400.jpg,Organic,ok
0.529,0.427,0.615,0.328,0.475,perlu_cek_manual,O_1402.jpg,Organic,ok
0.736,0.532,0.949,0.365,0.643,perlu_cek_manual,O_1406.jpg,Organic,ok
0.925,0.403,0.835,0.202,0.606,perlu_cek_manual,O_1412.jpg,Organic,ok
0.518,0.904,0.427,0.563,0.625,perlu_cek_manual,O_1419.jpg,Organic,ok
0.481,0.213,0.619,0.476,0.427,perlu_cek_manual,O_1422.jpg,Organic,ok
0.248,0.307,0.739,0.34,0.382,perlu_cek_manual,O_1437.jpg,Organic,ok
0.431,0.183,0.323,0.517,0.352,perlu_cek_manual,O_1447.jpg,Organic,ok
0.399,0.424,0.802,0.24,0.455,perlu_cek_manual,O_1448.jpg,Organic,ok
0.534,0.358,0.66,0.438,0.487,perlu_cek_manual,O_1451.jpg,Organic,ok
0.637,0.418,0.738,0.342,0.532,perlu_cek_manual,O_146.jpg,Organic,ok
0.254,0.611,0.684,0.51,0.498,perlu_cek_manual,O_1462.jpg,Organic,ok
0.144,0.489,0.265,0.551,0.353,perlu_cek_manual,O_147.jpg,Organic,ok
0.199,0.403,0.377,0.471,0.35,perlu_cek_manual,O_1476.jpg,Organic,ok
0.06,0.605,0.549,0.588,0.427,perlu_cek_manual,O_148.jpg,Organic,ok
0.363,0.231,0.472,0.521,0.377,perlu_cek_manual,O_1487.jpg,Organic,ok
0.487,0.61,0.638,0.582,0.573,perlu_cek_manual,O_1490.jpg,Organic,ok
0.147,0.302,0.7,0.421,0.359,perlu_cek_manual,O_1493.jpg,Organic,ok
0.768,0.456,0.673,0.11,0.524,perlu_cek_manual,O_1496.jpg,Organic,ok
1.0,0.299,0.625,0.278,0.57,perlu_cek_manual,O_1498.jpg,Organic,ok
0.337,0.196,0.412,0.558,0.354,perlu_cek_manual,O_150.jpg,Organic,ok
0.294,0.284,0.664,0.514,0.409,perlu_cek_manual,O_1500.jpg,Organic,ok
1.0,0.308,0.486,0.477,0.585,perlu_cek_manual,O_1501.jpg,Organic,ok
0.736,0.429,0.824,0.415,0.598,perlu_cek_manual,O_1504.jpg,Organic,ok
0.469,0.675,0.553,0.447,0.543,perlu_cek_manual,O_1509.jpg,Organic,ok
0.582,0.317,0.468,0.573,0.478,perlu_cek_manual,O_152.jpg,Organic,ok
0.227,0.321,0.798,0.484,0.421,perlu_cek_manual,O_1524.jpg,Organic,ok
1.0,0.05,0.837,0.461,0.574,perlu_cek_manual,O_1525.jpg,Organic,ok
0.119,0.727,0.854,0.201,0.465,perlu_cek_manual,O_1528.jpg,Organic,ok
0.335,0.641,0.572,0.349,0.477,perlu_cek_manual,O_1532.jpg,Organic,ok
0.094,0.687,0.221,0.486,0.376,perlu_cek_manual,O_1533.jpg,Organic,ok
0.356,0.669,0.504,0.094,0.427,perlu_cek_manual,O_1541.jpg,Organic,ok
0.324,1.0,0.62,0.17,0.555,perlu_cek_manual,O_1544.jpg,Organic,ok
0.226,0.723,0.342,0.361,0.425,perlu_cek_manual,O_1548.jpg,Organic,ok
0.96,0.392,0.84,0.0,0.574,perlu_cek_manual,O_1551.jpg,Organic,ok
0.277,0.162,0.851,0.508,0.403,perlu_cek_manual,O_1552.jpg,Organic,ok
0.568,0.357,0.734,0.402,0.505,perlu_cek_manual,O_1554.jpg,Organic,ok
0.5,0.746,0.821,0.209,0.58,perlu_cek_manual,O_1556.jpg,Organic,ok
0.246,1.0,0.718,0.275,0.572,perlu_cek_manual,O_1560.jpg,Organic,ok
0.334,1.0,0.626,0.142,0.554,perlu_cek_manual,O_1576.jpg,Organic,ok
0.754,0.565,0.663,0.608,0.65,perlu_cek_manual,O_1577.jpg,Organic,ok
1.0,0.032,0.956,0.328,0.567,perlu_cek_manual,O_1579.jpg,Organic,ok
0.371,0.322,0.621,0.31,0.394,perlu_cek_manual,O_1582.jpg,Organic,ok
0.677,0.056,0.528,0.541,0.434,perlu_cek_manual,O_1583.jpg,Organic,ok
0.837,0.303,0.957,0.27,0.588,perlu_cek_manual,O_1593.jpg,Organic,ok
0.243,0.699,0.547,0.133,0.419,perlu_cek_manual,O_1595.jpg,Organic,ok
0.293,0.813,0.544,0.558,0.552,perlu_cek_manual,O_1600.jpg,Organic,ok
0.517,0.38,0.829,0.597,0.554,perlu_cek_manual,O_1601.jpg,Organic,ok
0.52,0.599,0.523,0.593,0.559,perlu_cek_manual,O_1602.jpg,Organic,ok
0.574,0.619,0.845,0.342,0.595,perlu_cek_manual,O_1611.jpg,Organic,ok
0.282,1.0,0.816,0.307,0.609,perlu_cek_manual,O_1616.jpg,Organic,ok
0.149,0.505,0.478,0.411,0.374,perlu_cek_manual,O_1625.jpg,Organic,ok
0.241,0.235,0.81,0.382,0.381,perlu_cek_manual,O_1628.jpg,Organic,ok
0.308,0.43,0.366,0.635,0.421,perlu_cek_manual,O_1629.jpg,Organic,ok
0.41,0.32,0.322,0.414,0.366,perlu_cek_manual,O_1631.jpg,Organic,ok
0.603,0.387,0.534,0.472,0.498,perlu_cek_manual,O_1632.jpg,Organic,ok
1.0,0.44,0.692,0.225,0.616,perlu_cek_manual,O_1633.jpg,Organic,ok
0.667,0.557,0.967,0.413,0.643,perlu_cek_manual,O_1641.jpg,Organic,ok
0.287,0.454,0.382,0.433,0.385,perlu_cek_manual,O_1642.jpg,Organic,ok
0.233,0.547,0.549,0.188,0.381,perlu_cek_manual,O_1643.jpg,Organic,ok
0.716,0.233,0.668,0.397,0.498,perlu_cek_manual,O_1646.jpg,Organic,ok
0.135,0.339,0.574,0.554,0.368,perlu_cek_manual,O_165.jpg,Organic,ok
1.0,0.242,0.537,0.399,0.56,perlu_cek_manual,O_1655.jpg,Organic,ok
0.667,0.57,0.5,0.214,0.514,perlu_cek_manual,O_1660.jpg,Organic,ok
0.274,0.724,0.473,0.441,0.482,perlu_cek_manual,O_1665.jpg,Organic,ok
0.282,0.628,0.374,0.167,0.381,perlu_cek_manual,O_1668.jpg,Organic,ok
0.769,0.51,0.942,0.354,0.643,perlu_cek_manual,O_1673.jpg,Organic,ok
0.791,0.137,0.991,0.579,0.593,perlu_cek_manual,O_1676.jpg,Organic,ok
0.76,0.453,0.949,0.253,0.604,perlu_cek_manual,O_1679.jpg,Organic,ok
0.668,0.35,0.566,0.507,0.52,perlu_cek_manual,O_168.jpg,Organic,ok
0.745,0.449,0.589,0.592,0.594,perlu_cek_manual,O_1680.jpg,Organic,ok
0.329,0.299,0.576,0.323,0.368,perlu_cek_manual,O_1683.jpg,Organic,ok
1.0,0.206,0.481,0.483,0.555,perlu_cek_manual,O_1685.jpg,Organic,ok
0.418,0.226,0.363,0.574,0.381,perlu_cek_manual,O_1687.jpg,Organic,ok
0.744,0.381,0.279,0.364,0.466,perlu_cek_manual,O_1690.jpg,Organic,ok
1.0,0.21,0.503,0.372,0.538,perlu_cek_manual,O_1694.jpg,Organic,ok
0.596,0.609,0.521,0.58,0.582,perlu_cek_manual,O_170.jpg,Organic,ok
0.768,0.16,0.442,0.363,0.439,perlu_cek_manual,O_1704.jpg,Organic,ok
0.586,0.406,0.948,0.189,0.525,perlu_cek_manual,O_1709.jpg,Organic,ok
0.234,0.858,0.34,0.429,0.481,perlu_cek_manual,O_1736.jpg,Organic,ok
0.597,0.668,0.725,0.434,0.611,perlu_cek_manual,O_1737.jpg,Organic,ok
0.464,0.474,0.925,0.474,0.561,perlu_cek_manual,O_1741.jpg,Organic,ok
0.507,0.399,0.905,0.256,0.504,perlu_cek_manual,O_1746.jpg,Organic,ok
0.389,0.829,0.302,0.4,0.506,perlu_cek_manual,O_1747.jpg,Organic,ok
1.0,0.516,0.558,0.193,0.605,perlu_cek_manual,O_1748.jpg,Organic,ok
0.22,0.586,0.567,0.27,0.409,perlu_cek_manual,O_1749.jpg,Organic,ok
0.959,0.343,0.81,0.284,0.609,perlu_cek_manual,O_1751.jpg,Organic,ok
0.749,0.335,0.798,0.602,0.606,perlu_cek_manual,O_1753.jpg,Organic,ok
0.418,0.419,0.837,0.456,0.51,perlu_cek_manual,O_1754.jpg,Organic,ok
0.862,0.49,0.819,0.375,0.644,perlu_cek_manual,O_1755.jpg,Organic,ok
0.304,0.333,0.498,0.479,0.387,perlu_cek_manual,O_1757.jpg,Organic,ok
1.0,0.323,0.492,0.526,0.601,perlu_cek_manual,O_176.jpg,Organic,ok
0.697,0.248,0.935,0.183,0.507,perlu_cek_manual,O_1761.jpg,Organic,ok
0.619,0.306,0.533,0.261,0.436,perlu_cek_manual,O_1762.jpg,Organic,ok
0.617,0.394,0.701,0.356,0.515,perlu_cek_manual,O_1765.jpg,Organic,ok
0.633,0.53,0.58,0.471,0.559,perlu_cek_manual,O_1767.jpg,Organic,ok
0.059,0.578,0.85,0.131,0.387,perlu_cek_manual,O_177.jpg,Organic,ok
0.468,0.414,0.545,0.384,0.451,perlu_cek_manual,O_1770.jpg,Organic,ok
0.263,1.0,0.438,0.584,0.583,perlu_cek_manual,O_1774.jpg,Organic,ok
0.402,0.372,0.727,0.327,0.443,perlu_cek_manual,O_1775.jpg,Organic,ok
0.425,0.182,0.813,0.41,0.427,perlu_cek_manual,O_1785.jpg,Organic,ok
1.0,0.28,0.767,0.45,0.627,perlu_cek_manual,O_1787.jpg,Organic,ok
0.403,1.0,0.569,0.454,0.626,perlu_cek_manual,O_1790.jpg,Organic,ok
0.319,0.25,0.531,0.404,0.358,perlu_cek_manual,O_1791.jpg,Organic,ok
0.301,0.622,0.462,0.414,0.452,perlu_cek_manual,O_1797.jpg,Organic,ok
0.518,0.431,0.886,0.483,0.558,perlu_cek_manual,O_1798.jpg,Organic,ok
0.403,0.674,0.876,0.167,0.531,perlu_cek_manual,O_1799.jpg,Organic,ok
0.21,0.493,0.339,0.537,0.386,perlu_cek_manual,O_18.jpg,Organic,ok
0.3,0.401,0.465,0.325,0.368,perlu_cek_manual,O_1800.jpg,Organic,ok
0.463,0.275,0.713,0.418,0.447,perlu_cek_manual,O_1809.jpg,Organic,ok
0.236,0.192,0.818,0.384,0.369,perlu_cek_manual,O_182.jpg,Organic,ok
0.519,0.34,0.945,0.472,0.541,perlu_cek_manual,O_1821.jpg,Organic,ok
0.734,0.395,0.446,0.59,0.546,perlu_cek_manual,O_1822.jpg,Organic,ok
0.81,0.628,0.939,0.004,0.62,perlu_cek_manual,O_1825.jpg,Organic,ok
0.405,0.412,0.402,0.253,0.376,perlu_cek_manual,O_1826.jpg,Organic,ok
0.535,0.471,0.715,0.435,0.531,perlu_cek_manual,O_1828.jpg,Organic,ok
0.388,0.462,0.312,0.449,0.407,perlu_cek_manual,O_1842.jpg,Organic,ok
0.331,0.413,0.781,0.351,0.45,perlu_cek_manual,O_1846.jpg,Organic,ok
0.175,0.755,0.533,0.281,0.442,perlu_cek_manual,O_1847.jpg,Organic,ok
0.464,0.575,0.504,0.52,0.516,perlu_cek_manual,O_1848.jpg,Organic,ok
0.688,0.462,0.943,0.396,0.613,perlu_cek_manual,O_185.jpg,Organic,ok
0.437,0.415,0.502,0.519,0.46,perlu_cek_manual,O_1851.jpg,Organic,ok
0.617,0.29,0.545,0.262,0.434,perlu_cek_manual,O_1852.jpg,Organic,ok
0.368,0.391,0.469,0.411,0.404,perlu_cek_manual,O_1856.jpg,Organic,ok
0.924,0.553,0.483,0.258,0.591,perlu_cek_manual,O_1858.jpg,Organic,ok
0.242,0.54,0.928,0.054,0.431,perlu_cek_manual,O_1859.jpg,Organic,ok
0.208,0.607,0.713,0.577,0.503,perlu_cek_manual,O_1860.jpg,Organic,ok
0.723,0.402,0.561,0.263,0.502,perlu_cek_manual,O_1865.jpg,Organic,ok
0.208,0.93,0.705,0.529,0.588,perlu_cek_manual,O_1867.jpg,Organic,ok
0.044,0.688,0.347,0.611,0.411,perlu_cek_manual,O_1870.jpg,Organic,ok
0.431,0.484,0.744,0.36,0.495,perlu_cek_manual,O_1875.jpg,Organic,ok
1.0,0.53,0.754,0.13,0.636,perlu_cek_manual,O_1876.jpg,Organic,ok
0.4,1.0,0.881,0.197,0.636,perlu_cek_manual,O_1880.jpg,Organic,ok
0.529,0.859,0.594,0.143,0.564,perlu_cek_manual,O_1886.jpg,Organic,ok
0.932,0.282,0.592,0.522,0.587,perlu_cek_manual,O_1892.jpg,Organic,ok
0.684,0.371,0.514,0.161,0.451,perlu_cek_manual,O_1898.jpg,Organic,ok
0.763,0.754,0.883,0.0,0.632,perlu_cek_manual,O_1900.jpg,Organic,ok
0.732,0.645,0.948,0.176,0.638,perlu_cek_manual,O_1905.jpg,Organic,ok
0.363,0.473,0.55,0.379,0.437,perlu_cek_manual,O_1913.jpg,Organic,ok
0.517,0.733,0.939,0.39,0.641,perlu_cek_manual,O_1914.jpg,Organic,ok
0.625,0.507,0.954,0.543,0.639,perlu_cek_manual,O_1916.jpg,Organic,ok
1.0,0.21,0.563,0.287,0.533,perlu_cek_manual,O_1920.jpg,Organic,ok
0.599,0.527,0.949,0.416,0.611,perlu_cek_manual,O_1925.jpg,Organic,ok
0.452,0.409,0.656,0.082,0.406,perlu_cek_manual,O_1926.jpg,Organic,ok
0.253,0.602,0.609,0.381,0.454,perlu_cek_manual,O_1930.jpg,Organic,ok
0.296,0.238,0.654,0.404,0.372,perlu_cek_manual,O_1933.jpg,Organic,ok
0.851,0.425,0.834,0.218,0.593,perlu_cek_manual,O_1934.jpg,Organic,ok
0.608,0.501,0.772,0.268,0.541,perlu_cek_manual,O_1935.jpg,Organic,ok
0.306,0.623,0.925,0.49,0.562,perlu_cek_manual,O_1937.jpg,Organic,ok
0.5,0.309,1.0,0.669,0.576,perlu_cek_manual,O_194.jpg,Organic,ok
0.924,0.266,0.949,0.23,0.593,perlu_cek_manual,O_1941.jpg,Organic,ok
0.54,0.0,0.906,0.327,0.409,perlu_cek_manual,O_1944.jpg,Organic,ok
0.308,0.256,0.651,0.472,0.394,perlu_cek_manual,O_1947.jpg,Organic,ok
0.753,0.292,0.913,0.616,0.62,perlu_cek_manual,O_1952.jpg,Organic,ok
0.367,0.531,0.921,0.457,0.545,perlu_cek_manual,O_1954.jpg,Organic,ok
0.208,0.409,0.308,0.706,0.388,perlu_cek_manual,O_1955.jpg,Organic,ok
0.462,0.5,0.577,0.441,0.492,perlu_cek_manual,O_1956.jpg,Organic,ok
0.754,0.569,0.588,0.298,0.574,perlu_cek_manual,O_1961.jpg,Organic,ok
0.866,0.491,0.665,0.0,0.54,perlu_cek_manual,O_1965.jpg,Organic,ok
0.552,0.298,0.451,0.498,0.445,perlu_cek_manual,O_1967.jpg,Organic,ok
0.303,0.124,0.797,0.582,0.404,perlu_cek_manual,O_1977.jpg,Organic,ok
0.636,0.329,0.741,0.138,0.465,perlu_cek_manual,O_1983.jpg,Organic,ok
0.799,0.14,0.334,0.198,0.388,perlu_cek_manual,O_1985.jpg,Organic,ok
0.196,0.8,0.874,0.376,0.549,perlu_cek_manual,O_1986.jpg,Organic,ok
0.188,0.29,0.855,0.293,0.373,perlu_cek_manual,O_1987.jpg,Organic,ok
0.141,1.0,0.598,0.529,0.568,perlu_cek_manual,O_199.jpg,Organic,ok
0.844,0.45,0.901,0.408,0.65,perlu_cek_manual,O_1991.jpg,Organic,ok
0.84,0.413,0.958,0.274,0.622,perlu_cek_manual,O_1995.jpg,Organic,ok
0.299,0.37,0.876,0.487,0.473,perlu_cek_manual,O_1996.jpg,Organic,ok
0.296,0.429,0.314,0.502,0.381,perlu_cek_manual,O_1999.jpg,Organic,ok
0.587,0.7,0.645,0.578,0.631,perlu_cek_manual,O_2001.jpg,Organic,ok
0.435,0.303,0.435,0.244,0.357,perlu_cek_manual,O_2002.jpg,Organic,ok
0.668,0.243,0.956,0.539,0.572,perlu_cek_manual,O_2005.jpg,Organic,ok
0.777,0.386,0.418,0.578,0.548,perlu_cek_manual,O_2011.jpg,Organic,ok
0.753,0.569,0.718,0.331,0.607,perlu_cek_manual,O_2028.jpg,Organic,ok
0.589,0.264,0.952,0.395,0.525,perlu_cek_manual,O_203.jpg,Organic,ok
0.071,1.0,0.511,0.225,0.468,perlu_cek_manual,O_2030.jpg,Organic,ok
0.018,1.0,0.35,0.417,0.459,perlu_cek_manual,O_2032.jpg,Organic,ok
0.084,1.0,0.386,0.364,0.475,perlu_cek_manual,O_2034.jpg,Organic,ok
0.23,1.0,0.341,0.406,0.518,perlu_cek_manual,O_2035.jpg,Organic,ok
0.115,1.0,0.358,0.355,0.477,perlu_cek_manual,O_2037.jpg,Organic,ok
0.313,0.435,0.388,0.448,0.392,perlu_cek_manual,O_2041.jpg,Organic,ok
0.351,0.415,0.889,0.24,0.455,perlu_cek_manual,O_2043.jpg,Organic,ok
0.922,0.538,0.766,0.177,0.627,perlu_cek_manual,O_2047.jpg,Organic,ok
0.405,0.634,0.909,0.244,0.542,perlu_cek_manual,O_2059.jpg,Organic,ok
0.415,0.438,0.425,0.273,0.396,perlu_cek_manual,O_206.jpg,Organic,ok
0.72,0.466,0.931,0.338,0.61,perlu_cek_manual,O_2063.jpg,Organic,ok
0.383,0.302,0.915,0.4,0.469,perlu_cek_manual,O_2069.jpg,Organic,ok
1.0,0.179,0.958,0.388,0.623,perlu_cek_manual,O_2072.jpg,Organic,ok
0.737,0.56,0.993,0.122,0.612,perlu_cek_manual,O_2076.jpg,Organic,ok
0.804,0.608,0.985,0.112,0.643,perlu_cek_manual,O_2078.jpg,Organic,ok
0.74,0.458,0.957,0.431,0.637,perlu_cek_manual,O_2083.jpg,Organic,ok
0.427,0.262,0.493,0.306,0.366,perlu_cek_manual,O_2088.jpg,Organic,ok
0.418,0.33,0.841,0.412,0.475,perlu_cek_manual,O_2090.jpg,Organic,ok
0.851,0.413,0.982,0.258,0.627,perlu_cek_manual,O_2094.jpg,Organic,ok
0.304,0.573,0.906,0.277,0.5,perlu_cek_manual,O_2096.jpg,Organic,ok
0.743,0.0,0.97,0.481,0.513,perlu_cek_manual,O_2100.jpg,Organic,ok
0.638,0.626,0.966,0.357,0.644,perlu_cek_manual,O_2102.jpg,Organic,ok
0.891,0.543,0.981,0.1,0.646,perlu_cek_manual,O_2103.jpg,Organic,ok
0.746,0.628,0.999,0.14,0.64,perlu_cek_manual,O_2104.jpg,Organic,ok
0.769,0.414,0.974,0.162,0.582,perlu_cek_manual,O_2107.jpg,Organic,ok
0.421,0.612,0.898,0.293,0.548,perlu_cek_manual,O_2110.jpg,Organic,ok
0.843,0.0,0.985,0.257,0.501,perlu_cek_manual,O_2113.jpg,Organic,ok
0.348,0.298,0.816,0.359,0.428,perlu_cek_manual,O_2116.jpg,Organic,ok
0.911,0.249,0.994,0.511,0.649,perlu_cek_manual,O_2120.jpg,Organic,ok
0.399,0.344,0.834,0.358,0.461,perlu_cek_manual,O_2123.jpg,Organic,ok
0.076,0.602,0.876,0.348,0.448,perlu_cek_manual,O_2128.jpg,Organic,ok
0.781,0.603,0.957,0.143,0.635,perlu_cek_manual,O_2134.jpg,Organic,ok
0.581,0.318,0.392,0.611,0.47,perlu_cek_manual,O_214.jpg,Organic,ok
0.947,0.305,0.715,0.375,0.593,perlu_cek_manual,O_2142.jpg,Organic,ok
0.799,0.403,0.982,0.413,0.64,perlu_cek_manual,O_2149.jpg,Organic,ok
0.4,0.032,0.921,0.484,0.411,perlu_cek_manual,O_2150.jpg,Organic,ok
0.28,0.242,0.713,0.309,0.361,perlu_cek_manual,O_2153.jpg,Organic,ok
0.587,0.65,0.901,0.444,0.64,perlu_cek_manual,O_2157.jpg,Organic,ok
0.226,0.165,0.87,0.411,0.374,perlu_cek_manual,O_2163.jpg,Organic,ok
0.394,0.377,0.877,0.391,0.485,perlu_cek_manual,O_2169.jpg,Organic,ok
0.322,0.206,0.833,0.348,0.395,perlu_cek_manual,O_2170.jpg,Organic,ok
0.708,0.335,0.939,0.274,0.556,perlu_cek_manual,O_2171.jpg,Organic,ok
0.679,0.171,0.848,0.256,0.476,perlu_cek_manual,O_2173.jpg,Organic,ok
0.348,0.227,1.0,0.571,0.487,perlu_cek_manual,O_2175.jpg,Organic,ok
0.486,0.521,0.974,0.207,0.538,perlu_cek_manual,O_2178.jpg,Organic,ok
0.691,0.677,0.912,0.257,0.644,perlu_cek_manual,O_2184.jpg,Organic,ok
0.411,0.174,0.896,0.256,0.406,perlu_cek_manual,O_2185.jpg,Organic,ok
0.37,0.229,0.838,0.153,0.378,perlu_cek_manual,O_2186.jpg,Organic,ok
0.584,0.365,0.957,0.061,0.488,perlu_cek_manual,O_2187.jpg,Organic,ok
0.455,0.17,0.923,0.207,0.414,perlu_cek_manual,O_2188.jpg,Organic,ok
0.518,0.169,0.968,0.206,0.441,perlu_cek_manual,O_2189.jpg,Organic,ok
0.566,0.021,1.0,0.526,0.481,perlu_cek_manual,O_219.jpg,Organic,ok
0.362,0.268,0.423,0.42,0.358,perlu_cek_manual,O_2191.jpg,Organic,ok
0.742,0.035,0.721,0.346,0.446,perlu_cek_manual,O_2192.jpg,Organic,ok
0.457,0.839,0.945,0.097,0.597,perlu_cek_manual,O_2195.jpg,Organic,ok
0.846,0.521,0.97,0.208,0.645,perlu_cek_manual,O_2198.jpg,Organic,ok
0.418,0.247,0.414,0.428,0.368,perlu_cek_manual,O_22.jpg,Organic,ok
0.525,0.188,0.419,0.493,0.396,perlu_cek_manual,O_2202.jpg,Organic,ok
0.921,0.0,0.968,0.408,0.551,perlu_cek_manual,O_2205.jpg,Organic,ok
0.391,0.496,0.49,0.393,0.443,perlu_cek_manual,O_2211.jpg,Organic,ok
0.243,0.161,0.9,0.387,0.379,perlu_cek_manual,O_2214.jpg,Organic,ok
0.337,0.354,0.668,0.347,0.41,perlu_cek_manual,O_2220.jpg,Organic,ok
0.689,0.0,0.959,0.476,0.494,perlu_cek_manual,O_2222.jpg,Organic,ok
0.178,0.22,0.843,0.398,0.368,perlu_cek_manual,O_2223.jpg,Organic,ok
0.551,0.147,0.931,0.368,0.47,perlu_cek_manual,O_2226.jpg,Organic,ok
0.591,0.67,0.958,0.372,0.645,perlu_cek_manual,O_2231.jpg,Organic,ok
0.245,0.526,0.373,0.409,0.388,perlu_cek_manual,O_224.jpg,Organic,ok
0.626,0.666,0.933,0.319,0.638,perlu_cek_manual,O_2240.jpg,Organic,ok
0.38,0.278,0.493,0.273,0.35,perlu_cek_manual,O_2242.jpg,Organic,ok
0.992,0.376,0.749,0.33,0.626,perlu_cek_manual,O_2246.jpg,Organic,ok
0.904,0.451,0.974,0.0,0.601,perlu_cek_manual,O_2248.jpg,Organic,ok
0.656,0.633,0.962,0.286,0.636,perlu_cek_manual,O_2254.jpg,Organic,ok
0.341,0.221,0.902,0.36,0.421,perlu_cek_manual,O_2261.jpg,Organic,ok
0.692,0.557,0.786,0.389,0.61,perlu_cek_manual,O_2262.jpg,Organic,ok
0.648,0.46,0.927,0.54,0.626,perlu_cek_manual,O_2263.jpg,Organic,ok
0.345,0.311,0.404,0.497,0.377,perlu_cek_manual,O_2269.jpg,Organic,ok
0.294,0.374,0.501,0.394,0.379,perlu_cek_manual,O_227.jpg,Organic,ok
0.275,0.5,0.453,0.292,0.381,perlu_cek_manual,O_2270.jpg,Organic,ok
0.566,0.557,0.881,0.386,0.59,perlu_cek_manual,O_2272.jpg,Organic,ok
0.241,0.125,0.843,0.366,0.352,perlu_cek_manual,O_2275.jpg,Organic,ok
0.396,0.808,0.916,0.203,0.585,perlu_cek_manual,O_2276.jpg,Organic,ok
0.718,0.699,0.962,0.0,0.617,perlu_cek_manual,O_2283.jpg,Organic,ok
0.847,0.463,0.978,0.067,0.602,perlu_cek_manual,O_2284.jpg,Organic,ok
0.55,0.472,0.908,0.262,0.54,perlu_cek_manual,O_2286.jpg,Organic,ok
0.499,0.657,0.922,0.213,0.574,perlu_cek_manual,O_2288.jpg,Organic,ok
0.519,0.38,0.798,0.437,0.517,perlu_cek_manual,O_2294.jpg,Organic,ok
0.361,0.659,0.931,0.101,0.513,perlu_cek_manual,O_2295.jpg,Organic,ok
0.253,0.625,0.387,0.543,0.45,perlu_cek_manual,O_230.jpg,Organic,ok
0.526,0.847,0.972,0.197,0.646,perlu_cek_manual,O_2302.jpg,Organic,ok
1.0,0.496,0.948,0.0,0.638,perlu_cek_manual,O_2305.jpg,Organic,ok
0.392,0.327,0.937,0.387,0.481,perlu_cek_manual,O_2309.jpg,Organic,ok
0.175,0.021,0.88,0.684,0.371,perlu_cek_manual,O_231.jpg,Organic,ok
0.545,0.674,0.889,0.291,0.601,perlu_cek_manual,O_2314.jpg,Organic,ok
0.507,0.681,0.95,0.058,0.558,perlu_cek_manual,O_2317.jpg,Organic,ok
1.0,0.178,0.894,0.302,0.593,perlu_cek_manual,O_2318.jpg,Organic,ok
0.392,0.308,0.347,0.372,0.354,perlu_cek_manual,O_232.jpg,Organic,ok
0.516,0.324,0.969,0.332,0.512,perlu_cek_manual,O_2328.jpg,Organic,ok
0.991,0.0,0.984,0.0,0.494,perlu_cek_manual,O_2330.jpg,Organic,ok
0.777,0.431,0.953,0.27,0.607,perlu_cek_manual,O_2335.jpg,Organic,ok
1.0,0.0,0.962,0.365,0.565,perlu_cek_manual,O_2336.jpg,Organic,ok
0.665,0.505,0.969,0.406,0.626,perlu_cek_manual,O_2344.jpg,Organic,ok
0.836,0.349,0.93,0.359,0.613,perlu_cek_manual,O_2345.jpg,Organic,ok
0.403,0.047,0.898,0.485,0.412,perlu_cek_manual,O_2357.jpg,Organic,ok
0.422,0.29,0.732,0.212,0.403,perlu_cek_manual,O_2359.jpg,Organic,ok
0.556,0.839,0.951,0.0,0.609,perlu_cek_manual,O_2361.jpg,Organic,ok
0.693,0.188,0.934,0.318,0.515,perlu_cek_manual,O_2363.jpg,Organic,ok
1.0,0.0,1.0,0.0,0.5,perlu_cek_manual,O_2367.jpg,Organic,ok
0.92,0.401,0.968,0.209,0.632,perlu_cek_manual,O_2373.jpg,Organic,ok
1.0,0.353,1.0,0.215,0.649,perlu_cek_manual,O_2379.jpg,Organic,ok
0.503,0.544,0.518,0.299,0.478,perlu_cek_manual,O_238.jpg,Organic,ok
0.264,0.199,0.797,0.476,0.393,perlu_cek_manual,O_2386.jpg,Organic,ok
0.344,1.0,0.939,0.096,0.61,perlu_cek_manual,O_239.jpg,Organic,ok
0.615,0.478,0.945,0.383,0.594,perlu_cek_manual,O_2390.jpg,Organic,ok
0.379,0.3,0.484,0.536,0.408,perlu_cek_manual,O_2392.jpg,Organic,ok
0.681,0.55,0.948,0.103,0.58,perlu_cek_manual,O_2398.jpg,Organic,ok
0.231,0.214,0.564,0.534,0.353,perlu_cek_manual,O_24.jpg,Organic,ok
0.688,0.178,0.909,0.452,0.532,perlu_cek_manual,O_2409.jpg,Organic,ok
0.904,0.238,0.987,0.23,0.586,perlu_cek_manual,O_2413.jpg,Organic,ok
0.926,0.24,0.985,0.204,0.587,perlu_cek_manual,O_2415.jpg,Organic,ok
0.464,0.222,0.454,0.6,0.417,perlu_cek_manual,O_242.jpg,Organic,ok
0.799,0.504,0.964,0.132,0.61,perlu_cek_manual,O_2420.jpg,Organic,ok
0.248,0.185,0.828,0.371,0.37,perlu_cek_manual,O_2422.jpg,Organic,ok
0.227,1.0,0.327,0.488,0.531,perlu_cek_manual,O_243.jpg,Organic,ok
0.457,0.205,0.902,0.323,0.444,perlu_cek_manual,O_2430.jpg,Organic,ok
0.753,0.262,0.982,0.211,0.543,perlu_cek_manual,O_2437.jpg,Organic,ok
0.767,0.449,0.983,0.244,0.61,perlu_cek_manual,O_244.jpg,Organic,ok
0.342,0.342,0.767,0.414,0.441,perlu_cek_manual,O_2440.jpg,Organic,ok
0.948,0.227,0.933,0.459,0.631,perlu_cek_manual,O_2444.jpg,Organic,ok
0.414,0.15,0.931,0.265,0.408,perlu_cek_manual,O_2445.jpg,Organic,ok
0.378,0.59,0.645,0.137,0.447,perlu_cek_manual,O_2447.jpg,Organic,ok
0.75,0.465,0.906,0.325,0.611,perlu_cek_manual,O_2449.jpg,Organic,ok
1.0,0.291,0.579,0.429,0.589,perlu_cek_manual,O_245.jpg,Organic,ok
0.547,0.34,0.473,0.07,0.375,perlu_cek_manual,O_2453.jpg,Organic,ok
0.67,0.495,0.963,0.142,0.57,perlu_cek_manual,O_2456.jpg,Organic,ok
1.0,0.209,0.568,0.016,0.48,perlu_cek_manual,O_2457.jpg,Organic,ok
1.0,0.299,0.558,0.529,0.607,perlu_cek_manual,O_246.jpg,Organic,ok
1.0,0.505,0.603,0.337,0.639,perlu_cek_manual,O_2461.jpg,Organic,ok
0.463,0.432,0.891,0.036,0.454,perlu_cek_manual,O_2463.jpg,Organic,ok
1.0,0.516,0.745,0.138,0.631,perlu_cek_manual,O_2466.jpg,Organic,ok
0.825,0.472,0.914,0.043,0.581,perlu_cek_manual,O_2467.jpg,Organic,ok
0.549,0.354,0.89,0.282,0.505,perlu_cek_manual,O_2470.jpg,Organic,ok
1.0,0.193,1.0,0.038,0.566,perlu_cek_manual,O_2475.jpg,Organic,ok
0.278,0.463,0.456,0.543,0.422,perlu_cek_manual,O_2478.jpg,Organic,ok
0.752,0.376,0.986,0.201,0.576,perlu_cek_manual,O_2479.jpg,Organic,ok
0.632,0.384,0.951,0.518,0.599,perlu_cek_manual,O_2481.jpg,Organic,ok
0.278,0.295,0.512,0.444,0.363,perlu_cek_manual,O_2484.jpg,Organic,ok
0.754,0.393,0.838,0.029,0.518,perlu_cek_manual,O_2486.jpg,Organic,ok
0.702,0.0,0.965,0.096,0.423,perlu_cek_manual,O_2488.jpg,Organic,ok
0.942,0.0,0.535,0.438,0.477,perlu_cek_manual,O_2492.jpg,Organic,ok
0.609,0.451,0.586,0.394,0.514,perlu_cek_manual,O_2496.jpg,Organic,ok
0.367,0.289,0.472,0.458,0.383,perlu_cek_manual,O_25.jpg,Organic,ok
0.531,0.452,0.838,0.545,0.572,perlu_cek_manual,O_250.jpg,Organic,ok
0.378,0.244,0.762,0.116,0.362,perlu_cek_manual,O_2503.jpg,Organic,ok
0.536,0.1,0.893,0.163,0.402,perlu_cek_manual,O_2511.jpg,Organic,ok
0.728,0.515,0.922,0.369,0.631,perlu_cek_manual,O_2514.jpg,Organic,ok
0.761,0.344,0.928,0.467,0.611,perlu_cek_manual,O_2516.jpg,Organic,ok
0.988,0.293,0.948,0.14,0.602,perlu_cek_manual,O_2518.jpg,Organic,ok
0.298,0.35,0.807,0.224,0.4,perlu_cek_manual,O_2522.jpg,Organic,ok
0.358,0.149,0.74,0.33,0.366,perlu_cek_manual,O_2531.jpg,Organic,ok
0.361,0.571,0.345,0.361,0.421,perlu_cek_manual,O_2533.jpg,Organic,ok
1.0,0.471,1.0,0.009,0.643,perlu_cek_manual,O_2539.jpg,Organic,ok
0.583,0.412,0.792,0.387,0.534,perlu_cek_manual,O_2540.jpg,Organic,ok
1.0,0.0,0.999,0.179,0.535,perlu_cek_manual,O_2550.jpg,Organic,ok
0.538,0.744,0.945,0.25,0.623,perlu_cek_manual,O_2551.jpg,Organic,ok
0.19,0.31,0.862,0.34,0.39,perlu_cek_manual,O_2553.jpg,Organic,ok
1.0,0.578,0.879,0.0,0.649,perlu_cek_manual,O_2555.jpg,Organic,ok
0.156,0.285,0.776,0.374,0.362,perlu_cek_manual,O_2556.jpg,Organic,ok
0.763,0.43,0.904,0.508,0.64,perlu_cek_manual,O_2558.jpg,Organic,ok
0.448,0.963,0.395,0.149,0.532,perlu_cek_manual,O_2562.jpg,Organic,ok
0.602,0.025,0.571,0.322,0.367,perlu_cek_manual,O_2564.jpg,Organic,ok
0.853,0.291,0.982,0.0,0.54,perlu_cek_manual,O_2565.jpg,Organic,ok
0.531,0.847,0.919,0.015,0.6,perlu_cek_manual,O_2569.jpg,Organic,ok
0.356,0.534,0.913,0.34,0.518,perlu_cek_manual,O_257.jpg,Organic,ok
0.376,0.123,0.894,0.393,0.407,perlu_cek_manual,O_2574.jpg,Organic,ok
0.58,0.239,0.626,0.463,0.464,perlu_cek_manual,O_2575.jpg,Organic,ok
0.557,0.398,0.935,0.354,0.544,perlu_cek_manual,O_2579.jpg,Organic,ok
0.264,0.272,0.66,0.507,0.394,perlu_cek_manual,O_2581.jpg,Organic,ok
0.668,0.486,0.962,0.154,0.569,perlu_cek_manual,O_2584.jpg,Organic,ok
0.563,0.278,0.899,0.389,0.51,perlu_cek_manual,O_2585.jpg,Organic,ok
0.667,0.338,0.644,0.272,0.485,perlu_cek_manual,O_2586.jpg,Organic,ok
0.455,0.264,0.388,0.494,0.392,perlu_cek_manual,O_2592.jpg,Organic,ok
1.0,0.0,0.6,0.401,0.5,perlu_cek_manual,O_26.jpg,Organic,ok
0.709,0.144,0.961,0.197,0.487,perlu_cek_manual,O_2602.jpg,Organic,ok
0.538,0.0,0.958,0.246,0.402,perlu_cek_manual,O_2609.jpg,Organic,ok
0.384,0.33,0.441,0.357,0.374,perlu_cek_manual,O_261.jpg,Organic,ok
0.7,0.487,0.976,0.115,0.575,perlu_cek_manual,O_2613.jpg,Organic,ok
0.396,0.469,0.665,0.278,0.448,perlu_cek_manual,O_2614.jpg,Organic,ok
0.462,0.654,0.917,0.315,0.581,perlu_cek_manual,O_2616.jpg,Organic,ok
0.979,0.392,0.98,0.125,0.632,perlu_cek_manual,O_2617.jpg,Organic,ok
1.0,0.337,0.578,0.185,0.554,perlu_cek_manual,O_2618.jpg,Organic,ok
0.522,0.472,0.827,0.237,0.511,perlu_cek_manual,O_2620.jpg,Organic,ok
0.524,0.144,0.96,0.058,0.404,perlu_cek_manual,O_2622.jpg,Organic,ok
0.685,0.089,0.23,0.448,0.368,perlu_cek_manual,O_2626.jpg,Organic,ok
0.737,0.423,0.876,0.538,0.631,perlu_cek_manual,O_2635.jpg,Organic,ok
0.378,0.681,0.808,0.224,0.524,perlu_cek_manual,O_2648.jpg,Organic,ok
0.677,0.06,0.965,0.133,0.441,perlu_cek_manual,O_2654.jpg,Organic,ok
0.895,0.512,0.987,0.076,0.635,perlu_cek_manual,O_2665.jpg,Organic,ok
0.446,0.439,0.535,0.183,0.409,perlu_cek_manual,O_2668.jpg,Organic,ok
0.542,0.393,0.935,0.03,0.473,perlu_cek_manual,O_2669.jpg,Organic,ok
0.633,0.653,0.646,0.206,0.556,perlu_cek_manual,O_2681.jpg,Organic,ok
1.0,0.08,0.818,0.432,0.574,perlu_cek_manual,O_2686.jpg,Organic,ok
1.0,0.0,1.0,0.56,0.612,perlu_cek_manual,O_2689.jpg,Organic,ok
0.247,0.188,0.87,0.45,0.395,perlu_cek_manual,O_2692.jpg,Organic,ok
0.362,0.271,0.507,0.515,0.394,perlu_cek_manual,O_2698.jpg,Organic,ok
0.638,0.039,0.938,0.257,0.442,perlu_cek_manual,O_2699.jpg,Organic,ok
0.725,0.715,0.861,0.077,0.619,perlu_cek_manual,O_2703.jpg,Organic,ok
0.248,0.361,0.555,0.297,0.353,perlu_cek_manual,O_271.jpg,Organic,ok
0.688,0.459,0.899,0.401,0.604,perlu_cek_manual,O_2712.jpg,Organic,ok
0.611,0.633,0.936,0.002,0.561,perlu_cek_manual,O_2715.jpg,Organic,ok
0.896,0.101,0.987,0.01,0.498,perlu_cek_manual,O_2718.jpg,Organic,ok
0.319,0.439,0.873,0.251,0.452,perlu_cek_manual,O_2723.jpg,Organic,ok
0.709,0.541,0.966,0.042,0.576,perlu_cek_manual,O_2725.jpg,Organic,ok
0.395,0.337,0.391,0.376,0.373,perlu_cek_manual,O_2728.jpg,Organic,ok
0.75,0.426,0.981,0.114,0.572,perlu_cek_manual,O_2729.jpg,Organic,ok
1.0,0.287,0.892,0.0,0.565,perlu_cek_manual,O_2730.jpg,Organic,ok
1.0,0.264,0.995,0.153,0.609,perlu_cek_manual,O_2733.jpg,Organic,ok
0.475,0.434,0.914,0.45,0.546,perlu_cek_manual,O_2737.jpg,Organic,ok
1.0,0.284,0.944,0.377,0.649,perlu_cek_manual,O_2749.jpg,Organic,ok
0.394,0.245,0.443,0.484,0.377,perlu_cek_manual,O_2751.jpg,Organic,ok
0.482,0.275,0.415,0.331,0.376,perlu_cek_manual,O_2754.jpg,Organic,ok
0.848,0.272,0.807,0.334,0.564,perlu_cek_manual,O_2758.jpg,Organic,ok
0.997,0.316,0.958,0.293,0.644,perlu_cek_manual,O_2759.jpg,Organic,ok
0.486,0.823,0.758,0.185,0.581,perlu_cek_manual,O_2762.jpg,Organic,ok
1.0,0.333,0.594,0.364,0.592,perlu_cek_manual,O_2763.jpg,Organic,ok
0.488,0.604,0.908,0.422,0.594,perlu_cek_manual,O_2766.jpg,Organic,ok
1.0,0.0,0.958,0.295,0.551,perlu_cek_manual,O_277.jpg,Organic,ok
0.963,0.395,0.992,0.0,0.606,perlu_cek_manual,O_2770.jpg,Organic,ok
0.835,0.09,0.977,0.247,0.522,perlu_cek_manual,O_2776.jpg,Organic,ok
1.0,0.199,0.701,0.378,0.575,perlu_cek_manual,O_2777.jpg,Organic,ok
1.0,0.476,0.969,0.062,0.649,perlu_cek_manual,O_2779.jpg,Organic,ok
0.444,0.427,0.914,0.523,0.549,perlu_cek_manual,O_2783.jpg,Organic,ok
1.0,0.0,1.0,0.041,0.508,perlu_cek_manual,O_2785.jpg,Organic,ok
0.889,0.475,0.981,0.148,0.635,perlu_cek_manual,O_2787.jpg,Organic,ok
0.91,0.322,1.0,0.134,0.596,perlu_cek_manual,O_2793.jpg,Organic,ok
0.804,0.0,0.977,0.237,0.484,perlu_cek_manual,O_2803.jpg,Organic,ok
0.551,0.662,0.948,0.228,0.599,perlu_cek_manual,O_2804.jpg,Organic,ok
0.767,0.526,0.976,0.136,0.61,perlu_cek_manual,O_2806.jpg,Organic,ok
0.806,0.323,0.962,0.053,0.542,perlu_cek_manual,O_2808.jpg,Organic,ok
0.787,0.0,0.948,0.323,0.49,perlu_cek_manual,O_2809.jpg,Organic,ok
0.391,1.0,0.511,0.348,0.589,perlu_cek_manual,O_281.jpg,Organic,ok
0.584,0.643,0.965,0.239,0.609,perlu_cek_manual,O_2810.jpg,Organic,ok
1.0,0.175,0.931,0.402,0.619,perlu_cek_manual,O_2811.jpg,Organic,ok
0.662,0.702,0.961,0.0,0.602,perlu_cek_manual,O_2815.jpg,Organic,ok
1.0,0.177,0.521,0.436,0.544,perlu_cek_manual,O_2816.jpg,Organic,ok
0.414,0.064,0.916,0.163,0.359,perlu_cek_manual,O_2817.jpg,Organic,ok
0.273,0.371,0.899,0.273,0.427,perlu_cek_manual,O_2825.jpg,Organic,ok
0.823,0.273,1.0,0.185,0.566,perlu_cek_manual,O_2827.jpg,Organic,ok
0.48,0.36,0.875,0.46,0.519,perlu_cek_manual,O_2830.jpg,Organic,ok
1.0,0.209,1.0,0.244,0.611,perlu_cek_manual,O_2832.jpg,Organic,ok
0.716,0.429,0.939,0.451,0.621,perlu_cek_manual,O_2836.jpg,Organic,ok
0.469,0.323,0.915,0.484,0.517,perlu_cek_manual,O_2844.jpg,Organic,ok
0.56,0.817,0.845,0.214,0.625,perlu_cek_manual,O_2845.jpg,Organic,ok
0.61,0.422,0.927,0.292,0.553,perlu_cek_manual,O_2846.jpg,Organic,ok
0.742,0.221,0.861,0.415,0.544,perlu_cek_manual,O_2854.jpg,Organic,ok
0.671,0.303,0.953,0.493,0.582,perlu_cek_manual,O_2858.jpg,Organic,ok
0.538,0.513,0.883,0.32,0.556,perlu_cek_manual,O_2859.jpg,Organic,ok
0.572,0.114,0.955,0.217,0.44,perlu_cek_manual,O_2862.jpg,Organic,ok
0.569,0.423,0.892,0.425,0.561,perlu_cek_manual,O_2867.jpg,Organic,ok
1.0,0.267,0.743,0.415,0.612,perlu_cek_manual,O_287.jpg,Organic,ok
0.65,0.56,0.732,0.254,0.56,perlu_cek_manual,O_2871.jpg,Organic,ok
1.0,0.0,1.0,0.262,0.552,perlu_cek_manual,O_2875.jpg,Organic,ok
0.276,0.354,0.782,0.318,0.409,perlu_cek_manual,O_288.jpg,Organic,ok
1.0,0.0,0.95,0.408,0.572,perlu_cek_manual,O_2884.jpg,Organic,ok
1.0,0.0,1.0,0.202,0.54,perlu_cek_manual,O_2887.jpg,Organic,ok
0.476,0.787,0.653,0.402,0.59,perlu_cek_manual,O_2890.jpg,Organic,ok
0.838,0.255,0.938,0.396,0.595,perlu_cek_manual,O_2895.jpg,Organic,ok
0.887,0.405,0.962,0.072,0.594,perlu_cek_manual,O_2896.jpg,Organic,ok
0.671,0.464,0.963,0.362,0.606,perlu_cek_manual,O_2899.jpg,Organic,ok
0.412,0.134,0.659,0.278,0.351,perlu_cek_manual,O_290.jpg,Organic,ok
0.702,0.542,0.958,0.142,0.593,perlu_cek_manual,O_2900.jpg,Organic,ok
0.948,0.0,0.952,0.422,0.559,perlu_cek_manual,O_2904.jpg,Organic,ok
0.558,0.305,0.58,0.27,0.429,perlu_cek_manual,O_2906.jpg,Organic,ok
0.833,0.324,0.965,0.471,0.634,perlu_cek_manual,O_2907.jpg,Organic,ok
0.34,0.505,0.701,0.298,0.453,perlu_cek_manual,O_2909.jpg,Organic,ok
0.259,0.368,0.841,0.2,0.396,perlu_cek_manual,O_2910.jpg,Organic,ok
0.847,0.266,0.963,0.404,0.607,perlu_cek_manual,O_2913.jpg,Organic,ok
0.314,0.809,0.835,0.339,0.572,perlu_cek_manual,O_2915.jpg,Organic,ok
0.436,0.277,0.822,0.386,0.456,perlu_cek_manual,O_2930.jpg,Organic,ok
1.0,0.206,0.688,0.526,0.604,perlu_cek_manual,O_2937.jpg,Organic,ok
0.707,0.613,0.939,0.191,0.622,perlu_cek_manual,O_2938.jpg,Organic,ok
0.342,0.289,0.391,0.433,0.354,perlu_cek_manual,O_2940.jpg,Organic,ok
1.0,0.0,1.0,0.518,0.604,perlu_cek_manual,O_2948.jpg,Organic,ok
0.517,0.0,0.933,0.326,0.407,perlu_cek_manual,O_295.jpg,Organic,ok
0.465,0.148,0.837,0.516,0.454,perlu_cek_manual,O_2959.jpg,Organic,ok
0.659,0.414,0.908,0.5,0.603,perlu_cek_manual,O_2961.jpg,Organic,ok
0.398,0.179,0.348,0.614,0.366,perlu_cek_manual,O_2963.jpg,Organic,ok
0.785,0.32,0.555,0.585,0.56,perlu_cek_manual,O_2965.jpg,Organic,ok
0.605,0.449,0.613,0.317,0.502,perlu_cek_manual,O_2966.jpg,Organic,ok
0.604,0.451,0.933,0.576,0.618,perlu_cek_manual,O_297.jpg,Organic,ok
0.92,0.331,0.947,0.232,0.611,perlu_cek_manual,O_2970.jpg,Organic,ok
0.555,0.161,0.828,0.496,0.48,perlu_cek_manual,O_2976.jpg,Organic,ok
0.905,0.321,0.991,0.304,0.627,perlu_cek_manual,O_2978.jpg,Organic,ok
0.936,0.09,0.955,0.473,0.594,perlu_cek_manual,O_2985.jpg,Organic,ok
1.0,0.455,0.777,0.273,0.647,perlu_cek_manual,O_299.jpg,Organic,ok
1.0,0.306,0.904,0.268,0.626,perlu_cek_manual,O_2999.jpg,Organic,ok
0.281,0.604,0.331,0.492,0.43,perlu_cek_manual,O_3.jpg,Organic,ok
0.258,0.294,0.818,0.552,0.44,perlu_cek_manual,O_3003.jpg,Organic,ok
0.665,0.479,0.625,0.443,0.557,perlu_cek_manual,O_3004.jpg,Organic,ok
0.424,0.215,0.603,0.543,0.421,perlu_cek_manual,O_3007.jpg,Organic,ok
0.707,0.235,0.956,0.518,0.578,perlu_cek_manual,O_3014.jpg,Organic,ok
0.882,0.139,0.622,0.533,0.537,perlu_cek_manual,O_3016.jpg,Organic,ok
1.0,0.406,0.818,0.239,0.633,perlu_cek_manual,O_3019.jpg,Organic,ok
0.132,0.808,0.313,0.532,0.451,perlu_cek_manual,O_3021.jpg,Organic,ok
0.599,0.313,0.573,0.516,0.492,perlu_cek_manual,O_3027.jpg,Organic,ok
0.826,0.361,0.933,0.51,0.645,perlu_cek_manual,O_3028.jpg,Organic,ok
0.071,0.45,0.801,0.467,0.41,perlu_cek_manual,O_303.jpg,Organic,ok
0.525,0.78,0.821,0.422,0.64,perlu_cek_manual,O_3043.jpg,Organic,ok
0.668,0.211,0.822,0.53,0.534,perlu_cek_manual,O_3045.jpg,Organic,ok
0.922,0.27,0.409,0.626,0.565,perlu_cek_manual,O_3048.jpg,Organic,ok
1.0,0.19,0.984,0.444,0.642,perlu_cek_manual,O_3050.jpg,Organic,ok
0.428,0.394,0.857,0.619,0.542,perlu_cek_manual,O_3059.jpg,Organic,ok
0.513,0.566,0.475,0.354,0.49,perlu_cek_manual,O_3060.jpg,Organic,ok
0.544,0.156,0.842,0.426,0.463,perlu_cek_manual,O_3063.jpg,Organic,ok
0.672,0.0,0.959,0.443,0.482,perlu_cek_manual,O_3064.jpg,Organic,ok
0.416,0.549,0.927,0.216,0.518,perlu_cek_manual,O_3068.jpg,Organic,ok
0.123,0.224,0.797,0.453,0.354,perlu_cek_manual,O_307.jpg,Organic,ok
0.374,0.288,0.348,0.571,0.382,perlu_cek_manual,O_3073.jpg,Organic,ok
0.386,0.308,0.484,0.541,0.413,perlu_cek_manual,O_3076.jpg,Organic,ok
0.729,0.382,0.904,0.395,0.593,perlu_cek_manual,O_3077.jpg,Organic,ok
0.369,0.463,0.835,0.362,0.489,perlu_cek_manual,O_3079.jpg,Organic,ok
0.718,0.289,0.628,0.549,0.537,perlu_cek_manual,O_3083.jpg,Organic,ok
0.836,0.394,0.965,0.363,0.635,perlu_cek_manual,O_3088.jpg,Organic,ok
0.34,0.248,0.472,0.482,0.367,perlu_cek_manual,O_3091.jpg,Organic,ok
1.0,0.448,0.951,0.007,0.626,perlu_cek_manual,O_3093.jpg,Organic,ok
0.903,0.311,0.986,0.365,0.635,perlu_cek_manual,O_3095.jpg,Organic,ok
0.576,0.504,0.957,0.361,0.588,perlu_cek_manual,O_3100.jpg,Organic,ok
0.451,0.361,0.903,0.399,0.504,perlu_cek_manual,O_3105.jpg,Organic,ok
1.0,0.0,0.989,0.552,0.608,perlu_cek_manual,O_3108.jpg,Organic,ok
0.344,0.387,0.867,0.376,0.468,perlu_cek_manual,O_3109.jpg,Organic,ok
0.407,0.969,0.746,0.324,0.627,perlu_cek_manual,O_311.jpg,Organic,ok
0.482,0.186,0.417,0.538,0.391,perlu_cek_manual,O_3110.jpg,Organic,ok
0.766,0.503,0.98,0.193,0.615,perlu_cek_manual,O_3111.jpg,Organic,ok
0.805,0.62,0.986,0.027,0.63,perlu_cek_manual,O_3123.jpg,Organic,ok
0.334,0.325,0.552,0.49,0.406,perlu_cek_manual,O_3126.jpg,Organic,ok
0.627,0.327,0.489,0.596,0.503,perlu_cek_manual,O_3130.jpg,Organic,ok
1.0,0.0,1.0,0.349,0.57,perlu_cek_manual,O_3131.jpg,Organic,ok
0.662,0.462,0.719,0.176,0.517,perlu_cek_manual,O_3134.jpg,Organic,ok
1.0,0.0,0.984,0.001,0.497,perlu_cek_manual,O_314.jpg,Organic,ok
0.639,0.484,0.95,0.545,0.636,perlu_cek_manual,O_3140.jpg,Organic,ok
0.542,0.264,0.708,0.522,0.488,perlu_cek_manual,O_3143.jpg,Organic,ok
0.512,0.758,0.957,0.193,0.611,perlu_cek_manual,O_3153.jpg,Organic,ok
0.688,0.47,0.922,0.452,0.622,perlu_cek_manual,O_3154.jpg,Organic,ok
0.769,0.334,0.901,0.422,0.596,perlu_cek_manual,O_3162.jpg,Organic,ok
1.0,0.384,0.62,0.523,0.644,perlu_cek_manual,O_3168.jpg,Organic,ok
0.858,0.494,0.931,0.289,0.649,perlu_cek_manual,O_3170.jpg,Organic,ok
1.0,0.293,0.95,0.357,0.649,perlu_cek_manual,O_3171.jpg,Organic,ok
0.29,0.34,0.575,0.306,0.365,perlu_cek_manual,O_3176.jpg,Organic,ok
0.47,0.354,0.464,0.543,0.449,perlu_cek_manual,O_3177.jpg,Organic,ok
0.642,0.281,0.497,0.653,0.507,perlu_cek_manual,O_3180.jpg,Organic,ok
0.515,0.388,0.756,0.64,0.55,perlu_cek_manual,O_3184.jpg,Organic,ok
0.561,0.294,0.867,0.556,0.541,perlu_cek_manual,O_3186.jpg,Organic,ok
0.617,0.432,0.911,0.522,0.601,perlu_cek_manual,O_3191.jpg,Organic,ok
0.53,0.009,0.95,0.512,0.454,perlu_cek_manual,O_3194.jpg,Organic,ok
0.546,0.255,0.487,0.537,0.445,perlu_cek_manual,O_3195.jpg,Organic,ok
0.287,0.203,0.682,0.459,0.375,perlu_cek_manual,O_3197.jpg,Organic,ok
0.396,0.927,0.384,0.297,0.533,perlu_cek_manual,O_32.jpg,Organic,ok
0.559,0.205,0.911,0.443,0.5,perlu_cek_manual,O_3205.jpg,Organic,ok
0.82,0.182,0.963,0.393,0.572,perlu_cek_manual,O_3206.jpg,Organic,ok
0.942,0.087,0.969,0.405,0.584,perlu_cek_manual,O_3208.jpg,Organic,ok
0.659,0.296,0.861,0.466,0.552,perlu_cek_manual,O_3210.jpg,Organic,ok
0.744,0.14,0.939,0.573,0.568,perlu_cek_manual,O_3211.jpg,Organic,ok
0.603,0.503,0.931,0.423,0.602,perlu_cek_manual,O_3214.jpg,Organic,ok
0.719,0.289,0.908,0.472,0.578,perlu_cek_manual,O_3215.jpg,Organic,ok
0.737,0.647,0.852,0.223,0.63,perlu_cek_manual,O_3218.jpg,Organic,ok
0.288,0.525,0.355,0.349,0.385,perlu_cek_manual,O_322.jpg,Organic,ok
1.0,0.228,0.946,0.375,0.633,perlu_cek_manual,O_3223.jpg,Organic,ok
0.889,0.224,0.962,0.546,0.635,perlu_cek_manual,O_3228.jpg,Organic,ok
0.662,0.423,0.793,0.3,0.544,perlu_cek_manual,O_3229.jpg,Organic,ok
0.714,0.362,0.912,0.457,0.597,perlu_cek_manual,O_3231.jpg,Organic,ok
0.86,0.642,0.961,0.007,0.644,perlu_cek_manual,O_3232.jpg,Organic,ok
0.487,0.51,0.889,0.575,0.592,perlu_cek_manual,O_3236.jpg,Organic,ok
0.365,0.249,0.295,0.544,0.352,perlu_cek_manual,O_3242.jpg,Organic,ok
0.411,0.325,0.413,0.502,0.404,perlu_cek_manual,O_3243.jpg,Organic,ok
0.47,0.289,0.918,0.467,0.505,perlu_cek_manual,O_3244.jpg,Organic,ok
0.632,0.36,0.934,0.34,0.553,perlu_cek_manual,O_3249.jpg,Organic,ok
0.539,0.767,0.936,0.328,0.645,perlu_cek_manual,O_325.jpg,Organic,ok
1.0,0.14,0.979,0.442,0.626,perlu_cek_manual,O_3251.jpg,Organic,ok
0.358,0.298,0.805,0.42,0.442,perlu_cek_manual,O_3254.jpg,Organic,ok
0.817,0.496,0.968,0.297,0.647,perlu_cek_manual,O_3256.jpg,Organic,ok
0.571,0.198,0.791,0.488,0.486,perlu_cek_manual,O_3257.jpg,Organic,ok
1.0,0.336,0.97,0.169,0.628,perlu_cek_manual,O_3261.jpg,Organic,ok
0.686,0.338,0.924,0.291,0.55,perlu_cek_manual,O_3262.jpg,Organic,ok
0.726,0.515,0.989,0.288,0.627,perlu_cek_manual,O_3264.jpg,Organic,ok
1.0,0.0,0.983,0.358,0.568,perlu_cek_manual,O_327.jpg,Organic,ok
0.536,0.368,0.705,0.481,0.508,perlu_cek_manual,O_3274.jpg,Organic,ok
0.694,0.611,0.965,0.253,0.635,perlu_cek_manual,O_3276.jpg,Organic,ok
0.857,0.49,0.798,0.322,0.628,perlu_cek_manual,O_328.jpg,Organic,ok
0.522,0.501,0.554,0.493,0.516,perlu_cek_manual,O_3280.jpg,Organic,ok
0.491,0.223,0.666,0.473,0.442,perlu_cek_manual,O_3281.jpg,Organic,ok
0.35,0.153,0.902,0.41,0.413,perlu_cek_manual,O_3285.jpg,Organic,ok
0.447,0.3,0.491,0.526,0.428,perlu_cek_manual,O_3287.jpg,Organic,ok
0.516,0.327,0.866,0.337,0.494,perlu_cek_manual,O_3289.jpg,Organic,ok
0.775,0.664,0.848,0.161,0.634,perlu_cek_manual,O_3292.jpg,Organic,ok
0.256,0.413,0.764,0.498,0.453,perlu_cek_manual,O_3295.jpg,Organic,ok
1.0,0.0,0.795,0.442,0.547,perlu_cek_manual,O_3297.jpg,Organic,ok
0.763,0.276,0.939,0.261,0.552,perlu_cek_manual,O_3300.jpg,Organic,ok
0.411,0.213,0.868,0.444,0.45,perlu_cek_manual,O_3304.jpg,Organic,ok
0.311,0.22,0.582,0.443,0.364,perlu_cek_manual,O_3309.jpg,Organic,ok
0.448,0.188,0.436,0.637,0.405,perlu_cek_manual,O_3313.jpg,Organic,ok
0.591,0.308,0.95,0.494,0.559,perlu_cek_manual,O_3314.jpg,Organic,ok
0.723,0.451,0.969,0.489,0.644,perlu_cek_manual,O_3318.jpg,Organic,ok
0.791,0.7,0.856,0.095,0.638,perlu_cek_manual,O_3319.jpg,Organic,ok
0.192,0.296,0.648,0.392,0.354,perlu_cek_manual,O_3320.jpg,Organic,ok
0.635,0.563,0.997,0.418,0.642,perlu_cek_manual,O_3324.jpg,Organic,ok
1.0,0.0,1.0,0.414,0.583,perlu_cek_manual,O_3327.jpg,Organic,ok
0.204,0.552,0.382,0.529,0.409,perlu_cek_manual,O_333.jpg,Organic,ok
0.517,0.163,0.548,0.477,0.409,perlu_cek_manual,O_3334.jpg,Organic,ok
1.0,0.0,1.0,0.34,0.568,perlu_cek_manual,O_3344.jpg,Organic,ok
0.854,0.124,0.971,0.247,0.537,perlu_cek_manual,O_3345.jpg,Organic,ok
0.761,0.429,0.901,0.495,0.636,perlu_cek_manual,O_3347.jpg,Organic,ok
0.588,0.253,0.436,0.462,0.432,perlu_cek_manual,O_3348.jpg,Organic,ok
0.599,0.546,0.876,0.251,0.569,perlu_cek_manual,O_3349.jpg,Organic,ok
0.835,0.51,0.915,0.2,0.626,perlu_cek_manual,O_3350.jpg,Organic,ok
1.0,0.448,0.747,0.315,0.647,perlu_cek_manual,O_3352.jpg,Organic,ok
0.385,0.23,0.805,0.574,0.46,perlu_cek_manual,O_3353.jpg,Organic,ok
0.476,0.313,0.944,0.256,0.476,perlu_cek_manual,O_3354.jpg,Organic,ok
0.526,0.415,0.564,0.639,0.523,perlu_cek_manual,O_3357.jpg,Organic,ok
0.56,0.486,0.822,0.398,0.558,perlu_cek_manual,O_3358.jpg,Organic,ok
0.178,0.249,0.699,0.509,0.369,perlu_cek_manual,O_3359.jpg,Organic,ok
0.556,0.598,0.971,0.315,0.604,perlu_cek_manual,O_3362.jpg,Organic,ok
0.794,0.463,0.884,0.078,0.57,perlu_cek_manual,O_3365.jpg,Organic,ok
0.723,0.37,0.676,0.399,0.543,perlu_cek_manual,O_3366.jpg,Organic,ok
0.575,0.4,0.549,0.435,0.489,perlu_cek_manual,O_3376.jpg,Organic,ok
1.0,0.104,0.803,0.603,0.612,perlu_cek_manual,O_3377.jpg,Organic,ok
0.438,0.175,0.448,0.702,0.414,perlu_cek_manual,O_3386.jpg,Organic,ok
0.74,0.521,0.475,0.588,0.591,perlu_cek_manual,O_3391(1).jpg,Organic,ok
0.74,0.521,0.475,0.589,0.591,perlu_cek_manual,O_3391.jpg,Organic,ok
0.703,0.287,0.912,0.382,0.556,perlu_cek_manual,O_3392.jpg,Organic,ok
1.0,0.511,0.907,0.039,0.643,perlu_cek_manual,O_3400.jpg,Organic,ok
0.87,0.489,0.945,0.203,0.637,perlu_cek_manual,O_3408.jpg,Organic,ok
1.0,0.194,0.948,0.366,0.621,perlu_cek_manual,O_3410.jpg,Organic,ok
0.475,0.388,0.624,0.465,0.477,perlu_cek_manual,O_3411.jpg,Organic,ok
1.0,0.169,0.954,0.351,0.612,perlu_cek_manual,O_3415.jpg,Organic,ok
0.2,0.297,0.803,0.292,0.368,perlu_cek_manual,O_3417.jpg,Organic,ok
0.331,0.2,0.454,0.548,0.36,perlu_cek_manual,O_3419.jpg,Organic,ok
0.544,0.162,0.312,0.578,0.39,perlu_cek_manual,O_3423.jpg,Organic,ok
0.354,0.543,0.903,0.383,0.526,perlu_cek_manual,O_3424.jpg,Organic,ok
1.0,0.17,0.789,0.34,0.577,perlu_cek_manual,O_3426.jpg,Organic,ok
0.255,0.101,0.83,0.474,0.367,perlu_cek_manual,O_3427.jpg,Organic,ok
0.773,0.404,0.65,0.255,0.534,perlu_cek_manual,O_3429.jpg,Organic,ok
0.305,0.0,0.896,0.422,0.355,perlu_cek_manual,O_343.jpg,Organic,ok
1.0,0.506,0.837,0.0,0.619,perlu_cek_manual,O_3432.jpg,Organic,ok
0.351,0.367,0.415,0.594,0.417,perlu_cek_manual,O_3436.jpg,Organic,ok
0.392,0.425,0.817,0.412,0.491,perlu_cek_manual,O_3440.jpg,Organic,ok
0.919,0.547,0.957,0.0,0.631,perlu_cek_manual,O_3443.jpg,Organic,ok
0.731,0.658,0.968,0.003,0.611,perlu_cek_manual,O_3450.jpg,Organic,ok
0.858,0.345,0.954,0.386,0.629,perlu_cek_manual,O_3455.jpg,Organic,ok
0.163,0.208,0.771,0.466,0.359,perlu_cek_manual,O_3459.jpg,Organic,ok
1.0,0.136,0.543,0.584,0.566,perlu_cek_manual,O_3466.jpg,Organic,ok
0.885,0.439,0.939,0.309,0.647,perlu_cek_manual,O_3468.jpg,Organic,ok
0.513,0.53,0.936,0.414,0.583,perlu_cek_manual,O_3471.jpg,Organic,ok
0.559,0.32,0.906,0.54,0.553,perlu_cek_manual,O_3473.jpg,Organic,ok
0.633,0.357,0.745,0.567,0.559,perlu_cek_manual,O_3476.jpg,Organic,ok
0.455,0.199,0.872,0.636,0.498,perlu_cek_manual,O_348.jpg,Organic,ok
0.449,0.484,0.74,0.488,0.525,perlu_cek_manual,O_3485.jpg,Organic,ok
0.149,1.0,0.42,0.454,0.519,perlu_cek_manual,O_3489.jpg,Organic,ok
0.497,0.482,0.793,0.351,0.522,perlu_cek_manual,O_3490.jpg,Organic,ok
0.455,0.386,0.837,0.0,0.42,perlu_cek_manual,O_3491.jpg,Organic,ok
0.445,0.269,0.482,0.503,0.411,perlu_cek_manual,O_3495.jpg,Organic,ok
0.939,0.441,0.674,0.486,0.646,perlu_cek_manual,O_3497.jpg,Organic,ok
0.444,0.495,0.942,0.475,0.565,perlu_cek_manual,O_3499.jpg,Organic,ok
0.765,0.332,0.544,0.627,0.563,perlu_cek_manual,O_35.jpg,Organic,ok
0.523,0.266,0.56,0.24,0.397,perlu_cek_manual,O_350.jpg,Organic,ok
0.786,0.318,0.959,0.235,0.57,perlu_cek_manual,O_3502.jpg,Organic,ok
0.674,0.459,0.886,0.346,0.586,perlu_cek_manual,O_3503.jpg,Organic,ok
0.439,0.146,0.805,0.43,0.422,perlu_cek_manual,O_3505.jpg,Organic,ok
0.699,0.315,0.952,0.537,0.602,perlu_cek_manual,O_351.jpg,Organic,ok
0.781,0.317,0.971,0.48,0.62,perlu_cek_manual,O_3514.jpg,Organic,ok
0.452,0.198,0.801,0.491,0.453,perlu_cek_manual,O_3516.jpg,Organic,ok
0.463,0.549,0.912,0.657,0.617,perlu_cek_manual,O_3518.jpg,Organic,ok
0.091,1.0,0.433,0.558,0.525,perlu_cek_manual,O_352.jpg,Organic,ok
0.996,0.488,1.0,0.0,0.645,perlu_cek_manual,O_3520.jpg,Organic,ok
0.7,0.48,0.955,0.453,0.636,perlu_cek_manual,O_3522.jpg,Organic,ok
0.844,0.397,0.478,0.608,0.59,perlu_cek_manual,O_3523.jpg,Organic,ok
0.303,0.614,0.412,0.57,0.472,perlu_cek_manual,O_3526.jpg,Organic,ok
0.453,0.213,0.405,0.527,0.386,perlu_cek_manual,O_3532.jpg,Organic,ok
1.0,0.479,0.745,0.284,0.649,perlu_cek_manual,O_3546.jpg,Organic,ok
0.667,0.436,0.937,0.387,0.596,perlu_cek_manual,O_3548.jpg,Organic,ok
0.623,0.55,0.831,0.296,0.577,perlu_cek_manual,O_3552.jpg,Organic,ok
0.792,0.551,0.877,0.314,0.641,perlu_cek_manual,O_356.jpg,Organic,ok
0.656,0.716,0.966,0.0,0.605,perlu_cek_manual,O_3563.jpg,Organic,ok
0.855,0.675,0.822,0.083,0.64,perlu_cek_manual,O_3564.jpg,Organic,ok
0.26,0.0,0.898,0.512,0.36,perlu_cek_manual,O_3568.jpg,Organic,ok
0.392,0.534,0.957,0.395,0.548,perlu_cek_manual,O_3572.jpg,Organic,ok
0.669,0.069,0.955,0.355,0.483,perlu_cek_manual,O_3573.jpg,Organic,ok
0.926,0.0,0.951,0.569,0.582,perlu_cek_manual,O_3574.jpg,Organic,ok
0.779,0.342,0.715,0.61,0.602,perlu_cek_manual,O_3578.jpg,Organic,ok
1.0,0.366,0.903,0.113,0.613,perlu_cek_manual,O_358.jpg,Organic,ok
1.0,0.415,0.916,0.002,0.608,perlu_cek_manual,O_3580.jpg,Organic,ok
0.281,0.174,0.809,0.461,0.39,perlu_cek_manual,O_3582.jpg,Organic,ok
0.623,0.339,0.408,0.326,0.435,perlu_cek_manual,O_3584.jpg,Organic,ok
0.745,0.0,0.899,0.463,0.496,perlu_cek_manual,O_3585.jpg,Organic,ok
0.437,0.618,0.718,0.384,0.537,perlu_cek_manual,O_3590.jpg,Organic,ok
0.55,0.0,0.946,0.352,0.425,perlu_cek_manual,O_3594.jpg,Organic,ok
0.461,0.311,0.922,0.531,0.522,perlu_cek_manual,O_3595.jpg,Organic,ok
0.872,0.563,0.591,0.431,0.635,perlu_cek_manual,O_360.jpg,Organic,ok
0.3,0.412,0.877,0.447,0.478,perlu_cek_manual,O_3609.jpg,Organic,ok
0.713,0.376,0.974,0.418,0.605,perlu_cek_manual,O_3610.jpg,Organic,ok
1.0,0.324,0.567,0.469,0.604,perlu_cek_manual,O_3619.jpg,Organic,ok
0.711,0.277,0.955,0.247,0.537,perlu_cek_manual,O_362.jpg,Organic,ok
0.315,0.313,0.865,0.398,0.441,perlu_cek_manual,O_3622.jpg,Organic,ok
0.681,0.394,0.906,0.464,0.597,perlu_cek_manual,O_3629.jpg,Organic,ok
0.344,0.851,0.524,0.416,0.546,perlu_cek_manual,O_3630.jpg,Organic,ok
0.741,0.603,0.73,0.432,0.636,perlu_cek_manual,O_3632.jpg,Organic,ok
0.411,0.0,0.895,0.464,0.395,perlu_cek_manual,O_3637.jpg,Organic,ok
0.329,0.052,0.848,0.419,0.368,perlu_cek_manual,O_3638.jpg,Organic,ok
0.526,0.601,0.925,0.513,0.625,perlu_cek_manual,O_3639.jpg,Organic,ok
1.0,0.0,0.957,0.43,0.577,perlu_cek_manual,O_3642.jpg,Organic,ok
0.725,0.433,0.915,0.357,0.602,perlu_cek_manual,O_3645.jpg,Organic,ok
0.016,1.0,0.201,0.31,0.407,perlu_cek_manual,O_3655.jpg,Organic,ok
0.315,0.388,0.907,0.499,0.492,perlu_cek_manual,O_3659.jpg,Organic,ok
0.468,0.527,0.898,0.4,0.558,perlu_cek_manual,O_366.jpg,Organic,ok
0.346,0.617,0.921,0.042,0.482,perlu_cek_manual,O_3664.jpg,Organic,ok
0.343,0.311,0.839,0.515,0.467,perlu_cek_manual,O_3667.jpg,Organic,ok
0.661,0.498,0.966,0.398,0.621,perlu_cek_manual,O_3668.jpg,Organic,ok
0.833,0.293,0.964,0.213,0.573,perlu_cek_manual,O_3669.jpg,Organic,ok
0.787,0.388,0.827,0.314,0.581,perlu_cek_manual,O_3671.jpg,Organic,ok
0.531,0.354,0.608,0.449,0.477,perlu_cek_manual,O_3676.jpg,Organic,ok
0.971,0.0,0.982,0.56,0.6,perlu_cek_manual,O_3682.jpg,Organic,ok
0.711,0.643,0.95,0.25,0.646,perlu_cek_manual,O_3686.jpg,Organic,ok
0.892,0.36,0.967,0.4,0.649,perlu_cek_manual,O_3691.jpg,Organic,ok
0.337,0.911,0.927,0.239,0.608,perlu_cek_manual,O_3694.jpg,Organic,ok
0.549,0.212,0.905,0.244,0.458,perlu_cek_manual,O_3701.jpg,Organic,ok
0.557,0.104,0.848,0.632,0.494,perlu_cek_manual,O_3703.jpg,Organic,ok
0.187,1.0,0.309,0.457,0.509,perlu_cek_manual,O_371.jpg,Organic,ok
0.48,0.544,0.744,0.457,0.548,perlu_cek_manual,O_3710.jpg,Organic,ok
0.766,0.406,0.742,0.42,0.584,perlu_cek_manual,O_3712.jpg,Organic,ok
0.391,0.213,0.912,0.528,0.469,perlu_cek_manual,O_3715.jpg,Organic,ok
0.163,0.542,0.354,0.477,0.378,perlu_cek_manual,O_3716.jpg,Organic,ok
0.752,0.614,0.958,0.154,0.632,perlu_cek_manual,O_3718.jpg,Organic,ok
0.645,0.565,0.957,0.459,0.646,perlu_cek_manual,O_3723.jpg,Organic,ok
0.566,0.45,0.953,0.351,0.566,perlu_cek_manual,O_3729.jpg,Organic,ok
0.404,0.307,0.924,0.309,0.46,perlu_cek_manual,O_3730.jpg,Organic,ok
0.629,0.582,0.936,0.228,0.597,perlu_cek_manual,O_3735.jpg,Organic,ok
0.88,0.279,0.955,0.402,0.619,perlu_cek_manual,O_3745.jpg,Organic,ok
0.576,0.391,1.0,0.497,0.589,perlu_cek_manual,O_3746.jpg,Organic,ok
0.626,0.326,0.926,0.017,0.474,perlu_cek_manual,O_3747.jpg,Organic,ok
0.264,0.181,0.865,0.597,0.426,perlu_cek_manual,O_3777.jpg,Organic,ok
0.416,0.153,0.798,0.486,0.428,perlu_cek_manual,O_3781.jpg,Organic,ok
0.329,0.11,0.864,0.401,0.385,perlu_cek_manual,O_3784.jpg,Organic,ok
0.463,0.222,0.621,0.315,0.393,perlu_cek_manual,O_3789.jpg,Organic,ok
0.339,0.353,0.861,0.573,0.495,perlu_cek_manual,O_380.jpg,Organic,ok
0.819,0.627,0.945,0.113,0.645,perlu_cek_manual,O_3802.jpg,Organic,ok
0.684,0.222,0.877,0.416,0.531,perlu_cek_manual,O_3814.jpg,Organic,ok
0.362,0.504,0.521,0.506,0.465,perlu_cek_manual,O_3816.jpg,Organic,ok
0.724,0.47,0.959,0.405,0.631,perlu_cek_manual,O_3818.jpg,Organic,ok
0.808,0.672,0.692,0.251,0.633,perlu_cek_manual,O_382.jpg,Organic,ok
0.246,0.597,0.412,0.583,0.452,perlu_cek_manual,O_3822.jpg,Organic,ok
0.421,0.005,0.9,0.524,0.413,perlu_cek_manual,O_3826.jpg,Organic,ok
0.658,0.65,0.923,0.273,0.632,perlu_cek_manual,O_3830.jpg,Organic,ok
0.451,0.08,0.921,0.493,0.442,perlu_cek_manual,O_3837.jpg,Organic,ok
0.434,0.428,0.897,0.268,0.491,perlu_cek_manual,O_3844.jpg,Organic,ok
0.251,0.144,0.816,0.352,0.352,perlu_cek_manual,O_3846.jpg,Organic,ok
0.606,0.351,0.953,0.525,0.583,perlu_cek_manual,O_3848.jpg,Organic,ok
0.415,0.4,0.827,0.621,0.534,perlu_cek_manual,O_385.jpg,Organic,ok
1.0,0.429,0.994,0.036,0.635,perlu_cek_manual,O_3856.jpg,Organic,ok
0.779,0.254,0.946,0.338,0.567,perlu_cek_manual,O_3859.jpg,Organic,ok
0.346,0.545,0.925,0.372,0.527,perlu_cek_manual,O_3864.jpg,Organic,ok
0.49,0.347,0.856,0.474,0.517,perlu_cek_manual,O_3866.jpg,Organic,ok
0.531,0.18,0.921,0.509,0.499,perlu_cek_manual,O_3873.jpg,Organic,ok
1.0,0.113,0.923,0.414,0.601,perlu_cek_manual,O_3876.jpg,Organic,ok
0.583,0.383,0.872,0.397,0.544,perlu_cek_manual,O_3880.jpg,Organic,ok
0.704,0.346,0.881,0.466,0.584,perlu_cek_manual,O_3882.jpg,Organic,ok
0.875,0.415,0.695,0.409,0.608,perlu_cek_manual,O_3885.jpg,Organic,ok
0.471,0.073,0.963,0.29,0.414,perlu_cek_manual,O_3886.jpg,Organic,ok
0.697,0.383,0.943,0.337,0.58,perlu_cek_manual,O_3887.jpg,Organic,ok
0.525,0.256,0.833,0.536,0.508,perlu_cek_manual,O_3888.jpg,Organic,ok
0.71,0.428,0.96,0.426,0.619,perlu_cek_manual,O_3891.jpg,Organic,ok
0.478,0.466,0.933,0.523,0.575,perlu_cek_manual,O_3892.jpg,Organic,ok
0.33,0.214,0.904,0.468,0.438,perlu_cek_manual,O_3895.jpg,Organic,ok
0.836,0.179,0.952,0.294,0.554,perlu_cek_manual,O_3900.jpg,Organic,ok
0.353,0.323,0.853,0.378,0.449,perlu_cek_manual,O_3903.jpg,Organic,ok
0.524,0.344,0.854,0.429,0.517,perlu_cek_manual,O_3905.jpg,Organic,ok
0.294,0.399,0.45,0.493,0.396,perlu_cek_manual,O_3907.jpg,Organic,ok
1.0,0.304,0.912,0.32,0.637,perlu_cek_manual,O_3916.jpg,Organic,ok
0.75,0.558,0.959,0.264,0.637,perlu_cek_manual,O_3917.jpg,Organic,ok
1.0,0.314,1.0,0.176,0.629,perlu_cek_manual,O_3919.jpg,Organic,ok
0.715,0.462,0.967,0.438,0.634,perlu_cek_manual,O_3920.jpg,Organic,ok
0.882,0.314,0.723,0.353,0.574,perlu_cek_manual,O_3921.jpg,Organic,ok
0.643,0.325,0.945,0.241,0.528,perlu_cek_manual,O_3923.jpg,Organic,ok
0.351,0.632,0.817,0.318,0.522,perlu_cek_manual,O_3925.jpg,Organic,ok
0.739,0.413,0.922,0.365,0.603,perlu_cek_manual,O_3931.jpg,Organic,ok
0.506,0.165,0.893,0.292,0.438,perlu_cek_manual,O_3935.jpg,Organic,ok
0.845,0.175,0.969,0.278,0.555,perlu_cek_manual,O_3936.jpg,Organic,ok
0.697,0.66,0.95,0.088,0.615,perlu_cek_manual,O_3938.jpg,Organic,ok
0.792,0.342,0.9,0.588,0.638,perlu_cek_manual,O_3941.jpg,Organic,ok
0.448,0.335,0.901,0.531,0.521,perlu_cek_manual,O_3947.jpg,Organic,ok
0.506,0.423,0.83,0.257,0.496,perlu_cek_manual,O_3949.jpg,Organic,ok
0.616,0.202,0.426,0.375,0.405,perlu_cek_manual,O_3952.jpg,Organic,ok
0.437,0.422,0.831,0.418,0.507,perlu_cek_manual,O_3957.jpg,Organic,ok
0.361,0.256,0.892,0.345,0.432,perlu_cek_manual,O_3958.jpg,Organic,ok
0.267,0.173,0.848,0.424,0.386,perlu_cek_manual,O_3961.jpg,Organic,ok
0.505,0.265,0.935,0.38,0.494,perlu_cek_manual,O_3964.jpg,Organic,ok
1.0,0.05,1.0,0.327,0.58,perlu_cek_manual,O_3965.jpg,Organic,ok
1.0,0.474,0.9,0.12,0.646,perlu_cek_manual,O_3966.jpg,Organic,ok
0.844,0.244,0.931,0.325,0.578,perlu_cek_manual,O_3974.jpg,Organic,ok
0.851,0.626,0.883,0.15,0.65,perlu_cek_manual,O_3978.jpg,Organic,ok
0.316,0.336,0.662,0.387,0.405,perlu_cek_manual,O_398.jpg,Organic,ok
0.878,0.0,0.986,0.475,0.556,perlu_cek_manual,O_3981.jpg,Organic,ok
0.59,0.483,0.931,0.301,0.568,perlu_cek_manual,O_3982.jpg,Organic,ok
0.782,0.457,0.895,0.448,0.64,perlu_cek_manual,O_3983.jpg,Organic,ok
0.59,0.378,0.91,0.371,0.547,perlu_cek_manual,O_3992.jpg,Organic,ok
0.685,0.531,0.765,0.547,0.627,perlu_cek_manual,O_3995.jpg,Organic,ok
0.977,0.544,0.969,0.0,0.65,perlu_cek_manual,O_4002.jpg,Organic,ok
0.888,0.217,0.94,0.554,0.63,perlu_cek_manual,O_4004.jpg,Organic,ok
0.125,0.554,0.576,0.513,0.421,perlu_cek_manual,O_4005.jpg,Organic,ok
0.575,0.364,0.92,0.218,0.509,perlu_cek_manual,O_4013.jpg,Organic,ok
0.728,0.29,0.942,0.15,0.524,perlu_cek_manual,O_4014.jpg,Organic,ok
1.0,0.299,0.853,0.288,0.618,perlu_cek_manual,O_4016.jpg,Organic,ok
0.508,0.374,0.907,0.594,0.565,perlu_cek_manual,O_4024.jpg,Organic,ok
0.906,0.0,0.972,0.542,0.575,perlu_cek_manual,O_4030.jpg,Organic,ok
0.807,0.612,0.927,0.034,0.618,perlu_cek_manual,O_4041.jpg,Organic,ok
0.275,0.249,0.5,0.618,0.381,perlu_cek_manual,O_4048.jpg,Organic,ok
0.726,0.067,0.925,0.386,0.5,perlu_cek_manual,O_4058.jpg,Organic,ok
0.898,0.392,0.593,0.566,0.619,perlu_cek_manual,O_4060.jpg,Organic,ok
0.445,0.029,0.776,0.53,0.403,perlu_cek_manual,O_4061.jpg,Organic,ok
0.553,0.178,0.883,0.496,0.495,perlu_cek_manual,O_4062.jpg,Organic,ok
0.691,0.41,0.731,0.563,0.589,perlu_cek_manual,O_4063.jpg,Organic,ok
0.893,0.229,0.86,0.442,0.597,perlu_cek_manual,O_4070.jpg,Organic,ok
0.722,0.446,0.951,0.479,0.636,perlu_cek_manual,O_4076.jpg,Organic,ok
0.26,0.778,0.853,0.386,0.559,perlu_cek_manual,O_408.jpg,Organic,ok
0.325,0.266,0.339,0.579,0.361,perlu_cek_manual,O_4082.jpg,Organic,ok
1.0,0.531,0.882,0.003,0.636,perlu_cek_manual,O_4087.jpg,Organic,ok
0.598,0.314,0.889,0.615,0.574,perlu_cek_manual,O_4094.jpg,Organic,ok
1.0,0.245,0.561,0.311,0.548,perlu_cek_manual,O_4095.jpg,Organic,ok
0.76,0.288,0.885,0.663,0.624,perlu_cek_manual,O_4096.jpg,Organic,ok
0.287,0.454,0.382,0.423,0.383,perlu_cek_manual,O_410.jpg,Organic,ok
0.512,0.6,0.935,0.415,0.604,perlu_cek_manual,O_4100.jpg,Organic,ok
0.619,0.352,0.627,0.263,0.47,perlu_cek_manual,O_4102.jpg,Organic,ok
1.0,0.229,0.971,0.361,0.635,perlu_cek_manual,O_4109.jpg,Organic,ok
0.792,0.576,0.854,0.203,0.622,perlu_cek_manual,O_4114.jpg,Organic,ok
0.854,0.501,0.969,0.037,0.608,perlu_cek_manual,O_4119.jpg,Organic,ok
0.546,0.408,0.57,0.508,0.502,perlu_cek_manual,O_4125.jpg,Organic,ok
0.689,0.538,0.984,0.421,0.649,perlu_cek_manual,O_4131.jpg,Organic,ok
0.608,0.323,0.874,0.32,0.518,perlu_cek_manual,O_4136.jpg,Organic,ok
0.752,0.465,0.955,0.222,0.601,perlu_cek_manual,O_4137.jpg,Organic,ok
0.388,0.102,0.838,0.451,0.405,perlu_cek_manual,O_4139.jpg,Organic,ok
0.459,0.701,0.888,0.385,0.603,perlu_cek_manual,O_4140.jpg,Organic,ok
0.6,0.446,0.861,0.469,0.58,perlu_cek_manual,O_4141.jpg,Organic,ok
0.647,0.463,0.798,0.547,0.602,perlu_cek_manual,O_4143.jpg,Organic,ok
0.702,0.146,0.462,0.555,0.458,perlu_cek_manual,O_4147.jpg,Organic,ok
0.746,0.328,0.856,0.444,0.582,perlu_cek_manual,O_4149.jpg,Organic,ok
0.766,0.644,0.994,0.079,0.638,perlu_cek_manual,O_4151.jpg,Organic,ok
1.0,0.218,0.996,0.391,0.643,perlu_cek_manual,O_4153.jpg,Organic,ok
0.653,0.103,0.964,0.186,0.457,perlu_cek_manual,O_4158.jpg,Organic,ok
0.662,0.0,0.722,0.479,0.439,perlu_cek_manual,O_4161.jpg,Organic,ok
0.518,0.0,0.854,0.407,0.408,perlu_cek_manual,O_4167.jpg,Organic,ok
0.388,0.215,0.378,0.585,0.374,perlu_cek_manual,O_4171.jpg,Organic,ok
0.415,0.167,0.799,0.454,0.425,perlu_cek_manual,O_4179.jpg,Organic,ok
0.29,0.159,0.757,0.5,0.386,perlu_cek_manual,O_4180.jpg,Organic,ok
0.698,0.543,0.947,0.354,0.632,perlu_cek_manual,O_4184.jpg,Organic,ok
1.0,0.454,0.964,0.0,0.629,perlu_cek_manual,O_4189.jpg,Organic,ok
0.637,0.16,0.866,0.338,0.48,perlu_cek_manual,O_4191.jpg,Organic,ok
0.321,0.217,0.891,0.543,0.448,perlu_cek_manual,O_4197.jpg,Organic,ok
0.628,0.519,0.928,0.508,0.631,perlu_cek_manual,O_4203.jpg,Organic,ok
0.458,0.46,0.925,0.509,0.562,perlu_cek_manual,O_4204.jpg,Organic,ok
0.243,0.238,0.749,0.38,0.37,perlu_cek_manual,O_4217.jpg,Organic,ok
0.773,0.217,0.897,0.6,0.596,perlu_cek_manual,O_4221.jpg,Organic,ok
0.736,0.463,0.62,0.4,0.564,perlu_cek_manual,O_4224.jpg,Organic,ok
0.343,0.283,0.509,0.464,0.382,perlu_cek_manual,O_4231.jpg,Organic,ok
0.792,0.235,0.942,0.492,0.595,perlu_cek_manual,O_4233.jpg,Organic,ok
0.606,0.871,0.969,0.0,0.637,perlu_cek_manual,O_4236.jpg,Organic,ok
0.607,0.668,0.934,0.383,0.646,perlu_cek_manual,O_4246.jpg,Organic,ok
1.0,0.359,0.646,0.504,0.638,perlu_cek_manual,O_4254.jpg,Organic,ok
0.748,0.392,0.652,0.482,0.569,perlu_cek_manual,O_4255.jpg,Organic,ok
1.0,0.269,0.973,0.196,0.614,perlu_cek_manual,O_426.jpg,Organic,ok
0.359,0.291,0.826,0.629,0.486,perlu_cek_manual,O_4261.jpg,Organic,ok
1.0,0.216,0.965,0.221,0.602,perlu_cek_manual,O_4269.jpg,Organic,ok
0.547,0.177,0.935,0.5,0.504,perlu_cek_manual,O_4271.jpg,Organic,ok
0.197,0.223,0.732,0.57,0.386,perlu_cek_manual,O_4274.jpg,Organic,ok
0.665,0.447,0.56,0.472,0.54,perlu_cek_manual,O_4278.jpg,Organic,ok
0.518,0.542,0.916,0.454,0.592,perlu_cek_manual,O_4286.jpg,Organic,ok
1.0,0.102,1.0,0.151,0.561,perlu_cek_manual,O_4290.jpg,Organic,ok
0.481,0.217,0.412,0.633,0.419,perlu_cek_manual,O_4295.jpg,Organic,ok
0.588,0.575,0.922,0.229,0.579,perlu_cek_manual,O_4297.jpg,Organic,ok
0.298,0.299,0.801,0.467,0.432,perlu_cek_manual,O_4302.jpg,Organic,ok
0.711,0.626,0.901,0.162,0.614,perlu_cek_manual,O_4303.jpg,Organic,ok
0.311,0.278,0.486,0.465,0.367,perlu_cek_manual,O_4306.jpg,Organic,ok
0.844,0.539,0.913,0.189,0.635,perlu_cek_manual,O_4307.jpg,Organic,ok
0.615,0.723,0.952,0.185,0.629,perlu_cek_manual,O_4313.jpg,Organic,ok
0.485,0.439,0.612,0.452,0.49,perlu_cek_manual,O_4315.jpg,Organic,ok
0.469,0.953,0.953,0.119,0.641,perlu_cek_manual,O_433.jpg,Organic,ok
0.473,0.117,0.933,0.539,0.472,perlu_cek_manual,O_4332.jpg,Organic,ok
0.382,0.237,0.355,0.474,0.352,perlu_cek_manual,O_4334.jpg,Organic,ok
0.71,0.429,0.802,0.499,0.602,perlu_cek_manual,O_4339.jpg,Organic,ok
0.359,0.315,0.902,0.343,0.451,perlu_cek_manual,O_4346.jpg,Organic,ok
1.0,0.219,0.861,0.504,0.639,perlu_cek_manual,O_4347.jpg,Organic,ok
0.603,0.726,0.941,0.193,0.626,perlu_cek_manual,O_4349.jpg,Organic,ok
0.665,0.263,0.933,0.473,0.56,perlu_cek_manual,O_4351.jpg,Organic,ok
0.663,0.246,0.963,0.46,0.557,perlu_cek_manual,O_4352.jpg,Organic,ok
0.31,0.734,0.886,0.529,0.596,perlu_cek_manual,O_4356.jpg,Organic,ok
0.528,0.055,0.912,0.466,0.451,perlu_cek_manual,O_4357.jpg,Organic,ok
1.0,0.326,0.588,0.49,0.613,perlu_cek_manual,O_4359.jpg,Organic,ok
0.911,0.524,0.953,0.0,0.621,perlu_cek_manual,O_4360.jpg,Organic,ok
1.0,0.0,1.0,0.37,0.574,perlu_cek_manual,O_4361.jpg,Organic,ok
0.259,0.156,0.737,0.477,0.367,perlu_cek_manual,O_4362.jpg,Organic,ok
0.605,0.291,0.506,0.563,0.483,perlu_cek_manual,O_4366.jpg,Organic,ok
1.0,0.0,0.618,0.503,0.524,perlu_cek_manual,O_437.jpg,Organic,ok
0.435,0.325,0.877,0.474,0.498,perlu_cek_manual,O_4374.jpg,Organic,ok
0.295,0.976,0.548,0.426,0.576,perlu_cek_manual,O_4377.jpg,Organic,ok
0.668,0.517,0.955,0.447,0.636,perlu_cek_manual,O_4382.jpg,Organic,ok
0.97,0.328,0.717,0.358,0.605,perlu_cek_manual,O_4383.jpg,Organic,ok
0.328,0.501,0.786,0.24,0.454,perlu_cek_manual,O_439.jpg,Organic,ok
0.628,0.327,0.938,0.613,0.597,perlu_cek_manual,O_4399.jpg,Organic,ok
0.26,0.327,0.822,0.267,0.394,perlu_cek_manual,O_440.jpg,Organic,ok
0.394,0.175,0.89,0.235,0.396,perlu_cek_manual,O_4400.jpg,Organic,ok
0.262,0.441,0.371,0.461,0.377,perlu_cek_manual,O_4401.jpg,Organic,ok
0.598,0.318,0.943,0.498,0.563,perlu_cek_manual,O_4406.jpg,Organic,ok
0.435,0.096,0.623,0.593,0.402,perlu_cek_manual,O_4409.jpg,Organic,ok
0.556,0.192,0.804,0.428,0.471,perlu_cek_manual,O_4414.jpg,Organic,ok
0.483,0.386,0.912,0.547,0.553,perlu_cek_manual,O_4418.jpg,Organic,ok
0.355,0.404,0.47,0.559,0.434,perlu_cek_manual,O_4419.jpg,Organic,ok
0.568,0.833,0.769,0.184,0.611,perlu_cek_manual,O_442.jpg,Organic,ok
1.0,0.241,0.893,0.41,0.633,perlu_cek_manual,O_4423.jpg,Organic,ok
0.459,0.4,0.733,0.553,0.515,perlu_cek_manual,O_4424.jpg,Organic,ok
0.618,0.498,0.858,0.374,0.581,perlu_cek_manual,O_4428.jpg,Organic,ok
0.571,0.229,0.893,0.523,0.523,perlu_cek_manual,O_4431.jpg,Organic,ok
0.763,0.463,0.918,0.483,0.648,perlu_cek_manual,O_4433.jpg,Organic,ok
0.983,0.485,0.994,0.0,0.639,perlu_cek_manual,O_4435.jpg,Organic,ok
0.76,0.471,0.927,0.354,0.625,perlu_cek_manual,O_4438.jpg,Organic,ok
0.849,0.485,0.976,0.064,0.608,perlu_cek_manual,O_4443.jpg,Organic,ok
0.522,0.481,0.858,0.388,0.55,perlu_cek_manual,O_4444.jpg,Organic,ok
0.592,0.237,0.908,0.41,0.512,perlu_cek_manual,O_4445.jpg,Organic,ok
0.759,0.366,0.909,0.443,0.608,perlu_cek_manual,O_4459.jpg,Organic,ok
0.707,0.67,0.918,0.192,0.635,perlu_cek_manual,O_4472.jpg,Organic,ok
1.0,0.25,0.559,0.388,0.564,perlu_cek_manual,O_4473.jpg,Organic,ok
0.378,0.61,0.661,0.302,0.489,perlu_cek_manual,O_4474.jpg,Organic,ok
0.424,0.336,0.864,0.476,0.496,perlu_cek_manual,O_4475.jpg,Organic,ok
0.499,0.355,0.831,0.462,0.515,perlu_cek_manual,O_4477.jpg,Organic,ok
0.841,0.0,0.97,0.48,0.542,perlu_cek_manual,O_4478.jpg,Organic,ok
0.308,0.189,0.85,0.346,0.388,perlu_cek_manual,O_4479.jpg,Organic,ok
0.765,0.361,0.949,0.278,0.583,perlu_cek_manual,O_448.jpg,Organic,ok
0.465,0.481,0.4,0.503,0.464,perlu_cek_manual,O_4481.jpg,Organic,ok
0.478,0.224,0.482,0.385,0.384,perlu_cek_manual,O_4485.jpg,Organic,ok
0.727,0.3,0.966,0.616,0.625,perlu_cek_manual,O_4492.jpg,Organic,ok
0.346,0.292,0.894,0.425,0.455,perlu_cek_manual,O_4495.jpg,Organic,ok
0.228,0.1,0.835,0.468,0.359,perlu_cek_manual,O_4498.jpg,Organic,ok
0.944,0.406,0.966,0.229,0.644,perlu_cek_manual,O_4510.jpg,Organic,ok
0.748,0.286,0.962,0.38,0.578,perlu_cek_manual,O_4513.jpg,Organic,ok
0.461,0.254,0.856,0.437,0.473,perlu_cek_manual,O_4514.jpg,Organic,ok
0.391,0.363,0.647,0.394,0.435,perlu_cek_manual,O_4516.jpg,Organic,ok
0.326,0.209,0.855,0.255,0.382,perlu_cek_manual,O_4518.jpg,Organic,ok
0.586,0.439,0.877,0.366,0.556,perlu_cek_manual,O_452.jpg,Organic,ok
0.669,0.594,0.961,0.008,0.573,perlu_cek_manual,O_4520.jpg,Organic,ok
0.67,0.164,0.955,0.294,0.5,perlu_cek_manual,O_4523.jpg,Organic,ok
0.498,0.0,0.88,0.482,0.422,perlu_cek_manual,O_4524.jpg,Organic,ok
0.475,0.564,0.897,0.415,0.574,perlu_cek_manual,O_4525.jpg,Organic,ok
0.69,0.074,0.913,0.519,0.515,perlu_cek_manual,O_4527.jpg,Organic,ok
0.463,0.452,0.715,0.452,0.508,perlu_cek_manual,O_4535.jpg,Organic,ok
0.384,0.394,0.868,0.55,0.517,perlu_cek_manual,O_4539.jpg,Organic,ok
0.77,0.071,0.935,0.516,0.543,perlu_cek_manual,O_4545.jpg,Organic,ok
0.38,0.251,0.249,0.574,0.354,perlu_cek_manual,O_4546.jpg,Organic,ok
0.091,0.378,0.716,0.377,0.359,perlu_cek_manual,O_4557.jpg,Organic,ok
0.57,0.322,0.496,0.501,0.467,perlu_cek_manual,O_4558.jpg,Organic,ok
0.432,0.364,0.397,0.516,0.422,perlu_cek_manual,O_4562.jpg,Organic,ok
0.678,0.471,0.967,0.127,0.563,perlu_cek_manual,O_4564.jpg,Organic,ok
0.812,0.562,0.685,0.339,0.617,perlu_cek_manual,O_4567.jpg,Organic,ok
0.396,0.317,0.885,0.279,0.447,perlu_cek_manual,O_4568.jpg,Organic,ok
0.801,0.213,0.985,0.179,0.537,perlu_cek_manual,O_4569.jpg,Organic,ok
0.643,0.504,0.848,0.381,0.59,perlu_cek_manual,O_457.jpg,Organic,ok
0.333,0.626,0.351,0.373,0.432,perlu_cek_manual,O_4571.jpg,Organic,ok
0.513,0.524,0.84,0.36,0.551,perlu_cek_manual,O_4572.jpg,Organic,ok
0.709,0.626,0.47,0.268,0.548,perlu_cek_manual,O_4574.jpg,Organic,ok
1.0,0.249,0.966,0.253,0.618,perlu_cek_manual,O_4575.jpg,Organic,ok
1.0,0.065,0.712,0.385,0.539,perlu_cek_manual,O_458.jpg,Organic,ok
0.41,0.216,0.76,0.386,0.417,perlu_cek_manual,O_4582.jpg,Organic,ok
0.523,0.468,0.928,0.309,0.545,perlu_cek_manual,O_4584.jpg,Organic,ok
0.66,0.455,0.965,0.375,0.603,perlu_cek_manual,O_4585.jpg,Organic,ok
0.525,0.533,0.909,0.549,0.609,perlu_cek_manual,O_4586.jpg,Organic,ok
0.506,0.116,0.812,0.428,0.434,perlu_cek_manual,O_4588.jpg,Organic,ok
0.53,0.39,0.93,0.571,0.576,perlu_cek_manual,O_459.jpg,Organic,ok
0.726,0.248,0.947,0.517,0.585,perlu_cek_manual,O_4593.jpg,Organic,ok
0.551,0.289,0.421,0.507,0.437,perlu_cek_manual,O_4594.jpg,Organic,ok
1.0,0.076,0.28,0.337,0.446,perlu_cek_manual,O_4595.jpg,Organic,ok
1.0,0.256,0.921,0.42,0.645,perlu_cek_manual,O_4600.jpg,Organic,ok
0.686,0.607,1.0,0.286,0.645,perlu_cek_manual,O_4601.jpg,Organic,ok
0.699,0.499,0.474,0.485,0.551,perlu_cek_manual,O_4607.jpg,Organic,ok
0.899,0.147,0.968,0.328,0.573,perlu_cek_manual,O_4608.jpg,Organic,ok
1.0,0.365,0.552,0.492,0.618,perlu_cek_manual,O_4612.jpg,Organic,ok
0.237,0.242,0.844,0.494,0.411,perlu_cek_manual,O_4613.jpg,Organic,ok
0.358,0.181,0.758,0.367,0.387,perlu_cek_manual,O_4614.jpg,Organic,ok
0.616,0.205,0.494,0.276,0.4,perlu_cek_manual,O_4621.jpg,Organic,ok
0.877,0.0,0.865,0.487,0.533,perlu_cek_manual,O_4627.jpg,Organic,ok
0.509,0.271,0.904,0.475,0.51,perlu_cek_manual,O_4630.jpg,Organic,ok
0.621,0.193,0.921,0.386,0.506,perlu_cek_manual,O_4636.jpg,Organic,ok
0.284,0.465,0.878,0.444,0.489,perlu_cek_manual,O_4642.jpg,Organic,ok
0.971,0.518,0.996,0.0,0.646,perlu_cek_manual,O_4647.jpg,Organic,ok
0.598,0.387,0.379,0.34,0.439,perlu_cek_manual,O_4648.jpg,Organic,ok
0.687,0.473,0.971,0.431,0.628,perlu_cek_manual,O_4656.jpg,Organic,ok
0.545,0.383,0.715,0.456,0.512,perlu_cek_manual,O_4659.jpg,Organic,ok
0.78,0.254,0.958,0.167,0.535,perlu_cek_manual,O_4662.jpg,Organic,ok
0.822,0.33,0.977,0.305,0.602,perlu_cek_manual,O_4663.jpg,Organic,ok
0.554,0.234,0.948,0.425,0.511,perlu_cek_manual,O_4664.jpg,Organic,ok
0.439,0.478,0.788,0.36,0.505,perlu_cek_manual,O_4671.jpg,Organic,ok
0.234,0.137,0.805,0.611,0.395,perlu_cek_manual,O_4672.jpg,Organic,ok
0.109,0.365,0.704,0.432,0.369,perlu_cek_manual,O_4674.jpg,Organic,ok
0.592,0.614,0.928,0.25,0.597,perlu_cek_manual,O_4676.jpg,Organic,ok
0.479,0.623,0.929,0.333,0.583,perlu_cek_manual,O_4677.jpg,Organic,ok
0.427,1.0,0.951,0.108,0.64,perlu_cek_manual,O_4681.jpg,Organic,ok
0.577,0.17,0.883,0.212,0.443,perlu_cek_manual,O_4682.jpg,Organic,ok
0.642,0.504,0.902,0.6,0.644,perlu_cek_manual,O_4684.jpg,Organic,ok
1.0,0.581,0.711,0.154,0.647,perlu_cek_manual,O_4687.jpg,Organic,ok
1.0,0.143,1.0,0.327,0.608,perlu_cek_manual,O_4689.jpg,Organic,ok
0.615,0.473,0.768,0.478,0.576,perlu_cek_manual,O_4698.jpg,Organic,ok
0.861,0.493,0.93,0.209,0.634,perlu_cek_manual,O_4699.jpg,Organic,ok
0.204,0.807,0.893,0.671,0.616,perlu_cek_manual,O_4703.jpg,Organic,ok
1.0,0.0,0.971,0.366,0.567,perlu_cek_manual,O_471.jpg,Organic,ok
1.0,0.236,0.945,0.401,0.64,perlu_cek_manual,O_4710.jpg,Organic,ok
0.246,0.507,0.539,0.292,0.392,perlu_cek_manual,O_4713.jpg,Organic,ok
0.907,0.389,0.923,0.343,0.642,perlu_cek_manual,O_4720.jpg,Organic,ok
0.427,0.611,0.916,0.566,0.608,perlu_cek_manual,O_4721.jpg,Organic,ok
0.828,0.365,0.951,0.487,0.646,perlu_cek_manual,O_4722.jpg,Organic,ok
0.368,0.459,0.626,0.244,0.422,perlu_cek_manual,O_4723.jpg,Organic,ok
0.792,0.356,0.806,0.468,0.599,perlu_cek_manual,O_4729.jpg,Organic,ok
0.294,0.284,0.664,0.511,0.408,perlu_cek_manual,O_473.jpg,Organic,ok
0.288,0.29,0.744,0.546,0.432,perlu_cek_manual,O_4735.jpg,Organic,ok
0.644,0.596,0.916,0.406,0.636,perlu_cek_manual,O_4736.jpg,Organic,ok
0.405,0.431,0.814,0.405,0.495,perlu_cek_manual,O_4740.jpg,Organic,ok
0.586,0.41,0.914,0.281,0.538,perlu_cek_manual,O_4748.jpg,Organic,ok
0.348,0.402,0.731,0.596,0.49,perlu_cek_manual,O_4749.jpg,Organic,ok
0.477,0.325,0.457,0.419,0.416,perlu_cek_manual,O_475.jpg,Organic,ok
0.427,0.092,0.79,0.265,0.366,perlu_cek_manual,O_4752.jpg,Organic,ok
0.475,0.156,0.751,0.475,0.435,perlu_cek_manual,O_4753.jpg,Organic,ok
0.574,0.355,0.957,0.227,0.515,perlu_cek_manual,O_4758.jpg,Organic,ok
0.629,0.494,0.939,0.306,0.586,perlu_cek_manual,O_4759.jpg,Organic,ok
0.609,0.621,0.923,0.421,0.638,perlu_cek_manual,O_4767.jpg,Organic,ok
0.623,0.479,0.886,0.494,0.607,perlu_cek_manual,O_4768.jpg,Organic,ok
0.772,0.0,0.956,0.412,0.505,perlu_cek_manual,O_4772.jpg,Organic,ok
0.655,0.477,0.984,0.545,0.645,perlu_cek_manual,O_4779.jpg,Organic,ok
0.693,0.323,0.513,0.6,0.527,perlu_cek_manual,O_478.jpg,Organic,ok
0.74,0.201,0.874,0.618,0.581,perlu_cek_manual,O_4782.jpg,Organic,ok
0.342,0.401,0.48,0.65,0.449,perlu_cek_manual,O_4786.jpg,Organic,ok
1.0,0.39,0.881,0.117,0.617,perlu_cek_manual,O_4788.jpg,Organic,ok
0.339,0.293,0.883,0.383,0.443,perlu_cek_manual,O_4796.jpg,Organic,ok
0.495,0.573,0.91,0.511,0.605,perlu_cek_manual,O_4798.jpg,Organic,ok
1.0,0.39,0.352,0.607,0.609,perlu_cek_manual,O_480.jpg,Organic,ok
0.659,0.31,0.901,0.378,0.547,perlu_cek_manual,O_4801.jpg,Organic,ok
0.584,0.301,0.516,0.35,0.439,perlu_cek_manual,O_4813.jpg,Organic,ok
0.459,0.979,0.317,0.209,0.536,perlu_cek_manual,O_4818.jpg,Organic,ok
0.586,0.704,0.761,0.331,0.606,perlu_cek_manual,O_4828.jpg,Organic,ok
0.56,0.592,0.924,0.563,0.643,perlu_cek_manual,O_483.jpg,Organic,ok
1.0,0.247,0.778,0.353,0.6,perlu_cek_manual,O_4831.jpg,Organic,ok
0.737,0.26,0.925,0.401,0.564,perlu_cek_manual,O_4837.jpg,Organic,ok
1.0,0.218,1.0,0.238,0.613,perlu_cek_manual,O_4839.jpg,Organic,ok
1.0,0.369,0.473,0.468,0.599,perlu_cek_manual,O_484.jpg,Organic,ok
1.0,0.127,1.0,0.275,0.593,perlu_cek_manual,O_4842.jpg,Organic,ok
0.376,0.783,0.86,0.527,0.625,perlu_cek_manual,O_4846.jpg,Organic,ok
0.283,0.107,0.872,0.383,0.368,perlu_cek_manual,O_4848.jpg,Organic,ok
0.635,0.262,0.803,0.505,0.531,perlu_cek_manual,O_4849.jpg,Organic,ok
1.0,0.345,0.953,0.093,0.613,perlu_cek_manual,O_4850.jpg,Organic,ok
0.732,0.253,0.369,0.529,0.475,perlu_cek_manual,O_4851.jpg,Organic,ok
0.61,0.452,0.927,0.448,0.594,perlu_cek_manual,O_4852.jpg,Organic,ok
0.83,0.312,0.737,0.534,0.597,perlu_cek_manual,O_4856.jpg,Organic,ok
0.326,0.546,0.899,0.271,0.496,perlu_cek_manual,O_4857.jpg,Organic,ok
0.313,0.337,0.705,0.509,0.438,perlu_cek_manual,O_4859.jpg,Organic,ok
0.25,0.278,0.852,0.33,0.395,perlu_cek_manual,O_4867.jpg,Organic,ok
0.795,0.367,0.696,0.589,0.606,perlu_cek_manual,O_4870.jpg,Organic,ok
0.563,0.391,0.848,0.536,0.563,perlu_cek_manual,O_4871.jpg,Organic,ok
0.531,0.277,0.908,0.258,0.475,perlu_cek_manual,O_4873.jpg,Organic,ok
0.478,0.442,0.825,0.455,0.532,perlu_cek_manual,O_4874.jpg,Organic,ok
0.329,0.99,0.866,0.294,0.627,perlu_cek_manual,O_4877.jpg,Organic,ok
1.0,0.549,0.58,0.217,0.624,perlu_cek_manual,O_4879.jpg,Organic,ok
0.601,0.071,0.464,0.454,0.385,perlu_cek_manual,O_488.jpg,Organic,ok
0.333,0.453,0.931,0.666,0.555,perlu_cek_manual,O_4880.jpg,Organic,ok
0.642,0.634,0.942,0.102,0.592,perlu_cek_manual,O_4881.jpg,Organic,ok
1.0,0.101,0.849,0.352,0.571,perlu_cek_manual,O_4883.jpg,Organic,ok
0.527,0.112,0.924,0.487,0.474,perlu_cek_manual,O_4885.jpg,Organic,ok
0.368,0.382,0.865,0.268,0.451,perlu_cek_manual,O_4889.jpg,Organic,ok
1.0,0.308,0.414,0.433,0.562,perlu_cek_manual,O_4891.jpg,Organic,ok
1.0,0.206,0.913,0.448,0.634,perlu_cek_manual,O_4899.jpg,Organic,ok
0.297,0.133,0.897,0.424,0.393,perlu_cek_manual,O_4901.jpg,Organic,ok
0.56,0.471,0.949,0.41,0.581,perlu_cek_manual,O_4902.jpg,Organic,ok
0.402,0.21,0.884,0.457,0.452,perlu_cek_manual,O_4907.jpg,Organic,ok
0.704,0.678,0.921,0.047,0.608,perlu_cek_manual,O_4912.jpg,Organic,ok
1.0,0.355,0.943,0.153,0.626,perlu_cek_manual,O_4915.jpg,Organic,ok
0.4,0.358,0.894,0.443,0.495,perlu_cek_manual,O_4916.jpg,Organic,ok
1.0,0.474,0.661,0.241,0.622,perlu_cek_manual,O_4918.jpg,Organic,ok
0.366,0.06,0.868,0.348,0.371,perlu_cek_manual,O_4920.jpg,Organic,ok
0.747,0.679,0.956,0.121,0.643,perlu_cek_manual,O_4921.jpg,Organic,ok
0.802,0.386,0.964,0.474,0.644,perlu_cek_manual,O_4922.jpg,Organic,ok
1.0,0.208,0.986,0.208,0.601,perlu_cek_manual,O_4923.jpg,Organic,ok
0.721,0.671,0.962,0.13,0.636,perlu_cek_manual,O_4929.jpg,Organic,ok
0.527,0.065,0.92,0.582,0.478,perlu_cek_manual,O_4931.jpg,Organic,ok
0.744,0.215,0.935,0.119,0.498,perlu_cek_manual,O_4933.jpg,Organic,ok
0.607,0.625,0.914,0.181,0.589,perlu_cek_manual,O_4934.jpg,Organic,ok
0.791,0.356,0.46,0.385,0.513,perlu_cek_manual,O_4937.jpg,Organic,ok
1.0,0.226,0.9,0.263,0.6,perlu_cek_manual,O_4940.jpg,Organic,ok
0.95,0.345,0.925,0.252,0.624,perlu_cek_manual,O_4944.jpg,Organic,ok
1.0,0.288,0.822,0.447,0.64,perlu_cek_manual,O_4945.jpg,Organic,ok
0.629,0.442,0.865,0.336,0.562,perlu_cek_manual,O_4946.jpg,Organic,ok
0.36,0.35,0.763,0.367,0.439,perlu_cek_manual,O_4949.jpg,Organic,ok
0.464,0.351,0.413,0.398,0.407,perlu_cek_manual,O_4952.jpg,Organic,ok
0.967,0.199,0.954,0.128,0.566,perlu_cek_manual,O_4953.jpg,Organic,ok
0.424,0.033,0.903,0.435,0.405,perlu_cek_manual,O_4955.jpg,Organic,ok
0.572,0.379,0.919,0.34,0.537,perlu_cek_manual,O_4958.jpg,Organic,ok
0.354,0.369,0.922,0.383,0.478,perlu_cek_manual,O_4959.jpg,Organic,ok
0.533,0.353,0.883,0.374,0.517,perlu_cek_manual,O_496.jpg,Organic,ok
0.119,0.393,0.832,0.258,0.372,perlu_cek_manual,O_4961.jpg,Organic,ok
0.431,0.18,0.848,0.341,0.421,perlu_cek_manual,O_4962.jpg,Organic,ok
0.853,0.003,0.926,0.214,0.485,perlu_cek_manual,O_4965.jpg,Organic,ok
0.54,0.112,0.916,0.295,0.437,perlu_cek_manual,O_4966.jpg,Organic,ok
0.457,0.702,0.943,0.554,0.647,perlu_cek_manual,O_4968.jpg,Organic,ok
1.0,0.0,1.0,0.034,0.507,perlu_cek_manual,O_497.jpg,Organic,ok
0.18,0.388,0.866,0.237,0.391,perlu_cek_manual,O_4971.jpg,Organic,ok
0.512,0.412,0.772,0.537,0.539,perlu_cek_manual,O_4974.jpg,Organic,ok
0.822,0.45,0.581,0.613,0.621,perlu_cek_manual,O_498.jpg,Organic,ok
0.576,0.63,0.955,0.304,0.614,perlu_cek_manual,O_4981.jpg,Organic,ok
0.114,0.422,0.848,0.151,0.361,perlu_cek_manual,O_4986.jpg,Organic,ok
1.0,0.17,0.423,0.362,0.508,perlu_cek_manual,O_4990.jpg,Organic,ok
0.326,0.194,0.843,0.465,0.418,perlu_cek_manual,O_4991.jpg,Organic,ok
0.522,0.711,0.942,0.247,0.608,perlu_cek_manual,O_4993.jpg,Organic,ok
0.71,0.764,0.959,0.054,0.645,perlu_cek_manual,O_4996.jpg,Organic,ok
0.823,0.363,0.93,0.442,0.63,perlu_cek_manual,O_4997.jpg,Organic,ok
0.288,0.237,0.739,0.408,0.387,perlu_cek_manual,O_5.jpg,Organic,ok
0.323,0.218,0.711,0.525,0.409,perlu_cek_manual,O_501.jpg,Organic,ok
0.16,0.607,0.816,0.389,0.471,perlu_cek_manual,O_5010.jpg,Organic,ok
0.149,0.511,0.412,0.407,0.362,perlu_cek_manual,O_5011.jpg,Organic,ok
0.426,0.276,0.623,0.509,0.437,perlu_cek_manual,O_5013.jpg,Organic,ok
0.564,0.405,0.851,0.453,0.551,perlu_cek_manual,O_5014.jpg,Organic,ok
0.914,0.498,0.557,0.554,0.645,perlu_cek_manual,O_5020.jpg,Organic,ok
0.222,0.16,0.836,0.448,0.371,perlu_cek_manual,O_5021.jpg,Organic,ok
0.339,0.568,0.579,0.092,0.407,perlu_cek_manual,O_5023.jpg,Organic,ok
0.839,0.347,0.949,0.336,0.613,perlu_cek_manual,O_5025.jpg,Organic,ok
0.288,0.49,0.578,0.221,0.393,perlu_cek_manual,O_503.jpg,Organic,ok
0.315,0.381,0.763,0.329,0.427,perlu_cek_manual,O_5031.jpg,Organic,ok
1.0,0.687,0.44,0.25,0.644,perlu_cek_manual,O_5036.jpg,Organic,ok
0.322,0.242,0.394,0.52,0.352,perlu_cek_manual,O_5037.jpg,Organic,ok
0.64,0.147,0.92,0.195,0.459,perlu_cek_manual,O_5038.jpg,Organic,ok
0.366,0.402,0.491,0.354,0.399,perlu_cek_manual,O_5039.jpg,Organic,ok
0.975,0.276,0.418,0.615,0.582,perlu_cek_manual,O_504.jpg,Organic,ok
0.561,0.4,0.969,0.39,0.56,perlu_cek_manual,O_5042.jpg,Organic,ok
0.603,0.652,0.956,0.145,0.597,perlu_cek_manual,O_5043.jpg,Organic,ok
0.728,0.685,0.878,0.127,0.625,perlu_cek_manual,O_5046.jpg,Organic,ok
0.956,0.225,0.996,0.35,0.623,perlu_cek_manual,O_505.jpg,Organic,ok
0.459,0.505,0.937,0.329,0.542,perlu_cek_manual,O_5050.jpg,Organic,ok
0.255,1.0,0.792,0.518,0.639,perlu_cek_manual,O_5052.jpg,Organic,ok
0.363,0.267,0.44,0.467,0.37,perlu_cek_manual,O_5054.jpg,Organic,ok
0.334,0.485,0.82,0.374,0.485,perlu_cek_manual,O_5055.jpg,Organic,ok
0.893,0.549,0.669,0.0,0.566,perlu_cek_manual,O_506.jpg,Organic,ok
0.626,0.586,0.876,0.409,0.62,perlu_cek_manual,O_5067.jpg,Organic,ok
0.589,0.226,0.684,0.526,0.487,perlu_cek_manual,O_5068.jpg,Organic,ok
1.0,0.188,1.0,0.116,0.58,perlu_cek_manual,O_5071.jpg,Organic,ok
0.377,0.463,0.925,0.215,0.48,perlu_cek_manual,O_5074.jpg,Organic,ok
1.0,0.0,0.964,0.471,0.587,perlu_cek_manual,O_5075.jpg,Organic,ok
0.525,0.0,0.89,0.415,0.418,perlu_cek_manual,O_5077.jpg,Organic,ok
0.874,0.598,0.675,0.27,0.631,perlu_cek_manual,O_5079.jpg,Organic,ok
1.0,0.247,0.465,0.475,0.562,perlu_cek_manual,O_508.jpg,Organic,ok
0.888,0.195,0.875,0.28,0.556,perlu_cek_manual,O_5082.jpg,Organic,ok
0.848,0.323,1.0,0.242,0.6,perlu_cek_manual,O_5083.jpg,Organic,ok
0.759,0.0,0.863,0.21,0.442,perlu_cek_manual,O_5084.jpg,Organic,ok
1.0,0.174,0.532,0.488,0.556,perlu_cek_manual,O_5085.jpg,Organic,ok
1.0,0.0,0.985,0.531,0.603,perlu_cek_manual,O_5086.jpg,Organic,ok
0.514,0.693,0.744,0.479,0.607,perlu_cek_manual,O_5090.jpg,Organic,ok
0.718,0.521,0.909,0.244,0.602,perlu_cek_manual,O_5094.jpg,Organic,ok
0.815,0.545,0.914,0.251,0.641,perlu_cek_manual,O_5098.jpg,Organic,ok
0.493,0.392,0.514,0.339,0.436,perlu_cek_manual,O_51.jpg,Organic,ok
0.422,0.243,0.367,0.432,0.359,perlu_cek_manual,O_510.jpg,Organic,ok
0.909,0.18,0.971,0.387,0.598,perlu_cek_manual,O_5105.jpg,Organic,ok
1.0,0.391,0.924,0.159,0.634,perlu_cek_manual,O_5107.jpg,Organic,ok
0.805,0.178,0.969,0.302,0.549,perlu_cek_manual,O_5110.jpg,Organic,ok
1.0,0.2,0.529,0.428,0.552,perlu_cek_manual,O_5111.jpg,Organic,ok
0.282,0.439,0.865,0.237,0.437,perlu_cek_manual,O_5112.jpg,Organic,ok
0.336,0.354,0.874,0.284,0.439,perlu_cek_manual,O_5114.jpg,Organic,ok
1.0,0.176,0.974,0.494,0.646,perlu_cek_manual,O_5115.jpg,Organic,ok
0.12,0.685,0.13,0.556,0.379,perlu_cek_manual,O_5117.jpg,Organic,ok
1.0,0.25,0.327,0.257,0.492,perlu_cek_manual,O_5119.jpg,Organic,ok
0.78,0.331,0.486,0.657,0.562,perlu_cek_manual,O_512.jpg,Organic,ok
0.366,0.472,0.865,0.414,0.507,perlu_cek_manual,O_5124.jpg,Organic,ok
0.386,1.0,0.378,0.366,0.565,perlu_cek_manual,O_5125.jpg,Organic,ok
0.875,0.0,0.855,0.391,0.512,perlu_cek_manual,O_5132.jpg,Organic,ok
0.415,0.767,0.933,0.182,0.578,perlu_cek_manual,O_5136.jpg,Organic,ok
0.563,0.4,0.971,0.566,0.596,perlu_cek_manual,O_5143.jpg,Organic,ok
0.336,0.586,0.527,0.493,0.481,perlu_cek_manual,O_5148.jpg,Organic,ok
0.398,0.331,0.878,0.375,0.469,perlu_cek_manual,O_5149.jpg,Organic,ok
0.307,0.377,0.823,0.391,0.448,perlu_cek_manual,O_5152.jpg,Organic,ok
0.797,0.447,0.703,0.514,0.617,perlu_cek_manual,O_5154.jpg,Organic,ok
0.498,0.722,0.728,0.428,0.597,perlu_cek_manual,O_5157.jpg,Organic,ok
1.0,0.467,0.516,0.032,0.55,perlu_cek_manual,O_516.jpg,Organic,ok
0.429,0.365,0.9,0.395,0.497,perlu_cek_manual,O_5160.jpg,Organic,ok
0.462,0.178,0.91,0.448,0.463,perlu_cek_manual,O_5162.jpg,Organic,ok
0.304,0.411,0.713,0.276,0.412,perlu_cek_manual,O_5166.jpg,Organic,ok
0.508,0.633,0.935,0.246,0.578,perlu_cek_manual,O_5167.jpg,Organic,ok
0.431,0.318,0.922,0.272,0.464,perlu_cek_manual,O_5178.jpg,Organic,ok
0.97,0.218,0.726,0.369,0.575,perlu_cek_manual,O_5179.jpg,Organic,ok
0.397,0.0,0.837,0.417,0.37,perlu_cek_manual,O_5180.jpg,Organic,ok
0.725,0.466,0.976,0.189,0.59,perlu_cek_manual,O_5184.jpg,Organic,ok
0.392,0.211,0.717,0.469,0.418,perlu_cek_manual,O_5187.jpg,Organic,ok
0.759,0.425,0.909,0.443,0.625,perlu_cek_manual,O_5188.jpg,Organic,ok
0.285,0.137,0.706,0.441,0.356,perlu_cek_manual,O_5190.jpg,Organic,ok
0.372,0.139,0.597,0.59,0.391,perlu_cek_manual,O_5191.jpg,Organic,ok
0.591,0.781,0.929,0.097,0.617,perlu_cek_manual,O_5202.jpg,Organic,ok
0.31,0.0,0.917,0.53,0.382,perlu_cek_manual,O_5204.jpg,Organic,ok
0.399,0.465,0.839,0.433,0.514,perlu_cek_manual,O_5205.jpg,Organic,ok
1.0,0.216,0.34,0.29,0.491,perlu_cek_manual,O_521.jpg,Organic,ok
0.39,0.474,0.351,0.468,0.423,perlu_cek_manual,O_5212.jpg,Organic,ok
0.602,0.407,0.873,0.338,0.545,perlu_cek_manual,O_5217.jpg,Organic,ok
0.659,0.306,0.942,0.369,0.552,perlu_cek_manual,O_5219.jpg,Organic,ok
0.731,0.434,0.95,0.44,0.628,perlu_cek_manual,O_5221.jpg,Organic,ok
0.42,0.188,0.905,0.453,0.454,perlu_cek_manual,O_5223.jpg,Organic,ok
0.573,0.757,0.979,0.101,0.615,perlu_cek_manual,O_5233.jpg,Organic,ok
0.282,0.667,0.292,0.446,0.432,perlu_cek_manual,O_5235.jpg,Organic,ok
0.529,0.254,0.84,0.237,0.45,perlu_cek_manual,O_5236.jpg,Organic,ok
0.85,0.0,0.725,0.672,0.534,perlu_cek_manual,O_524.jpg,Organic,ok
0.413,0.237,0.912,0.244,0.426,perlu_cek_manual,O_5243.jpg,Organic,ok
0.349,0.524,0.259,0.622,0.438,perlu_cek_manual,O_5246.jpg,Organic,ok
0.583,0.132,0.448,0.499,0.404,perlu_cek_manual,O_5248.jpg,Organic,ok
0.216,0.342,0.611,0.345,0.359,perlu_cek_manual,O_5250.jpg,Organic,ok
0.379,1.0,0.455,0.296,0.564,perlu_cek_manual,O_5251.jpg,Organic,ok
0.55,0.302,0.464,0.138,0.376,perlu_cek_manual,O_5257.jpg,Organic,ok
0.67,0.294,0.379,0.667,0.499,perlu_cek_manual,O_526.jpg,Organic,ok
0.916,0.393,0.834,0.411,0.642,perlu_cek_manual,O_5262.jpg,Organic,ok
0.425,0.267,0.902,0.396,0.467,perlu_cek_manual,O_5276.jpg,Organic,ok
1.0,0.336,0.994,0.194,0.638,perlu_cek_manual,O_5279.jpg,Organic,ok
0.343,0.381,0.807,0.459,0.47,perlu_cek_manual,O_5280.jpg,Organic,ok
0.369,0.0,0.874,0.507,0.387,perlu_cek_manual,O_5282.jpg,Organic,ok
0.68,0.543,0.976,0.358,0.634,perlu_cek_manual,O_5284.jpg,Organic,ok
0.304,0.757,0.334,0.405,0.466,perlu_cek_manual,O_5287.jpg,Organic,ok
1.0,0.174,0.985,0.274,0.604,perlu_cek_manual,O_5289.jpg,Organic,ok
0.83,0.515,0.941,0.195,0.631,perlu_cek_manual,O_529.jpg,Organic,ok
0.256,0.399,0.745,0.357,0.417,perlu_cek_manual,O_5294.jpg,Organic,ok
0.848,0.383,0.949,0.424,0.644,perlu_cek_manual,O_5296.jpg,Organic,ok
0.402,0.0,0.871,0.371,0.369,perlu_cek_manual,O_5297.jpg,Organic,ok
0.84,0.153,0.701,0.262,0.49,perlu_cek_manual,O_5298.jpg,Organic,ok
0.493,0.602,0.838,0.477,0.592,perlu_cek_manual,O_5301.jpg,Organic,ok
0.722,0.608,0.958,0.217,0.634,perlu_cek_manual,O_5306.jpg,Organic,ok
0.731,0.406,0.939,0.333,0.595,perlu_cek_manual,O_5307.jpg,Organic,ok
0.429,0.462,0.446,0.503,0.457,perlu_cek_manual,O_5309.jpg,Organic,ok
0.916,0.405,0.973,0.093,0.609,perlu_cek_manual,O_532.jpg,Organic,ok
0.568,0.564,0.94,0.417,0.611,perlu_cek_manual,O_5322.jpg,Organic,ok
0.447,0.826,0.257,0.521,0.537,perlu_cek_manual,O_5325.jpg,Organic,ok
0.364,0.725,0.926,0.33,0.578,perlu_cek_manual,O_5329.jpg,Organic,ok
0.828,0.557,0.965,0.161,0.641,perlu_cek_manual,O_5333.jpg,Organic,ok
0.683,0.369,1.0,0.085,0.533,perlu_cek_manual,O_5334.jpg,Organic,ok
0.293,0.26,0.887,0.503,0.444,perlu_cek_manual,O_5336.jpg,Organic,ok
0.746,0.23,0.942,0.398,0.561,perlu_cek_manual,O_5339.jpg,Organic,ok
0.325,0.0,0.893,0.429,0.362,perlu_cek_manual,O_5341.jpg,Organic,ok
1.0,0.259,0.65,0.37,0.582,perlu_cek_manual,O_5343.jpg,Organic,ok
0.505,0.709,0.343,0.473,0.528,perlu_cek_manual,O_5344.jpg,Organic,ok
0.822,0.341,0.997,0.402,0.629,perlu_cek_manual,O_5352.jpg,Organic,ok
0.612,0.401,0.933,0.253,0.541,perlu_cek_manual,O_5360.jpg,Organic,ok
0.469,0.22,0.879,0.441,0.471,perlu_cek_manual,O_5361.jpg,Organic,ok
0.31,0.634,0.601,0.298,0.463,perlu_cek_manual,O_5363.jpg,Organic,ok
0.337,0.404,0.881,0.397,0.478,perlu_cek_manual,O_5364.jpg,Organic,ok
0.763,0.469,0.892,0.269,0.602,perlu_cek_manual,O_5365.jpg,Organic,ok
0.122,1.0,0.641,0.261,0.517,perlu_cek_manual,O_5367.jpg,Organic,ok
0.574,0.599,0.971,0.109,0.568,perlu_cek_manual,O_5374.jpg,Organic,ok
1.0,0.0,0.684,0.493,0.535,perlu_cek_manual,O_5376.jpg,Organic,ok
0.39,0.361,0.509,0.298,0.387,perlu_cek_manual,O_5377.jpg,Organic,ok
0.961,0.359,0.967,0.086,0.607,perlu_cek_manual,O_5378.jpg,Organic,ok
1.0,0.173,0.432,0.4,0.518,perlu_cek_manual,O_5379.jpg,Organic,ok
0.556,0.0,0.822,0.434,0.418,perlu_cek_manual,O_5382.jpg,Organic,ok
0.369,0.667,0.878,0.403,0.567,perlu_cek_manual,O_5386.jpg,Organic,ok
0.971,0.0,0.954,0.432,0.568,perlu_cek_manual,O_5392.jpg,Organic,ok
0.635,0.532,0.849,0.405,0.601,perlu_cek_manual,O_5394.jpg,Organic,ok
0.333,0.45,0.796,0.391,0.472,perlu_cek_manual,O_5398.jpg,Organic,ok
0.351,0.665,0.612,0.506,0.528,perlu_cek_manual,O_5405.jpg,Organic,ok
0.235,0.25,0.795,0.502,0.405,perlu_cek_manual,O_5408.jpg,Organic,ok
0.051,1.0,0.276,0.338,0.438,perlu_cek_manual,O_5413.jpg,Organic,ok
0.648,0.523,0.952,0.481,0.638,perlu_cek_manual,O_5416.jpg,Organic,ok
0.56,0.207,0.943,0.53,0.525,perlu_cek_manual,O_5420.jpg,Organic,ok
0.552,0.557,0.868,0.505,0.607,perlu_cek_manual,O_5423.jpg,Organic,ok
0.754,0.408,0.975,0.382,0.62,perlu_cek_manual,O_5424.jpg,Organic,ok
0.731,0.553,0.91,0.298,0.627,perlu_cek_manual,O_5425.jpg,Organic,ok
0.173,0.543,0.637,0.552,0.453,perlu_cek_manual,O_5429.jpg,Organic,ok
0.552,0.606,0.974,0.18,0.578,perlu_cek_manual,O_543.jpg,Organic,ok
0.297,1.0,0.385,0.512,0.568,perlu_cek_manual,O_5436.jpg,Organic,ok
0.752,0.391,0.906,0.55,0.634,perlu_cek_manual,O_5446.jpg,Organic,ok
1.0,0.284,0.659,0.348,0.587,perlu_cek_manual,O_5452.jpg,Organic,ok
0.573,0.594,0.498,0.586,0.567,perlu_cek_manual,O_5455.jpg,Organic,ok
0.498,0.392,0.829,0.408,0.514,perlu_cek_manual,O_5457.jpg,Organic,ok
0.42,0.527,0.925,0.369,0.543,perlu_cek_manual,O_5458.jpg,Organic,ok
0.278,0.254,0.4,0.705,0.381,perlu_cek_manual,O_5463.jpg,Organic,ok
1.0,0.0,0.977,0.316,0.559,perlu_cek_manual,O_5477.jpg,Organic,ok
1.0,0.0,1.0,0.687,0.637,perlu_cek_manual,O_5479.jpg,Organic,ok
0.526,0.794,0.992,0.043,0.603,perlu_cek_manual,O_5485.jpg,Organic,ok
0.724,0.0,0.688,0.699,0.495,perlu_cek_manual,O_5488.jpg,Organic,ok
0.729,0.347,0.706,0.371,0.538,perlu_cek_manual,O_549.jpg,Organic,ok
0.578,0.263,0.875,0.489,0.525,perlu_cek_manual,O_5490.jpg,Organic,ok
0.878,0.0,0.965,0.176,0.492,perlu_cek_manual,O_5491.jpg,Organic,ok
0.947,0.296,0.86,0.51,0.647,perlu_cek_manual,O_5494.jpg,Organic,ok
0.284,0.264,0.44,0.494,0.351,perlu_cek_manual,O_5501.jpg,Organic,ok
0.288,0.428,0.803,0.204,0.416,perlu_cek_manual,O_5503.jpg,Organic,ok
0.159,0.37,0.716,0.469,0.396,perlu_cek_manual,O_5506.jpg,Organic,ok
0.447,0.324,0.441,0.512,0.422,perlu_cek_manual,O_5507.jpg,Organic,ok
0.618,0.529,0.902,0.507,0.626,perlu_cek_manual,O_5509.jpg,Organic,ok
1.0,0.47,0.92,0.106,0.646,perlu_cek_manual,O_5512.jpg,Organic,ok
0.141,0.362,0.819,0.324,0.379,perlu_cek_manual,O_5514.jpg,Organic,ok
0.285,0.253,0.537,0.539,0.376,perlu_cek_manual,O_5520.jpg,Organic,ok
0.213,0.433,0.841,0.397,0.441,perlu_cek_manual,O_5527.jpg,Organic,ok
0.607,0.337,0.86,0.492,0.553,perlu_cek_manual,O_5532.jpg,Organic,ok
0.285,0.317,0.753,0.4,0.411,perlu_cek_manual,O_5533.jpg,Organic,ok
0.402,0.106,0.849,0.491,0.42,perlu_cek_manual,O_5534.jpg,Organic,ok
0.24,0.25,0.93,0.357,0.404,perlu_cek_manual,O_5537.jpg,Organic,ok
0.458,0.641,0.517,0.279,0.489,perlu_cek_manual,O_554.jpg,Organic,ok
0.611,0.592,0.893,0.475,0.634,perlu_cek_manual,O_5542.jpg,Organic,ok
0.48,0.545,0.947,0.473,0.591,perlu_cek_manual,O_5545.jpg,Organic,ok
0.286,0.49,0.933,0.564,0.532,perlu_cek_manual,O_5546.jpg,Organic,ok
0.563,0.253,0.549,0.29,0.413,perlu_cek_manual,O_5550.jpg,Organic,ok
0.498,0.612,0.933,0.268,0.573,perlu_cek_manual,O_5560.jpg,Organic,ok
0.678,0.23,0.911,0.438,0.542,perlu_cek_manual,O_5568.jpg,Organic,ok
0.516,0.367,0.848,0.494,0.533,perlu_cek_manual,O_5569.jpg,Organic,ok
0.545,0.365,0.912,0.397,0.535,perlu_cek_manual,O_557.jpg,Organic,ok
0.293,0.322,0.893,0.278,0.419,perlu_cek_manual,O_5572.jpg,Organic,ok
1.0,0.375,1.0,0.0,0.612,perlu_cek_manual,O_5573.jpg,Organic,ok
0.345,0.23,0.483,0.562,0.381,perlu_cek_manual,O_5577.jpg,Organic,ok
0.678,0.559,0.933,0.417,0.641,perlu_cek_manual,O_5578.jpg,Organic,ok
0.477,0.615,0.876,0.475,0.598,perlu_cek_manual,O_5579.jpg,Organic,ok
0.32,0.552,0.61,0.408,0.465,perlu_cek_manual,O_5584.jpg,Organic,ok
0.855,0.041,0.984,0.299,0.526,perlu_cek_manual,O_5585.jpg,Organic,ok
0.55,0.079,0.919,0.582,0.489,perlu_cek_manual,O_559.jpg,Organic,ok
0.353,0.636,0.937,0.309,0.546,perlu_cek_manual,O_5596.jpg,Organic,ok
0.663,0.601,0.956,0.0,0.57,perlu_cek_manual,O_5601.jpg,Organic,ok
0.152,0.656,0.303,0.27,0.357,perlu_cek_manual,O_5602.jpg,Organic,ok
0.787,0.155,0.963,0.186,0.513,perlu_cek_manual,O_5604.jpg,Organic,ok
1.0,0.488,0.897,0.0,0.626,perlu_cek_manual,O_5607.jpg,Organic,ok
0.376,0.321,0.5,0.487,0.407,perlu_cek_manual,O_5608.jpg,Organic,ok
0.529,0.324,0.867,0.455,0.52,perlu_cek_manual,O_5612.jpg,Organic,ok
0.317,0.464,0.817,0.462,0.49,perlu_cek_manual,O_5618.jpg,Organic,ok
0.554,0.163,0.948,0.233,0.451,perlu_cek_manual,O_5621.jpg,Organic,ok
0.936,0.398,0.482,0.63,0.623,perlu_cek_manual,O_5625.jpg,Organic,ok
0.69,0.313,0.936,0.437,0.575,perlu_cek_manual,O_5629.jpg,Organic,ok
0.321,0.179,0.757,0.528,0.407,perlu_cek_manual,O_5632.jpg,Organic,ok
0.863,0.304,0.474,0.552,0.556,perlu_cek_manual,O_5633.jpg,Organic,ok
0.502,0.473,0.358,0.307,0.426,perlu_cek_manual,O_5634.jpg,Organic,ok
0.183,0.327,0.843,0.375,0.397,perlu_cek_manual,O_5635.jpg,Organic,ok
0.616,0.357,0.884,0.398,0.548,perlu_cek_manual,O_5638.jpg,Organic,ok
0.237,0.24,0.875,0.516,0.421,perlu_cek_manual,O_5646.jpg,Organic,ok
0.568,0.493,0.767,0.298,0.531,perlu_cek_manual,O_5648.jpg,Organic,ok
0.231,0.593,0.315,0.457,0.402,perlu_cek_manual,O_5651.jpg,Organic,ok
0.499,0.365,0.924,0.474,0.539,perlu_cek_manual,O_5653.jpg,Organic,ok
0.383,0.407,0.579,0.323,0.417,perlu_cek_manual,O_5654.jpg,Organic,ok
0.637,0.104,0.28,0.488,0.376,perlu_cek_manual,O_5660.jpg,Organic,ok
0.337,0.25,0.922,0.334,0.427,perlu_cek_manual,O_5666.jpg,Organic,ok
0.27,0.426,0.946,0.619,0.522,perlu_cek_manual,O_5668.jpg,Organic,ok
0.308,0.385,0.521,0.502,0.412,perlu_cek_manual,O_5672.jpg,Organic,ok
0.686,0.315,0.729,0.514,0.549,perlu_cek_manual,O_5675.jpg,Organic,ok
0.144,0.249,0.791,0.4,0.356,perlu_cek_manual,O_5678.jpg,Organic,ok
1.0,0.176,1.0,0.298,0.612,perlu_cek_manual,O_5680.jpg,Organic,ok
0.517,0.466,0.763,0.464,0.54,perlu_cek_manual,O_5683.jpg,Organic,ok
0.533,0.405,0.936,0.472,0.563,perlu_cek_manual,O_5686.jpg,Organic,ok
1.0,0.036,0.278,0.46,0.458,perlu_cek_manual,O_5687.jpg,Organic,ok
0.421,0.363,0.442,0.364,0.396,perlu_cek_manual,O_569.jpg,Organic,ok
1.0,0.416,0.964,0.111,0.64,perlu_cek_manual,O_5691.jpg,Organic,ok
0.272,0.181,0.896,0.365,0.388,perlu_cek_manual,O_5694.jpg,Organic,ok
0.341,0.36,0.383,0.407,0.368,perlu_cek_manual,O_5696.jpg,Organic,ok
0.753,0.209,0.9,0.364,0.542,perlu_cek_manual,O_570.jpg,Organic,ok
0.207,0.314,0.465,0.572,0.364,perlu_cek_manual,O_5700.jpg,Organic,ok
0.794,0.038,0.885,0.527,0.532,perlu_cek_manual,O_5710.jpg,Organic,ok
1.0,0.223,0.877,0.421,0.627,perlu_cek_manual,O_5713.jpg,Organic,ok
0.159,0.843,0.782,0.44,0.545,perlu_cek_manual,O_5715.jpg,Organic,ok
0.496,0.4,0.531,0.365,0.448,perlu_cek_manual,O_5719.jpg,Organic,ok
0.769,0.153,0.663,0.045,0.418,perlu_cek_manual,O_572.jpg,Organic,ok
0.683,0.0,0.961,0.602,0.517,perlu_cek_manual,O_5726.jpg,Organic,ok
1.0,0.244,0.826,0.402,0.619,perlu_cek_manual,O_573.jpg,Organic,ok
0.467,0.327,0.781,0.464,0.487,perlu_cek_manual,O_5731.jpg,Organic,ok
0.384,0.511,0.881,0.227,0.49,perlu_cek_manual,O_5733.jpg,Organic,ok
0.473,0.255,0.451,0.511,0.41,perlu_cek_manual,O_5736.jpg,Organic,ok
0.433,0.24,0.376,0.563,0.389,perlu_cek_manual,O_5738.jpg,Organic,ok
0.308,0.516,0.911,0.237,0.477,perlu_cek_manual,O_5740.jpg,Organic,ok
0.568,0.584,0.966,0.249,0.589,perlu_cek_manual,O_5742.jpg,Organic,ok
0.37,0.0,0.855,0.344,0.351,perlu_cek_manual,O_5743.jpg,Organic,ok
0.569,0.554,0.74,0.512,0.587,perlu_cek_manual,O_5748.jpg,Organic,ok
0.398,0.31,0.377,0.363,0.361,perlu_cek_manual,O_5751.jpg,Organic,ok
1.0,0.304,0.869,0.117,0.588,perlu_cek_manual,O_5755.jpg,Organic,ok
0.486,0.111,0.868,0.418,0.436,perlu_cek_manual,O_5756.jpg,Organic,ok
0.245,0.496,0.831,0.43,0.474,perlu_cek_manual,O_5758.jpg,Organic,ok
0.538,0.245,0.938,0.119,0.446,perlu_cek_manual,O_5764.jpg,Organic,ok
0.251,0.224,0.798,0.254,0.353,perlu_cek_manual,O_5768.jpg,Organic,ok
0.692,0.68,0.803,0.175,0.607,perlu_cek_manual,O_577.jpg,Organic,ok
1.0,0.179,0.987,0.49,0.649,perlu_cek_manual,O_5770.jpg,Organic,ok
0.298,0.499,0.495,0.373,0.413,perlu_cek_manual,O_5774.jpg,Organic,ok
0.5,0.532,0.939,0.382,0.574,perlu_cek_manual,O_5779.jpg,Organic,ok
0.719,0.677,0.708,0.0,0.56,perlu_cek_manual,O_578.jpg,Organic,ok
0.21,0.254,0.756,0.363,0.363,perlu_cek_manual,O_5780.jpg,Organic,ok
0.671,0.434,0.592,0.504,0.551,perlu_cek_manual,O_5782.jpg,Organic,ok
0.251,0.377,0.767,0.451,0.432,perlu_cek_manual,O_5783.jpg,Organic,ok
1.0,0.255,0.725,0.487,0.619,perlu_cek_manual,O_5784.jpg,Organic,ok
0.754,0.365,0.912,0.581,0.634,perlu_cek_manual,O_5786.jpg,Organic,ok
0.35,0.183,0.594,0.549,0.388,perlu_cek_manual,O_5788.jpg,Organic,ok
0.773,0.506,0.912,0.412,0.649,perlu_cek_manual,O_5789.jpg,Organic,ok
0.451,0.392,0.912,0.196,0.474,perlu_cek_manual,O_5790.jpg,Organic,ok
0.309,0.229,0.849,0.425,0.416,perlu_cek_manual,O_5795.jpg,Organic,ok
0.44,0.299,0.628,0.486,0.445,perlu_cek_manual,O_5800.jpg,Organic,ok
0.321,0.145,0.722,0.445,0.373,perlu_cek_manual,O_5803.jpg,Organic,ok
0.249,0.227,0.866,0.463,0.409,perlu_cek_manual,O_5805.jpg,Organic,ok
0.262,0.32,0.692,0.489,0.411,perlu_cek_manual,O_5806.jpg,Organic,ok
0.862,0.396,0.951,0.101,0.588,perlu_cek_manual,O_5807.jpg,Organic,ok
0.579,0.207,0.951,0.358,0.498,perlu_cek_manual,O_5808.jpg,Organic,ok
0.794,0.453,0.846,0.279,0.599,perlu_cek_manual,O_5810.jpg,Organic,ok
0.517,0.664,0.941,0.226,0.588,perlu_cek_manual,O_5814.jpg,Organic,ok
1.0,0.312,0.506,0.345,0.564,perlu_cek_manual,O_5815.jpg,Organic,ok
0.753,0.323,0.445,0.306,0.473,perlu_cek_manual,O_582.jpg,Organic,ok
0.309,0.396,0.879,0.367,0.461,perlu_cek_manual,O_5820.jpg,Organic,ok
0.458,0.458,0.865,0.472,0.542,perlu_cek_manual,O_5823.jpg,Organic,ok
0.65,0.722,0.954,0.108,0.624,perlu_cek_manual,O_5824.jpg,Organic,ok
0.487,0.396,0.801,0.457,0.517,perlu_cek_manual,O_5827.jpg,Organic,ok
0.44,0.392,0.886,0.38,0.503,perlu_cek_manual,O_5832.jpg,Organic,ok
0.676,0.196,0.96,0.425,0.539,perlu_cek_manual,O_5833.jpg,Organic,ok
1.0,0.0,1.0,0.207,0.541,perlu_cek_manual,O_5836.jpg,Organic,ok
0.459,0.288,0.409,0.537,0.413,perlu_cek_manual,O_5839.jpg,Organic,ok
0.2,0.348,0.8,0.268,0.378,perlu_cek_manual,O_584.jpg,Organic,ok
0.502,0.247,0.944,0.346,0.483,perlu_cek_manual,O_5840.jpg,Organic,ok
0.262,0.185,0.802,0.486,0.392,perlu_cek_manual,O_5845.jpg,Organic,ok
0.44,0.236,0.939,0.208,0.432,perlu_cek_manual,O_5847.jpg,Organic,ok
0.399,0.352,0.923,0.49,0.508,perlu_cek_manual,O_5848.jpg,Organic,ok
0.117,0.327,0.969,0.3,0.387,perlu_cek_manual,O_585.jpg,Organic,ok
0.3,0.2,0.721,0.463,0.387,perlu_cek_manual,O_5850.jpg,Organic,ok
0.318,0.259,0.656,0.656,0.435,perlu_cek_manual,O_5855.jpg,Organic,ok
0.349,0.285,0.774,0.539,0.453,perlu_cek_manual,O_5858.jpg,Organic,ok
0.311,0.2,0.741,0.491,0.4,perlu_cek_manual,O_5859.jpg,Organic,ok
0.705,0.495,0.831,0.118,0.55,perlu_cek_manual,O_5862.jpg,Organic,ok
0.711,0.746,0.98,0.036,0.64,perlu_cek_manual,O_5863.jpg,Organic,ok
1.0,0.299,0.32,0.37,0.528,perlu_cek_manual,O_5864.jpg,Organic,ok
1.0,0.495,1.0,0.001,0.649,perlu_cek_manual,O_5867.jpg,Organic,ok
0.198,0.182,0.869,0.517,0.391,perlu_cek_manual,O_5876.jpg,Organic,ok
0.831,0.385,0.909,0.138,0.574,perlu_cek_manual,O_5878.jpg,Organic,ok
0.649,0.0,0.953,0.398,0.465,perlu_cek_manual,O_588.jpg,Organic,ok
0.369,0.049,0.882,0.441,0.39,perlu_cek_manual,O_5880.jpg,Organic,ok
0.52,0.31,0.636,0.276,0.432,perlu_cek_manual,O_5882.jpg,Organic,ok
0.328,0.314,0.376,0.459,0.36,perlu_cek_manual,O_5883.jpg,Organic,ok
0.731,0.617,0.98,0.015,0.603,perlu_cek_manual,O_5887.jpg,Organic,ok
0.659,0.047,0.932,0.454,0.489,perlu_cek_manual,O_5889.jpg,Organic,ok
0.404,0.365,0.922,0.49,0.513,perlu_cek_manual,O_5891.jpg,Organic,ok
0.442,0.288,0.542,0.536,0.435,perlu_cek_manual,O_5892.jpg,Organic,ok
0.659,0.418,0.901,0.455,0.595,perlu_cek_manual,O_5898.jpg,Organic,ok
0.462,0.263,0.409,0.564,0.412,perlu_cek_manual,O_59.jpg,Organic,ok
0.653,0.484,0.899,0.325,0.586,perlu_cek_manual,O_590.jpg,Organic,ok
0.536,0.294,0.694,0.555,0.499,perlu_cek_manual,O_5901.jpg,Organic,ok
0.161,0.332,0.739,0.356,0.367,perlu_cek_manual,O_5904.jpg,Organic,ok
0.846,0.262,0.968,0.308,0.588,perlu_cek_manual,O_5915.jpg,Organic,ok
0.412,0.244,0.467,0.529,0.396,perlu_cek_manual,O_5916.jpg,Organic,ok
0.596,0.381,0.614,0.446,0.505,perlu_cek_manual,O_5917.jpg,Organic,ok
0.204,1.0,0.91,0.239,0.591,perlu_cek_manual,O_592.jpg,Organic,ok
1.0,0.366,0.979,0.214,0.648,perlu_cek_manual,O_5925.jpg,Organic,ok
0.736,0.438,0.619,0.576,0.591,perlu_cek_manual,O_5926.jpg,Organic,ok
0.461,0.352,0.919,0.447,0.517,perlu_cek_manual,O_5927.jpg,Organic,ok
0.67,0.494,0.962,0.305,0.602,perlu_cek_manual,O_5932.jpg,Organic,ok
0.548,0.35,0.445,0.392,0.437,perlu_cek_manual,O_5934.jpg,Organic,ok
0.761,0.384,0.934,0.399,0.61,perlu_cek_manual,O_5938.jpg,Organic,ok
0.464,0.403,0.65,0.47,0.484,perlu_cek_manual,O_5948.jpg,Organic,ok
0.688,0.512,0.775,0.561,0.627,perlu_cek_manual,O_5952.jpg,Organic,ok
0.319,0.075,0.898,0.438,0.386,perlu_cek_manual,O_5953.jpg,Organic,ok
0.303,0.449,0.529,0.284,0.388,perlu_cek_manual,O_5955.jpg,Organic,ok
0.783,0.184,0.861,0.248,0.512,perlu_cek_manual,O_5956.jpg,Organic,ok
0.632,0.635,0.943,0.064,0.581,perlu_cek_manual,O_5963.jpg,Organic,ok
0.688,0.0,0.941,0.3,0.455,perlu_cek_manual,O_5969.jpg,Organic,ok
0.337,0.3,0.897,0.534,0.477,perlu_cek_manual,O_5970.jpg,Organic,ok
0.898,0.456,0.762,0.248,0.608,perlu_cek_manual,O_5977.jpg,Organic,ok
0.323,0.265,0.598,0.529,0.402,perlu_cek_manual,O_5978.jpg,Organic,ok
0.779,0.202,0.956,0.334,0.552,perlu_cek_manual,O_5986.jpg,Organic,ok
0.283,0.202,0.935,0.165,0.365,perlu_cek_manual,O_599.jpg,Organic,ok
0.887,0.328,0.948,0.304,0.615,perlu_cek_manual,O_5991.jpg,Organic,ok
0.779,0.308,0.949,0.0,0.516,perlu_cek_manual,O_5995.jpg,Organic,ok
0.789,0.296,0.932,0.405,0.593,perlu_cek_manual,O_5997.jpg,Organic,ok
0.731,0.694,0.972,0.032,0.628,perlu_cek_manual,O_5998.jpg,Organic,ok
0.47,0.072,0.84,0.554,0.442,perlu_cek_manual,O_600.jpg,Organic,ok
0.651,0.419,0.932,0.615,0.63,perlu_cek_manual,O_6001.jpg,Organic,ok
0.747,0.595,0.826,0.336,0.635,perlu_cek_manual,O_6007.jpg,Organic,ok
1.0,0.42,0.76,0.018,0.582,perlu_cek_manual,O_6008.jpg,Organic,ok
0.184,0.235,0.759,0.412,0.36,perlu_cek_manual,O_602.jpg,Organic,ok
0.512,0.581,0.939,0.455,0.607,perlu_cek_manual,O_6024.jpg,Organic,ok
0.703,0.467,0.914,0.296,0.593,perlu_cek_manual,O_6028.jpg,Organic,ok
1.0,0.269,0.496,0.364,0.553,perlu_cek_manual,O_6031.jpg,Organic,ok
0.364,0.256,0.483,0.394,0.361,perlu_cek_manual,O_6033.jpg,Organic,ok
0.553,0.313,0.881,0.534,0.543,perlu_cek_manual,O_6042.jpg,Organic,ok
0.833,0.402,0.862,0.459,0.634,perlu_cek_manual,O_6043.jpg,Organic,ok
0.636,0.142,0.937,0.455,0.512,perlu_cek_manual,O_6045.jpg,Organic,ok
0.739,0.0,0.953,0.0,0.412,perlu_cek_manual,O_6048.jpg,Organic,ok
1.0,0.0,0.59,0.53,0.524,perlu_cek_manual,O_606.jpg,Organic,ok
1.0,0.327,0.629,0.539,0.632,perlu_cek_manual,O_6060.jpg,Organic,ok
1.0,0.364,1.0,0.185,0.646,perlu_cek_manual,O_6061.jpg,Organic,ok
0.249,0.69,0.545,0.305,0.452,perlu_cek_manual,O_6070.jpg,Organic,ok
0.24,0.31,0.603,0.427,0.371,perlu_cek_manual,O_6077.jpg,Organic,ok
0.267,0.473,0.853,0.225,0.438,perlu_cek_manual,O_608.jpg,Organic,ok
0.511,0.229,0.729,0.455,0.459,perlu_cek_manual,O_6085.jpg,Organic,ok
1.0,0.0,1.0,0.0,0.5,perlu_cek_manual,O_6086.jpg,Organic,ok
0.881,0.622,0.977,0.005,0.647,perlu_cek_manual,O_6090.jpg,Organic,ok
0.416,0.394,0.869,0.344,0.486,perlu_cek_manual,O_6096.jpg,Organic,ok
0.369,0.406,0.283,0.412,0.371,perlu_cek_manual,O_61.jpg,Organic,ok
0.936,0.166,0.806,0.361,0.564,perlu_cek_manual,O_6100.jpg,Organic,ok
0.652,0.645,0.938,0.296,0.636,perlu_cek_manual,O_6102.jpg,Organic,ok
0.21,0.239,0.682,0.417,0.355,perlu_cek_manual,O_6103.jpg,Organic,ok
0.343,0.255,0.883,0.486,0.453,perlu_cek_manual,O_6106.jpg,Organic,ok
1.0,0.282,0.989,0.284,0.639,perlu_cek_manual,O_6108.jpg,Organic,ok
0.581,0.425,0.915,0.568,0.598,perlu_cek_manual,O_6110.jpg,Organic,ok
0.465,0.137,0.624,0.482,0.402,perlu_cek_manual,O_6112.jpg,Organic,ok
0.806,0.512,0.776,0.442,0.639,perlu_cek_manual,O_6116.jpg,Organic,ok
0.468,0.38,0.903,0.553,0.545,perlu_cek_manual,O_6118.jpg,Organic,ok
0.605,0.65,0.741,0.268,0.578,perlu_cek_manual,O_6120.jpg,Organic,ok
0.716,0.587,0.858,0.426,0.648,perlu_cek_manual,O_6125.jpg,Organic,ok
0.681,0.653,0.97,0.228,0.64,perlu_cek_manual,O_6130.jpg,Organic,ok
0.877,0.369,0.887,0.432,0.638,perlu_cek_manual,O_6136.jpg,Organic,ok
0.393,0.0,0.881,0.616,0.417,perlu_cek_manual,O_6137.jpg,Organic,ok
0.5,0.458,0.578,0.279,0.459,perlu_cek_manual,O_6140.jpg,Organic,ok
0.756,0.538,0.937,0.209,0.617,perlu_cek_manual,O_6144.jpg,Organic,ok
0.286,0.485,0.492,0.41,0.412,perlu_cek_manual,O_6147.jpg,Organic,ok
0.243,0.538,0.543,0.651,0.473,perlu_cek_manual,O_6148.jpg,Organic,ok
0.39,0.619,0.915,0.384,0.563,perlu_cek_manual,O_6162.jpg,Organic,ok
0.395,0.73,0.89,0.33,0.581,perlu_cek_manual,O_6173.jpg,Organic,ok
1.0,0.372,0.67,0.213,0.588,perlu_cek_manual,O_6174.jpg,Organic,ok
0.888,0.401,0.978,0.284,0.639,perlu_cek_manual,O_6184.jpg,Organic,ok
0.708,0.325,0.839,0.484,0.574,perlu_cek_manual,O_6190.jpg,Organic,ok
0.533,0.55,0.944,0.325,0.579,perlu_cek_manual,O_6197.jpg,Organic,ok
0.352,0.822,0.893,0.269,0.585,perlu_cek_manual,O_620.jpg,Organic,ok
0.71,0.605,0.946,0.24,0.632,perlu_cek_manual,O_6205.jpg,Organic,ok
0.63,0.656,0.757,0.352,0.608,perlu_cek_manual,O_6209.jpg,Organic,ok
0.862,0.399,0.536,0.656,0.617,perlu_cek_manual,O_6210.jpg,Organic,ok
0.513,0.31,0.932,0.269,0.487,perlu_cek_manual,O_6211.jpg,Organic,ok
1.0,0.248,0.879,0.413,0.633,perlu_cek_manual,O_6214.jpg,Organic,ok
0.993,0.411,0.789,0.145,0.608,perlu_cek_manual,O_6216.jpg,Organic,ok
0.656,0.294,0.95,0.567,0.588,perlu_cek_manual,O_6217.jpg,Organic,ok
1.0,0.152,0.949,0.413,0.618,perlu_cek_manual,O_6219.jpg,Organic,ok
0.77,0.23,0.955,0.083,0.507,perlu_cek_manual,O_622.jpg,Organic,ok
0.529,0.717,0.707,0.308,0.577,perlu_cek_manual,O_6223.jpg,Organic,ok
0.884,0.26,0.46,0.176,0.47,perlu_cek_manual,O_6229.jpg,Organic,ok
0.307,0.62,0.888,0.266,0.509,perlu_cek_manual,O_6230.jpg,Organic,ok
0.651,0.24,0.451,0.343,0.426,perlu_cek_manual,O_6234.jpg,Organic,ok
0.574,0.132,0.865,0.561,0.497,perlu_cek_manual,O_6235.jpg,Organic,ok
1.0,0.38,0.804,0.149,0.605,perlu_cek_manual,O_6236.jpg,Organic,ok
0.449,0.525,0.684,0.419,0.513,perlu_cek_manual,O_6239.jpg,Organic,ok
0.387,0.461,0.45,0.485,0.441,perlu_cek_manual,O_6244.jpg,Organic,ok
0.909,0.485,0.992,0.016,0.62,perlu_cek_manual,O_6249.jpg,Organic,ok
0.628,0.687,0.745,0.314,0.606,perlu_cek_manual,O_6250.jpg,Organic,ok
0.644,0.414,0.615,0.253,0.491,perlu_cek_manual,O_6251.jpg,Organic,ok
0.649,0.708,0.778,0.21,0.604,perlu_cek_manual,O_6253.jpg,Organic,ok
0.374,0.389,0.435,0.435,0.403,perlu_cek_manual,O_6260.jpg,Organic,ok
0.38,0.263,0.294,0.495,0.351,perlu_cek_manual,O_6265.jpg,Organic,ok
0.232,0.412,0.612,0.271,0.37,perlu_cek_manual,O_6268.jpg,Organic,ok
0.387,0.369,0.491,0.255,0.376,perlu_cek_manual,O_6269.jpg,Organic,ok
0.173,0.606,0.45,0.456,0.415,perlu_cek_manual,O_627.jpg,Organic,ok
0.446,0.505,0.713,0.443,0.517,perlu_cek_manual,O_6273.jpg,Organic,ok
0.516,0.42,0.561,0.217,0.436,perlu_cek_manual,O_6279.jpg,Organic,ok
0.573,0.413,0.953,0.417,0.57,perlu_cek_manual,O_628.jpg,Organic,ok
0.345,0.43,0.45,0.285,0.38,perlu_cek_manual,O_6281.jpg,Organic,ok
0.394,0.696,0.369,0.507,0.502,perlu_cek_manual,O_6282.jpg,Organic,ok
0.475,0.486,0.379,0.366,0.437,perlu_cek_manual,O_6284.jpg,Organic,ok
0.421,0.501,0.482,0.476,0.468,perlu_cek_manual,O_6285.jpg,Organic,ok
0.184,0.527,0.355,0.38,0.36,perlu_cek_manual,O_6288.jpg,Organic,ok
0.212,1.0,0.369,0.468,0.531,perlu_cek_manual,O_6298.jpg,Organic,ok
0.543,0.846,1.0,0.027,0.622,perlu_cek_manual,O_630.jpg,Organic,ok
0.9,0.593,0.996,0.0,0.647,perlu_cek_manual,O_6300.jpg,Organic,ok
0.663,0.704,0.93,0.124,0.621,perlu_cek_manual,O_6301.jpg,Organic,ok
0.278,0.407,0.86,0.394,0.456,perlu_cek_manual,O_6303.jpg,Organic,ok
0.761,0.1,0.971,0.451,0.543,perlu_cek_manual,O_6311.jpg,Organic,ok
0.398,0.552,0.618,0.432,0.495,perlu_cek_manual,O_6314.jpg,Organic,ok
1.0,0.372,0.558,0.17,0.557,perlu_cek_manual,O_6315.jpg,Organic,ok
0.428,0.597,0.564,0.45,0.51,perlu_cek_manual,O_6323.jpg,Organic,ok
0.72,0.0,0.948,0.463,0.498,perlu_cek_manual,O_6324.jpg,Organic,ok
0.379,0.657,0.534,0.488,0.515,perlu_cek_manual,O_6325.jpg,Organic,ok
0.881,0.0,0.983,0.41,0.543,perlu_cek_manual,O_6329.jpg,Organic,ok
0.449,0.213,0.318,0.529,0.368,perlu_cek_manual,O_633.jpg,Organic,ok
0.388,1.0,0.47,0.238,0.558,perlu_cek_manual,O_6335.jpg,Organic,ok
0.562,0.322,0.512,0.555,0.479,perlu_cek_manual,O_6339.jpg,Organic,ok
0.234,0.268,0.664,0.378,0.359,perlu_cek_manual,O_6340.jpg,Organic,ok
0.286,0.347,0.873,0.5,0.464,perlu_cek_manual,O_6341.jpg,Organic,ok
0.283,0.535,0.324,0.437,0.398,perlu_cek_manual,O_6344.jpg,Organic,ok
0.323,0.403,0.547,0.174,0.362,perlu_cek_manual,O_6348.jpg,Organic,ok
0.549,0.354,0.42,0.558,0.466,perlu_cek_manual,O_635.jpg,Organic,ok
0.294,0.351,0.528,0.27,0.353,perlu_cek_manual,O_6351.jpg,Organic,ok
1.0,0.294,1.0,0.0,0.588,perlu_cek_manual,O_6353.jpg,Organic,ok
0.796,0.725,0.611,0.311,0.64,perlu_cek_manual,O_636.jpg,Organic,ok
0.298,0.468,0.443,0.454,0.409,perlu_cek_manual,O_6368.jpg,Organic,ok
0.748,0.413,0.946,0.291,0.596,perlu_cek_manual,O_6372.jpg,Organic,ok
0.458,0.43,0.895,0.198,0.485,perlu_cek_manual,O_6375.jpg,Organic,ok
0.824,0.403,0.546,0.429,0.563,perlu_cek_manual,O_6376.jpg,Organic,ok
0.719,0.579,0.514,0.477,0.588,perlu_cek_manual,O_6378.jpg,Organic,ok
1.0,0.102,0.486,0.393,0.506,perlu_cek_manual,O_638.jpg,Organic,ok
0.491,0.21,0.421,0.477,0.39,perlu_cek_manual,O_6383.jpg,Organic,ok
1.0,0.2,1.0,0.347,0.629,perlu_cek_manual,O_6386.jpg,Organic,ok
0.457,0.465,0.922,0.262,0.513,perlu_cek_manual,O_639.jpg,Organic,ok
0.21,0.78,0.402,0.423,0.462,perlu_cek_manual,O_6392.jpg,Organic,ok
0.258,0.471,0.442,0.283,0.364,perlu_cek_manual,O_640.jpg,Organic,ok
0.355,0.466,0.341,0.421,0.399,perlu_cek_manual,O_6400.jpg,Organic,ok
0.424,0.933,0.75,0.227,0.602,perlu_cek_manual,O_6401.jpg,Organic,ok
0.373,0.56,0.912,0.176,0.498,perlu_cek_manual,O_6405.jpg,Organic,ok
0.282,0.136,0.887,0.47,0.397,perlu_cek_manual,O_6407.jpg,Organic,ok
0.567,0.524,0.657,0.231,0.505,perlu_cek_manual,O_6412.jpg,Organic,ok
0.329,0.976,0.602,0.26,0.564,perlu_cek_manual,O_6416.jpg,Organic,ok
0.277,1.0,0.405,0.385,0.541,perlu_cek_manual,O_6418.jpg,Organic,ok
0.272,0.885,0.521,0.445,0.54,perlu_cek_manual,O_6419.jpg,Organic,ok
0.346,0.312,0.572,0.605,0.433,perlu_cek_manual,O_642.jpg,Organic,ok
0.794,0.426,0.865,0.277,0.594,perlu_cek_manual,O_6420.jpg,Organic,ok
0.266,0.658,0.461,0.488,0.467,perlu_cek_manual,O_6427.jpg,Organic,ok
0.811,0.0,0.94,0.195,0.47,perlu_cek_manual,O_643.jpg,Organic,ok
0.483,0.668,0.933,0.516,0.635,perlu_cek_manual,O_6430.jpg,Organic,ok
0.641,0.295,0.84,0.378,0.525,perlu_cek_manual,O_6432.jpg,Organic,ok
0.217,0.418,0.612,0.414,0.396,perlu_cek_manual,O_6435.jpg,Organic,ok
0.494,0.637,0.915,0.413,0.605,perlu_cek_manual,O_6438.jpg,Organic,ok
0.268,0.312,0.74,0.39,0.4,perlu_cek_manual,O_645.jpg,Organic,ok
0.722,0.534,0.952,0.14,0.595,perlu_cek_manual,O_6450.jpg,Organic,ok
0.294,0.414,0.581,0.192,0.367,perlu_cek_manual,O_6452.jpg,Organic,ok
0.479,0.041,0.909,0.294,0.397,perlu_cek_manual,O_6455.jpg,Organic,ok
0.697,0.732,0.955,0.055,0.631,perlu_cek_manual,O_6457.jpg,Organic,ok
0.552,0.601,0.423,0.49,0.528,perlu_cek_manual,O_6458.jpg,Organic,ok
0.143,0.779,0.363,0.499,0.449,perlu_cek_manual,O_6459.jpg,Organic,ok
0.364,0.28,0.815,0.368,0.43,perlu_cek_manual,O_6460.jpg,Organic,ok
0.619,0.55,0.607,0.256,0.523,perlu_cek_manual,O_6461.jpg,Organic,ok
0.332,0.614,0.428,0.363,0.442,perlu_cek_manual,O_6464.jpg,Organic,ok
0.372,0.367,0.596,0.175,0.376,perlu_cek_manual,O_6469.jpg,Organic,ok
0.162,1.0,0.852,0.308,0.581,perlu_cek_manual,O_6472.jpg,Organic,ok
0.679,0.579,0.603,0.287,0.555,perlu_cek_manual,O_648.jpg,Organic,ok
0.378,0.0,0.941,0.489,0.4,perlu_cek_manual,O_6480.jpg,Organic,ok
0.053,0.656,0.321,0.419,0.36,perlu_cek_manual,O_6484.jpg,Organic,ok
0.422,1.0,0.869,0.23,0.646,perlu_cek_manual,O_6488.jpg,Organic,ok
0.513,0.602,0.482,0.32,0.495,perlu_cek_manual,O_6498.jpg,Organic,ok
0.338,0.729,0.42,0.397,0.483,perlu_cek_manual,O_6499.jpg,Organic,ok
0.194,0.483,0.882,0.309,0.441,perlu_cek_manual,O_6513.jpg,Organic,ok
0.634,0.415,0.957,0.524,0.611,perlu_cek_manual,O_6516.jpg,Organic,ok
1.0,0.182,0.999,0.175,0.59,perlu_cek_manual,O_6518.jpg,Organic,ok
0.349,0.552,0.516,0.526,0.479,perlu_cek_manual,O_6519.jpg,Organic,ok
0.456,0.219,0.798,0.403,0.443,perlu_cek_manual,O_652.jpg,Organic,ok
0.331,0.621,0.327,0.363,0.424,perlu_cek_manual,O_6524.jpg,Organic,ok
0.621,0.632,0.936,0.231,0.609,perlu_cek_manual,O_6527.jpg,Organic,ok
0.611,0.701,0.699,0.341,0.602,perlu_cek_manual,O_6533.jpg,Organic,ok
0.176,0.63,0.591,0.382,0.436,perlu_cek_manual,O_6542.jpg,Organic,ok
0.328,0.372,0.928,0.304,0.456,perlu_cek_manual,O_655.jpg,Organic,ok
0.51,0.682,0.897,0.381,0.613,perlu_cek_manual,O_6554.jpg,Organic,ok
0.794,0.491,0.975,0.163,0.613,perlu_cek_manual,O_6558.jpg,Organic,ok
0.224,0.361,0.338,0.544,0.352,perlu_cek_manual,O_6565.jpg,Organic,ok
0.4,0.46,0.487,0.428,0.441,perlu_cek_manual,O_6567.jpg,Organic,ok
0.378,0.42,0.522,0.245,0.393,perlu_cek_manual,O_6575.jpg,Organic,ok
0.303,0.688,0.464,0.361,0.462,perlu_cek_manual,O_6576.jpg,Organic,ok
1.0,0.522,0.729,0.004,0.603,perlu_cek_manual,O_6577.jpg,Organic,ok
0.305,0.442,0.39,0.333,0.369,perlu_cek_manual,O_6587.jpg,Organic,ok
0.176,0.562,0.219,0.451,0.355,perlu_cek_manual,O_6593.jpg,Organic,ok
0.308,0.141,0.874,0.684,0.446,perlu_cek_manual,O_6598.jpg,Organic,ok
0.41,0.142,0.938,0.339,0.421,perlu_cek_manual,O_6601.jpg,Organic,ok
0.673,0.412,0.672,0.405,0.541,perlu_cek_manual,O_6602.jpg,Organic,ok
1.0,0.088,0.905,0.4,0.587,perlu_cek_manual,O_661.jpg,Organic,ok
0.601,0.47,0.973,0.384,0.593,perlu_cek_manual,O_6620.jpg,Organic,ok
0.224,0.398,0.356,0.471,0.352,perlu_cek_manual,O_6622.jpg,Organic,ok
0.72,0.0,0.962,0.301,0.469,perlu_cek_manual,O_6634.jpg,Organic,ok
0.796,0.439,0.965,0.146,0.593,perlu_cek_manual,O_6635.jpg,Organic,ok
0.67,0.82,0.893,0.087,0.643,perlu_cek_manual,O_6636.jpg,Organic,ok
1.0,0.379,0.508,0.406,0.596,perlu_cek_manual,O_6647.jpg,Organic,ok
0.409,1.0,0.878,0.18,0.634,perlu_cek_manual,O_6648.jpg,Organic,ok
0.481,0.416,0.663,0.486,0.499,perlu_cek_manual,O_6650.jpg,Organic,ok
0.649,0.704,0.909,0.306,0.649,perlu_cek_manual,O_6654.jpg,Organic,ok
0.325,0.397,0.668,0.539,0.458,perlu_cek_manual,O_6665.jpg,Organic,ok
1.0,0.248,1.0,0.373,0.649,perlu_cek_manual,O_6666.jpg,Organic,ok
1.0,0.3,0.486,0.411,0.569,perlu_cek_manual,O_6667.jpg,Organic,ok
0.747,0.71,0.901,0.0,0.617,perlu_cek_manual,O_6669.jpg,Organic,ok
0.818,0.705,0.763,0.0,0.609,perlu_cek_manual,O_667.jpg,Organic,ok
1.0,0.27,0.536,0.25,0.538,perlu_cek_manual,O_6670.jpg,Organic,ok
0.577,0.525,0.917,0.539,0.622,perlu_cek_manual,O_6675.jpg,Organic,ok
1.0,0.247,0.806,0.446,0.624,perlu_cek_manual,O_6677.jpg,Organic,ok
0.218,1.0,0.882,0.264,0.595,perlu_cek_manual,O_6680.jpg,Organic,ok
0.445,0.709,0.88,0.135,0.549,perlu_cek_manual,O_6685.jpg,Organic,ok
0.756,0.574,0.939,0.299,0.647,perlu_cek_manual,O_6686.jpg,Organic,ok
0.568,0.332,0.939,0.414,0.541,perlu_cek_manual,O_6692.jpg,Organic,ok
0.438,0.967,0.928,0.113,0.629,perlu_cek_manual,O_6693.jpg,Organic,ok
1.0,0.422,0.993,0.006,0.626,perlu_cek_manual,O_6698.jpg,Organic,ok
0.412,0.0,0.879,0.677,0.435,perlu_cek_manual,O_6701.jpg,Organic,ok
0.986,0.0,0.982,0.461,0.585,perlu_cek_manual,O_6707.jpg,Organic,ok
0.543,0.518,0.901,0.479,0.594,perlu_cek_manual,O_671.jpg,Organic,ok
1.0,0.22,0.992,0.164,0.597,perlu_cek_manual,O_6711.jpg,Organic,ok
0.783,0.524,0.607,0.558,0.625,perlu_cek_manual,O_6717.jpg,Organic,ok
0.544,0.411,0.388,0.434,0.451,perlu_cek_manual,O_6730.jpg,Organic,ok
1.0,0.209,0.782,0.314,0.582,perlu_cek_manual,O_6735.jpg,Organic,ok
0.09,0.96,0.302,0.281,0.432,perlu_cek_manual,O_674.jpg,Organic,ok
0.243,0.55,0.857,0.347,0.479,perlu_cek_manual,O_6741.jpg,Organic,ok
0.494,0.583,0.898,0.46,0.595,perlu_cek_manual,O_6743.jpg,Organic,ok
0.76,0.03,0.912,0.409,0.501,perlu_cek_manual,O_6744.jpg,Organic,ok
0.63,0.402,0.871,0.361,0.556,perlu_cek_manual,O_6746.jpg,Organic,ok
0.227,0.435,0.353,0.515,0.372,perlu_cek_manual,O_6747.jpg,Organic,ok
0.566,0.457,0.92,0.555,0.602,perlu_cek_manual,O_6753.jpg,Organic,ok
0.637,0.57,0.853,0.519,0.637,perlu_cek_manual,O_6761.jpg,Organic,ok
0.687,0.74,0.955,0.122,0.643,perlu_cek_manual,O_6763.jpg,Organic,ok
0.803,0.253,0.761,0.576,0.584,perlu_cek_manual,O_6769.jpg,Organic,ok
0.648,0.4,0.659,0.047,0.455,perlu_cek_manual,O_6771.jpg,Organic,ok
0.429,0.314,0.907,0.237,0.452,perlu_cek_manual,O_6778.jpg,Organic,ok
1.0,0.208,0.885,0.518,0.643,perlu_cek_manual,O_678.jpg,Organic,ok
0.817,0.523,0.958,0.0,0.594,perlu_cek_manual,O_6789.jpg,Organic,ok
0.276,0.628,0.637,0.264,0.451,perlu_cek_manual,O_679.jpg,Organic,ok
1.0,0.149,0.734,0.176,0.527,perlu_cek_manual,O_6790.jpg,Organic,ok
0.855,0.635,0.914,0.019,0.633,perlu_cek_manual,O_6793.jpg,Organic,ok
0.285,0.361,0.383,0.476,0.366,perlu_cek_manual,O_6794.jpg,Organic,ok
0.319,0.205,0.545,0.44,0.354,perlu_cek_manual,O_6808.jpg,Organic,ok
0.719,0.739,0.791,0.23,0.641,perlu_cek_manual,O_6815.jpg,Organic,ok
1.0,0.183,1.0,0.365,0.628,perlu_cek_manual,O_6818.jpg,Organic,ok
1.0,0.254,0.907,0.321,0.622,perlu_cek_manual,O_6820.jpg,Organic,ok
0.838,0.389,0.969,0.359,0.633,perlu_cek_manual,O_6822.jpg,Organic,ok
1.0,0.08,1.0,0.28,0.58,perlu_cek_manual,O_6826.jpg,Organic,ok
0.637,0.0,0.915,0.376,0.449,perlu_cek_manual,O_6832.jpg,Organic,ok
0.505,0.785,0.92,0.206,0.612,perlu_cek_manual,O_6838.jpg,Organic,ok
0.357,0.394,0.255,0.464,0.369,perlu_cek_manual,O_684.jpg,Organic,ok
0.665,0.577,0.75,0.367,0.596,perlu_cek_manual,O_6844.jpg,Organic,ok
0.77,0.361,0.962,0.333,0.598,perlu_cek_manual,O_6851.jpg,Organic,ok
0.428,0.448,0.681,0.548,0.508,perlu_cek_manual,O_6854.jpg,Organic,ok
0.313,0.823,0.869,0.526,0.62,perlu_cek_manual,O_6855.jpg,Organic,ok
0.78,0.279,0.954,0.0,0.509,perlu_cek_manual,O_6862.jpg,Organic,ok
0.539,0.228,0.917,0.383,0.49,perlu_cek_manual,O_6872.jpg,Organic,ok
1.0,0.136,0.985,0.306,0.599,perlu_cek_manual,O_6873.jpg,Organic,ok
0.257,0.246,0.797,0.246,0.36,perlu_cek_manual,O_6878.jpg,Organic,ok
0.38,0.168,0.877,0.26,0.392,perlu_cek_manual,O_6882.jpg,Organic,ok
0.584,0.183,0.423,0.495,0.414,perlu_cek_manual,O_6902.jpg,Organic,ok
0.611,0.318,0.953,0.387,0.547,perlu_cek_manual,O_6909.jpg,Organic,ok
0.153,0.329,0.768,0.405,0.379,perlu_cek_manual,O_691.jpg,Organic,ok
0.847,0.456,0.982,0.0,0.587,perlu_cek_manual,O_6911.jpg,Organic,ok
0.731,0.381,0.963,0.127,0.552,perlu_cek_manual,O_6919.jpg,Organic,ok
0.601,0.249,0.446,0.42,0.428,perlu_cek_manual,O_6928.jpg,Organic,ok
1.0,0.301,0.505,0.539,0.599,perlu_cek_manual,O_693.jpg,Organic,ok
0.384,0.52,0.807,0.465,0.526,perlu_cek_manual,O_6934.jpg,Organic,ok
0.749,0.0,0.942,0.51,0.515,perlu_cek_manual,O_6938.jpg,Organic,ok
0.319,0.341,0.478,0.415,0.377,perlu_cek_manual,O_6948.jpg,Organic,ok
0.779,0.314,0.973,0.429,0.608,perlu_cek_manual,O_6950.jpg,Organic,ok
0.678,0.733,0.982,0.0,0.619,perlu_cek_manual,O_6959.jpg,Organic,ok
0.653,0.358,0.757,0.47,0.549,perlu_cek_manual,O_6960.jpg,Organic,ok
0.576,0.164,0.929,0.41,0.49,perlu_cek_manual,O_6972.jpg,Organic,ok
0.721,0.768,0.972,0.0,0.641,perlu_cek_manual,O_6973.jpg,Organic,ok
0.955,0.16,0.884,0.425,0.596,perlu_cek_manual,O_6977.jpg,Organic,ok
0.438,0.736,0.53,0.505,0.559,perlu_cek_manual,O_698.jpg,Organic,ok
1.0,0.0,1.0,0.0,0.5,perlu_cek_manual,O_6984.jpg,Organic,ok
0.641,0.561,0.526,0.375,0.541,perlu_cek_manual,O_6985.jpg,Organic,ok
0.344,0.695,0.934,0.032,0.505,perlu_cek_manual,O_6990.jpg,Organic,ok
0.486,0.345,0.881,0.556,0.537,perlu_cek_manual,O_6993.jpg,Organic,ok
0.583,0.507,0.962,0.343,0.588,perlu_cek_manual,O_6994.jpg,Organic,ok
0.641,0.604,0.686,0.347,0.58,perlu_cek_manual,O_6999.jpg,Organic,ok
0.153,0.505,0.369,0.437,0.359,perlu_cek_manual,O_7.jpg,Organic,ok
0.692,0.564,0.958,0.291,0.627,perlu_cek_manual,O_7001.jpg,Organic,ok
0.345,0.132,0.597,0.566,0.376,perlu_cek_manual,O_7005.jpg,Organic,ok
0.16,0.124,0.787,0.548,0.352,perlu_cek_manual,O_7006.jpg,Organic,ok
0.225,0.226,0.781,0.374,0.366,perlu_cek_manual,O_7020.jpg,Organic,ok
0.518,0.304,0.69,0.605,0.506,perlu_cek_manual,O_7022.jpg,Organic,ok
0.695,0.346,0.498,0.503,0.513,perlu_cek_manual,O_7023.jpg,Organic,ok
0.858,0.344,0.953,0.367,0.624,perlu_cek_manual,O_7025.jpg,Organic,ok
0.481,0.202,0.848,0.421,0.459,perlu_cek_manual,O_7030.jpg,Organic,ok
0.706,0.363,0.557,0.403,0.512,perlu_cek_manual,O_7046.jpg,Organic,ok
0.78,0.443,0.59,0.455,0.576,perlu_cek_manual,O_7056.jpg,Organic,ok
0.584,0.207,0.502,0.541,0.446,perlu_cek_manual,O_7057.jpg,Organic,ok
0.695,0.298,0.421,0.369,0.456,perlu_cek_manual,O_7061.jpg,Organic,ok
0.808,0.38,0.551,0.521,0.571,perlu_cek_manual,O_7066.jpg,Organic,ok
0.58,0.406,0.519,0.431,0.486,perlu_cek_manual,O_7073.jpg,Organic,ok
0.55,0.281,0.768,0.469,0.497,perlu_cek_manual,O_7074.jpg,Organic,ok
0.871,0.52,0.75,0.015,0.57,perlu_cek_manual,O_7075.jpg,Organic,ok
0.8,0.227,0.948,0.317,0.561,perlu_cek_manual,O_7078.jpg,Organic,ok
0.521,0.328,0.381,0.328,0.397,perlu_cek_manual,O_7082.jpg,Organic,ok
0.517,0.374,0.626,0.456,0.484,perlu_cek_manual,O_7086.jpg,Organic,ok
0.329,0.562,0.826,0.39,0.51,perlu_cek_manual,O_7091.jpg,Organic,ok
0.472,0.403,0.852,0.393,0.511,perlu_cek_manual,O_7097.jpg,Organic,ok
0.574,0.0,0.732,0.671,0.453,perlu_cek_manual,O_7105.jpg,Organic,ok
0.809,0.381,0.586,0.466,0.567,perlu_cek_manual,O_7107.jpg,Organic,ok
0.765,0.365,0.639,0.392,0.545,perlu_cek_manual,O_7108.jpg,Organic,ok
0.6,0.448,0.947,0.298,0.563,perlu_cek_manual,O_7111.jpg,Organic,ok
0.882,0.488,0.524,0.389,0.594,perlu_cek_manual,O_7115.jpg,Organic,ok
0.539,0.122,0.798,0.173,0.392,perlu_cek_manual,O_712.jpg,Organic,ok
0.603,0.573,0.86,0.366,0.598,perlu_cek_manual,O_7123.jpg,Organic,ok
0.321,0.135,0.869,0.47,0.405,perlu_cek_manual,O_7125.jpg,Organic,ok
0.944,0.514,0.378,0.623,0.638,perlu_cek_manual,O_713.jpg,Organic,ok
0.714,0.683,0.968,0.0,0.613,perlu_cek_manual,O_7133.jpg,Organic,ok
0.972,0.332,0.533,0.465,0.591,perlu_cek_manual,O_7134.jpg,Organic,ok
0.716,0.228,0.8,0.125,0.468,perlu_cek_manual,O_7137.jpg,Organic,ok
0.554,0.487,0.583,0.208,0.47,perlu_cek_manual,O_7146.jpg,Organic,ok
0.643,0.186,0.962,0.399,0.521,perlu_cek_manual,O_7147.jpg,Organic,ok
0.359,0.599,0.49,0.528,0.491,perlu_cek_manual,O_715.jpg,Organic,ok
0.541,0.395,0.933,0.374,0.542,perlu_cek_manual,O_7150.jpg,Organic,ok
0.415,0.191,0.905,0.356,0.434,perlu_cek_manual,O_7153.jpg,Organic,ok
0.289,0.546,0.691,0.527,0.494,perlu_cek_manual,O_7162.jpg,Organic,ok
0.266,0.261,0.721,0.576,0.418,perlu_cek_manual,O_7165.jpg,Organic,ok
0.756,0.336,0.979,0.554,0.634,perlu_cek_manual,O_7168.jpg,Organic,ok
0.858,0.069,0.945,0.329,0.533,perlu_cek_manual,O_717.jpg,Organic,ok
0.485,0.385,0.656,0.479,0.488,perlu_cek_manual,O_7172.jpg,Organic,ok
0.32,1.0,0.377,0.441,0.56,perlu_cek_manual,O_718.jpg,Organic,ok
0.584,0.193,0.378,0.345,0.378,perlu_cek_manual,O_7182.jpg,Organic,ok
0.584,0.404,0.53,0.329,0.468,perlu_cek_manual,O_7185.jpg,Organic,ok
0.462,0.269,0.95,0.455,0.5,perlu_cek_manual,O_7186.jpg,Organic,ok
0.772,0.64,0.494,0.443,0.611,perlu_cek_manual,O_7190.jpg,Organic,ok
0.913,0.213,0.701,0.0,0.478,perlu_cek_manual,O_7195.jpg,Organic,ok
0.671,0.242,0.737,0.341,0.49,perlu_cek_manual,O_7197.jpg,Organic,ok
0.705,0.345,0.466,0.584,0.525,perlu_cek_manual,O_72.jpg,Organic,ok
0.22,0.599,0.874,0.32,0.484,perlu_cek_manual,O_7200.jpg,Organic,ok
0.706,0.394,0.582,0.396,0.526,perlu_cek_manual,O_7201.jpg,Organic,ok
0.679,0.361,0.503,0.451,0.503,perlu_cek_manual,O_7203.jpg,Organic,ok
0.909,0.47,0.702,0.452,0.645,perlu_cek_manual,O_7207.jpg,Organic,ok
0.36,0.412,0.664,0.349,0.434,perlu_cek_manual,O_7208.jpg,Organic,ok
0.528,0.506,0.526,0.492,0.514,perlu_cek_manual,O_721.jpg,Organic,ok
0.49,0.231,0.387,0.306,0.355,perlu_cek_manual,O_7214.jpg,Organic,ok
0.31,0.641,0.964,0.091,0.496,perlu_cek_manual,O_7217.jpg,Organic,ok
0.599,0.75,0.949,0.0,0.594,perlu_cek_manual,O_7218.jpg,Organic,ok
1.0,0.423,0.616,0.482,0.646,perlu_cek_manual,O_7219.jpg,Organic,ok
0.389,0.714,0.93,0.053,0.528,perlu_cek_manual,O_7220.jpg,Organic,ok
0.752,0.587,0.94,0.0,0.59,perlu_cek_manual,O_7223.jpg,Organic,ok
0.381,0.822,0.903,0.255,0.592,perlu_cek_manual,O_7228.jpg,Organic,ok
0.99,0.155,0.806,0.225,0.55,perlu_cek_manual,O_7238.jpg,Organic,ok
0.995,0.098,0.959,0.008,0.521,perlu_cek_manual,O_7249.jpg,Organic,ok
0.532,0.631,0.89,0.434,0.614,perlu_cek_manual,O_7250.jpg,Organic,ok
0.579,0.345,0.903,0.23,0.504,perlu_cek_manual,O_7260.jpg,Organic,ok
1.0,0.383,0.999,0.031,0.621,perlu_cek_manual,O_7261.jpg,Organic,ok
0.731,0.76,0.823,0.064,0.625,perlu_cek_manual,O_7265.jpg,Organic,ok
0.419,0.662,0.682,0.565,0.574,perlu_cek_manual,O_7268.jpg,Organic,ok
0.469,0.524,0.74,0.282,0.502,perlu_cek_manual,O_7269.jpg,Organic,ok
0.917,0.378,0.562,0.401,0.581,perlu_cek_manual,O_7277.jpg,Organic,ok
0.539,0.508,0.894,0.419,0.577,perlu_cek_manual,O_7280.jpg,Organic,ok
0.327,0.051,0.79,0.53,0.378,perlu_cek_manual,O_7284.jpg,Organic,ok
1.0,0.533,0.864,0.04,0.641,perlu_cek_manual,O_7285.jpg,Organic,ok
0.945,0.442,0.635,0.476,0.639,perlu_cek_manual,O_7289.jpg,Organic,ok
0.352,0.68,0.712,0.535,0.559,perlu_cek_manual,O_7290.jpg,Organic,ok
0.583,0.49,0.502,0.416,0.505,perlu_cek_manual,O_7293.jpg,Organic,ok
0.575,0.658,0.951,0.354,0.631,perlu_cek_manual,O_7297.jpg,Organic,ok
0.476,0.375,0.562,0.361,0.44,perlu_cek_manual,O_7298.jpg,Organic,ok
0.57,0.314,0.842,0.591,0.552,perlu_cek_manual,O_7300.jpg,Organic,ok
0.353,0.296,0.909,0.471,0.471,perlu_cek_manual,O_7303.jpg,Organic,ok
0.743,0.425,0.838,0.387,0.595,perlu_cek_manual,O_7304.jpg,Organic,ok
0.397,0.164,0.831,0.446,0.424,perlu_cek_manual,O_7308.jpg,Organic,ok
0.507,0.662,0.949,0.347,0.61,perlu_cek_manual,O_7310.jpg,Organic,ok
1.0,0.427,0.908,0.168,0.643,perlu_cek_manual,O_7311.jpg,Organic,ok
1.0,0.156,0.989,0.407,0.626,perlu_cek_manual,O_7312.jpg,Organic,ok
0.714,0.315,0.856,0.245,0.529,perlu_cek_manual,O_7315.jpg,Organic,ok
0.749,0.455,0.924,0.177,0.581,perlu_cek_manual,O_7317.jpg,Organic,ok
0.784,0.161,0.979,0.284,0.536,perlu_cek_manual,O_7319.jpg,Organic,ok
0.494,0.371,0.834,0.389,0.504,perlu_cek_manual,O_7320.jpg,Organic,ok
1.0,0.134,0.89,0.533,0.625,perlu_cek_manual,O_7325.jpg,Organic,ok
0.504,0.172,0.939,0.541,0.499,perlu_cek_manual,O_7326.jpg,Organic,ok
1.0,0.422,0.476,0.486,0.619,perlu_cek_manual,O_7327.jpg,Organic,ok
1.0,0.166,0.968,0.511,0.646,perlu_cek_manual,O_7330.jpg,Organic,ok
0.834,0.202,0.962,0.499,0.603,perlu_cek_manual,O_7331.jpg,Organic,ok
0.386,0.903,0.813,0.403,0.63,perlu_cek_manual,O_7332.jpg,Organic,ok
0.542,0.187,0.606,0.58,0.456,perlu_cek_manual,O_7333.jpg,Organic,ok
0.408,0.209,0.547,0.652,0.425,perlu_cek_manual,O_7334.jpg,Organic,ok
0.671,0.0,0.885,0.455,0.469,perlu_cek_manual,O_7336.jpg,Organic,ok
0.876,0.4,0.878,0.453,0.649,perlu_cek_manual,O_7339.jpg,Organic,ok
0.775,0.588,0.94,0.001,0.597,perlu_cek_manual,O_7340.jpg,Organic,ok
0.408,0.017,0.932,0.543,0.423,perlu_cek_manual,O_7342.jpg,Organic,ok
0.159,0.722,0.809,0.214,0.469,perlu_cek_manual,O_7344.jpg,Organic,ok
0.798,0.59,0.773,0.323,0.636,perlu_cek_manual,O_735.jpg,Organic,ok
0.613,0.009,0.897,0.325,0.431,perlu_cek_manual,O_7350.jpg,Organic,ok
0.743,0.178,0.937,0.431,0.55,perlu_cek_manual,O_7351.jpg,Organic,ok
0.699,0.0,0.843,0.508,0.48,perlu_cek_manual,O_7354.jpg,Organic,ok
0.838,0.432,0.55,0.317,0.554,perlu_cek_manual,O_7355.jpg,Organic,ok
0.503,0.295,0.859,0.467,0.504,perlu_cek_manual,O_7360.jpg,Organic,ok
1.0,0.099,1.0,0.197,0.569,perlu_cek_manual,O_7363.jpg,Organic,ok
0.252,0.226,0.892,0.625,0.447,perlu_cek_manual,O_7366.jpg,Organic,ok
0.982,0.488,0.992,0.0,0.639,perlu_cek_manual,O_7369.jpg,Organic,ok
1.0,0.0,0.982,0.314,0.559,perlu_cek_manual,O_7371.jpg,Organic,ok
0.459,1.0,0.451,0.519,0.632,perlu_cek_manual,O_7373.jpg,Organic,ok
0.655,0.171,0.643,0.321,0.441,perlu_cek_manual,O_7376.jpg,Organic,ok
0.526,0.312,0.925,0.295,0.495,perlu_cek_manual,O_7378.jpg,Organic,ok
1.0,0.0,1.0,0.42,0.584,perlu_cek_manual,O_7382.jpg,Organic,ok
0.396,0.178,0.919,0.413,0.439,perlu_cek_manual,O_7385.jpg,Organic,ok
0.47,0.458,0.894,0.61,0.579,perlu_cek_manual,O_7392.jpg,Organic,ok
0.523,0.27,0.676,0.583,0.489,perlu_cek_manual,O_7395.jpg,Organic,ok
0.8,0.406,1.0,0.27,0.616,perlu_cek_manual,O_7399.jpg,Organic,ok
0.475,0.618,0.89,0.549,0.616,perlu_cek_manual,O_7405.jpg,Organic,ok
0.986,0.147,0.831,0.516,0.609,perlu_cek_manual,O_7406.jpg,Organic,ok
0.168,0.907,1.0,0.461,0.615,perlu_cek_manual,O_7410.jpg,Organic,ok
1.0,0.339,0.493,0.503,0.601,perlu_cek_manual,O_7411.jpg,Organic,ok
0.639,0.271,0.928,0.454,0.55,perlu_cek_manual,O_7412.jpg,Organic,ok
0.272,0.452,0.355,0.314,0.351,perlu_cek_manual,O_7415.jpg,Organic,ok
1.0,0.297,0.884,0.399,0.645,perlu_cek_manual,O_7416.jpg,Organic,ok
1.0,0.178,0.969,0.488,0.645,perlu_cek_manual,O_7419.jpg,Organic,ok
0.771,0.604,0.954,0.15,0.633,perlu_cek_manual,O_7420.jpg,Organic,ok
0.481,0.719,0.902,0.465,0.634,perlu_cek_manual,O_7421.jpg,Organic,ok
0.468,0.258,0.91,0.417,0.483,perlu_cek_manual,O_7423.jpg,Organic,ok
0.655,0.457,0.578,0.471,0.543,perlu_cek_manual,O_7424.jpg,Organic,ok
0.57,0.609,0.962,0.117,0.57,perlu_cek_manual,O_7425.jpg,Organic,ok
0.726,0.682,0.9,0.231,0.648,perlu_cek_manual,O_743.jpg,Organic,ok
0.637,0.852,0.63,0.202,0.613,perlu_cek_manual,O_7431.jpg,Organic,ok
0.872,0.35,0.966,0.382,0.636,perlu_cek_manual,O_7432.jpg,Organic,ok
0.571,0.574,0.95,0.407,0.615,perlu_cek_manual,O_7442.jpg,Organic,ok
1.0,0.372,1.0,0.158,0.643,perlu_cek_manual,O_7444.jpg,Organic,ok
0.563,0.288,0.889,0.482,0.529,perlu_cek_manual,O_7446.jpg,Organic,ok
0.38,0.197,0.838,0.37,0.415,perlu_cek_manual,O_7448.jpg,Organic,ok
0.565,0.241,0.934,0.509,0.531,perlu_cek_manual,O_7449.jpg,Organic,ok
0.308,0.156,0.8,0.464,0.392,perlu_cek_manual,O_7452.jpg,Organic,ok
0.704,0.287,0.902,0.442,0.566,perlu_cek_manual,O_7460.jpg,Organic,ok
0.8,0.233,0.954,0.364,0.574,perlu_cek_manual,O_7462.jpg,Organic,ok
1.0,0.128,0.542,0.39,0.525,perlu_cek_manual,O_7463.jpg,Organic,ok
1.0,0.0,0.983,0.489,0.594,perlu_cek_manual,O_7464.jpg,Organic,ok
0.631,0.0,0.945,0.299,0.438,perlu_cek_manual,O_7470.jpg,Organic,ok
1.0,0.22,0.966,0.36,0.631,perlu_cek_manual,O_7473.jpg,Organic,ok
1.0,0.0,0.993,0.597,0.618,perlu_cek_manual,O_7484.jpg,Organic,ok
0.499,0.467,0.901,0.789,0.628,perlu_cek_manual,O_7486.jpg,Organic,ok
1.0,0.0,1.0,0.566,0.613,perlu_cek_manual,O_7488.jpg,Organic,ok
0.616,0.539,0.929,0.253,0.583,perlu_cek_manual,O_7489.jpg,Organic,ok
0.387,0.259,0.897,0.537,0.48,perlu_cek_manual,O_749.jpg,Organic,ok
1.0,0.298,0.894,0.296,0.628,perlu_cek_manual,O_7490.jpg,Organic,ok
0.724,0.382,0.916,0.538,0.622,perlu_cek_manual,O_7491.jpg,Organic,ok
0.467,0.33,0.91,0.36,0.493,perlu_cek_manual,O_7498.jpg,Organic,ok
1.0,0.229,0.949,0.378,0.634,perlu_cek_manual,O_7501.jpg,Organic,ok
0.591,0.178,0.89,0.484,0.505,perlu_cek_manual,O_7506.jpg,Organic,ok
1.0,0.434,1.0,0.024,0.635,perlu_cek_manual,O_7507.jpg,Organic,ok
0.438,0.43,0.906,0.371,0.516,perlu_cek_manual,O_7512.jpg,Organic,ok
1.0,0.185,0.647,0.717,0.628,perlu_cek_manual,O_7517.jpg,Organic,ok
1.0,0.0,1.0,0.508,0.602,perlu_cek_manual,O_752.jpg,Organic,ok
0.163,0.248,0.814,0.391,0.364,perlu_cek_manual,O_7521.jpg,Organic,ok
0.59,0.214,0.888,0.542,0.527,perlu_cek_manual,O_7527.jpg,Organic,ok
0.985,0.0,0.997,0.547,0.604,perlu_cek_manual,O_7531.jpg,Organic,ok
0.459,0.135,0.883,0.472,0.449,perlu_cek_manual,O_7532.jpg,Organic,ok
1.0,0.094,0.98,0.325,0.589,perlu_cek_manual,O_7536.jpg,Organic,ok
0.449,0.704,0.929,0.472,0.626,perlu_cek_manual,O_7544.jpg,Organic,ok
0.796,0.421,0.882,0.256,0.593,perlu_cek_manual,O_7548.jpg,Organic,ok
0.568,0.533,0.961,0.385,0.6,perlu_cek_manual,O_7550.jpg,Organic,ok
0.211,0.467,0.341,0.61,0.394,perlu_cek_manual,O_7551.jpg,Organic,ok
1.0,0.203,0.973,0.349,0.625,perlu_cek_manual,O_7556.jpg,Organic,ok
0.919,0.207,0.847,0.369,0.581,perlu_cek_manual,O_7559.jpg,Organic,ok
0.875,0.317,0.977,0.399,0.633,perlu_cek_manual,O_7565.jpg,Organic,ok
1.0,0.409,0.963,0.158,0.647,perlu_cek_manual,O_7566.jpg,Organic,ok
0.297,0.515,0.873,0.218,0.461,perlu_cek_manual,O_7569.jpg,Organic,ok
0.302,0.732,0.892,0.502,0.589,perlu_cek_manual,O_7572.jpg,Organic,ok
0.54,0.406,0.862,0.435,0.543,perlu_cek_manual,O_7574.jpg,Organic,ok
0.603,0.581,0.737,0.307,0.564,perlu_cek_manual,O_7575.jpg,Organic,ok
1.0,0.387,0.832,0.219,0.626,perlu_cek_manual,O_7579.jpg,Organic,ok
0.577,0.215,0.489,0.463,0.428,perlu_cek_manual,O_758.jpg,Organic,ok
0.545,0.611,0.946,0.055,0.547,perlu_cek_manual,O_7581.jpg,Organic,ok
0.271,0.274,0.807,0.372,0.399,perlu_cek_manual,O_7586.jpg,Organic,ok
0.37,0.242,0.958,0.429,0.461,perlu_cek_manual,O_7590.jpg,Organic,ok
0.488,0.832,0.638,0.474,0.618,perlu_cek_manual,O_7594.jpg,Organic,ok
0.818,0.0,1.0,0.584,0.562,perlu_cek_manual,O_7606.jpg,Organic,ok
1.0,0.36,0.822,0.15,0.602,perlu_cek_manual,O_7607.jpg,Organic,ok
0.228,0.244,0.865,0.421,0.399,perlu_cek_manual,O_7608.jpg,Organic,ok
0.801,0.444,0.969,0.407,0.649,perlu_cek_manual,O_7610.jpg,Organic,ok
0.636,0.0,0.9,0.477,0.466,perlu_cek_manual,O_7611.jpg,Organic,ok
0.689,0.135,0.909,0.428,0.515,perlu_cek_manual,O_7613.jpg,Organic,ok
0.269,0.261,0.881,0.243,0.384,perlu_cek_manual,O_7617.jpg,Organic,ok
1.0,0.431,0.536,0.48,0.633,perlu_cek_manual,O_7620.jpg,Organic,ok
0.464,0.298,0.523,0.674,0.468,perlu_cek_manual,O_7625.jpg,Organic,ok
0.178,1.0,0.861,0.461,0.618,perlu_cek_manual,O_7626.jpg,Organic,ok
0.677,0.448,0.757,0.308,0.551,perlu_cek_manual,O_7628.jpg,Organic,ok
0.566,0.524,0.924,0.481,0.608,perlu_cek_manual,O_7629.jpg,Organic,ok
0.188,0.211,0.868,0.323,0.358,perlu_cek_manual,O_7637.jpg,Organic,ok
0.278,0.157,0.585,0.626,0.373,perlu_cek_manual,O_7638.jpg,Organic,ok
0.837,0.169,0.889,0.56,0.592,perlu_cek_manual,O_7641.jpg,Organic,ok
0.37,0.121,0.861,0.522,0.424,perlu_cek_manual,O_7643.jpg,Organic,ok
0.36,0.321,0.922,0.255,0.44,perlu_cek_manual,O_7644.jpg,Organic,ok
1.0,0.229,0.986,0.183,0.603,perlu_cek_manual,O_7646.jpg,Organic,ok
1.0,0.201,0.996,0.429,0.645,perlu_cek_manual,O_7652.jpg,Organic,ok
0.599,0.585,0.949,0.394,0.624,perlu_cek_manual,O_7656.jpg,Organic,ok
0.283,0.195,0.865,0.523,0.421,perlu_cek_manual,O_7657.jpg,Organic,ok
0.673,0.301,0.954,0.415,0.566,perlu_cek_manual,O_7660.jpg,Organic,ok
0.605,0.733,0.884,0.306,0.64,perlu_cek_manual,O_7664.jpg,Organic,ok
0.461,0.0,0.886,0.384,0.392,perlu_cek_manual,O_7665.jpg,Organic,ok
0.926,0.178,0.988,0.355,0.6,perlu_cek_manual,O_7668.jpg,Organic,ok
0.878,0.291,0.786,0.379,0.584,perlu_cek_manual,O_7678.jpg,Organic,ok
1.0,0.297,0.844,0.304,0.619,perlu_cek_manual,O_7679.jpg,Organic,ok
0.592,0.351,0.895,0.455,0.553,perlu_cek_manual,O_7686.jpg,Organic,ok
1.0,0.324,0.495,0.313,0.559,perlu_cek_manual,O_7687.jpg,Organic,ok
0.571,0.913,0.96,0.0,0.637,perlu_cek_manual,O_7692.jpg,Organic,ok
0.562,0.0,0.933,0.673,0.49,perlu_cek_manual,O_7695.jpg,Organic,ok
0.558,0.599,0.895,0.451,0.616,perlu_cek_manual,O_7697.jpg,Organic,ok
0.987,0.173,0.969,0.394,0.621,perlu_cek_manual,O_7700.jpg,Organic,ok
0.323,0.629,0.808,0.458,0.539,perlu_cek_manual,O_7706.jpg,Organic,ok
0.78,0.328,0.929,0.24,0.566,perlu_cek_manual,O_7709.jpg,Organic,ok
0.271,0.386,0.873,0.402,0.452,perlu_cek_manual,O_7712.jpg,Organic,ok
0.773,0.224,0.923,0.425,0.569,perlu_cek_manual,O_7717.jpg,Organic,ok
0.499,0.258,0.737,0.449,0.464,perlu_cek_manual,O_7720.jpg,Organic,ok
1.0,0.276,0.909,0.394,0.643,perlu_cek_manual,O_7723.jpg,Organic,ok
0.495,0.34,0.905,0.554,0.542,perlu_cek_manual,O_7724.jpg,Organic,ok
0.605,0.123,0.465,0.419,0.395,perlu_cek_manual,O_773.jpg,Organic,ok
0.418,0.282,0.873,0.455,0.476,perlu_cek_manual,O_7730.jpg,Organic,ok
0.326,1.0,0.842,0.406,0.647,perlu_cek_manual,O_7733.jpg,Organic,ok
0.68,0.393,0.959,0.42,0.597,perlu_cek_manual,O_7737.jpg,Organic,ok
0.732,0.234,0.97,0.47,0.578,perlu_cek_manual,O_7741.jpg,Organic,ok
0.754,0.388,0.935,0.472,0.624,perlu_cek_manual,O_7742.jpg,Organic,ok
0.624,0.29,0.821,0.423,0.523,perlu_cek_manual,O_7743.jpg,Organic,ok
0.374,0.874,0.91,0.337,0.624,perlu_cek_manual,O_7746.jpg,Organic,ok
0.359,0.103,0.932,0.444,0.414,perlu_cek_manual,O_7752.jpg,Organic,ok
0.726,0.416,0.905,0.491,0.622,perlu_cek_manual,O_7753.jpg,Organic,ok
0.883,0.388,0.947,0.374,0.646,perlu_cek_manual,O_7759.jpg,Organic,ok
0.965,0.055,0.881,0.289,0.54,perlu_cek_manual,O_7764.jpg,Organic,ok
0.461,0.0,0.903,0.278,0.374,perlu_cek_manual,O_7767.jpg,Organic,ok
0.42,0.145,0.855,0.574,0.455,perlu_cek_manual,O_7770.jpg,Organic,ok
0.661,0.727,0.921,0.177,0.636,perlu_cek_manual,O_7771.jpg,Organic,ok
0.406,0.4,0.97,0.221,0.48,perlu_cek_manual,O_7778.jpg,Organic,ok
0.774,0.298,0.905,0.373,0.577,perlu_cek_manual,O_7781.jpg,Organic,ok
0.516,0.13,0.911,0.227,0.421,perlu_cek_manual,O_7782.jpg,Organic,ok
0.22,0.151,0.808,0.482,0.369,perlu_cek_manual,O_7785.jpg,Organic,ok
0.44,0.0,0.885,0.305,0.37,perlu_cek_manual,O_7789.jpg,Organic,ok
0.626,0.283,0.933,0.341,0.528,perlu_cek_manual,O_7790.jpg,Organic,ok
1.0,0.365,0.832,0.258,0.628,perlu_cek_manual,O_7791.jpg,Organic,ok
0.509,0.287,0.543,0.489,0.445,perlu_cek_manual,O_7793.jpg,Organic,ok
0.726,0.0,0.943,0.547,0.516,perlu_cek_manual,O_7799.jpg,Organic,ok
0.462,0.0,0.76,0.499,0.39,perlu_cek_manual,O_78.jpg,Organic,ok
0.361,0.504,0.534,0.36,0.438,perlu_cek_manual,O_780.jpg,Organic,ok
1.0,0.0,1.0,0.313,0.563,perlu_cek_manual,O_7803.jpg,Organic,ok
0.321,0.104,0.912,0.204,0.351,perlu_cek_manual,O_7808.jpg,Organic,ok
0.53,0.738,0.869,0.156,0.586,perlu_cek_manual,O_781.jpg,Organic,ok
0.197,0.211,0.851,0.648,0.422,perlu_cek_manual,O_7816.jpg,Organic,ok
1.0,0.0,0.999,0.541,0.608,perlu_cek_manual,O_7819.jpg,Organic,ok
0.431,0.43,0.711,0.186,0.437,perlu_cek_manual,O_782.jpg,Organic,ok
0.686,0.577,0.699,0.502,0.619,perlu_cek_manual,O_7820.jpg,Organic,ok
0.615,0.0,0.959,0.385,0.453,perlu_cek_manual,O_7821.jpg,Organic,ok
0.34,0.048,0.835,0.402,0.364,perlu_cek_manual,O_7823.jpg,Organic,ok
0.301,0.937,0.907,0.34,0.621,perlu_cek_manual,O_7825.jpg,Organic,ok
0.571,0.54,0.954,0.391,0.602,perlu_cek_manual,O_7836.jpg,Organic,ok
0.573,0.23,0.959,0.206,0.474,perlu_cek_manual,O_7838.jpg,Organic,ok
1.0,0.249,0.916,0.326,0.623,perlu_cek_manual,O_7848.jpg,Organic,ok
0.495,0.361,0.865,0.45,0.52,perlu_cek_manual,O_785.jpg,Organic,ok
0.661,0.226,0.981,0.209,0.504,perlu_cek_manual,O_7851.jpg,Organic,ok
0.296,0.515,0.937,0.127,0.456,perlu_cek_manual,O_7854.jpg,Organic,ok
0.942,0.091,0.806,0.586,0.588,perlu_cek_manual,O_7855.jpg,Organic,ok
0.537,0.27,0.968,0.594,0.554,perlu_cek_manual,O_7858.jpg,Organic,ok
1.0,0.248,0.929,0.335,0.627,perlu_cek_manual,O_7860.jpg,Organic,ok
0.294,0.339,0.886,0.461,0.459,perlu_cek_manual,O_7866.jpg,Organic,ok
0.44,0.655,0.935,0.351,0.586,perlu_cek_manual,O_7872.jpg,Organic,ok
1.0,0.128,0.956,0.397,0.609,perlu_cek_manual,O_7874.jpg,Organic,ok
0.508,0.377,0.882,0.39,0.52,perlu_cek_manual,O_7885.jpg,Organic,ok
0.279,0.417,0.863,0.169,0.415,perlu_cek_manual,O_7887.jpg,Organic,ok
0.266,0.54,0.657,0.142,0.402,perlu_cek_manual,O_789.jpg,Organic,ok
0.825,0.434,0.815,0.511,0.643,perlu_cek_manual,O_7892.jpg,Organic,ok
0.718,0.455,0.881,0.46,0.62,perlu_cek_manual,O_7898.jpg,Organic,ok
0.416,0.455,0.871,0.504,0.536,perlu_cek_manual,O_7912.jpg,Organic,ok
0.994,0.259,0.986,0.26,0.625,perlu_cek_manual,O_7914.jpg,Organic,ok
0.43,0.498,0.922,0.499,0.563,perlu_cek_manual,O_7921.jpg,Organic,ok
0.596,0.344,0.952,0.428,0.558,perlu_cek_manual,O_7923.jpg,Organic,ok
0.82,0.293,0.884,0.408,0.592,perlu_cek_manual,O_7928.jpg,Organic,ok
0.394,0.312,0.867,0.486,0.482,perlu_cek_manual,O_7931.jpg,Organic,ok
0.22,0.42,0.546,0.52,0.405,perlu_cek_manual,O_7938.jpg,Organic,ok
0.835,0.317,0.525,0.659,0.582,perlu_cek_manual,O_7941.jpg,Organic,ok
0.123,1.0,0.572,0.301,0.511,perlu_cek_manual,O_7943.jpg,Organic,ok
0.486,0.189,0.891,0.515,0.484,perlu_cek_manual,O_7944.jpg,Organic,ok
1.0,0.288,0.573,0.623,0.626,perlu_cek_manual,O_7945.jpg,Organic,ok
0.261,0.679,0.537,0.584,0.506,perlu_cek_manual,O_7951.jpg,Organic,ok
0.178,0.442,0.881,0.433,0.449,perlu_cek_manual,O_7952.jpg,Organic,ok
0.015,1.0,0.413,0.331,0.453,perlu_cek_manual,O_7958.jpg,Organic,ok
0.832,0.323,0.556,0.578,0.574,perlu_cek_manual,O_7959.jpg,Organic,ok
0.761,0.258,0.479,0.499,0.501,perlu_cek_manual,O_7961.jpg,Organic,ok
0.888,0.211,0.934,0.534,0.623,perlu_cek_manual,O_7963.jpg,Organic,ok
0.524,0.203,0.977,0.254,0.464,perlu_cek_manual,O_7964.jpg,Organic,ok
0.975,0.356,0.539,0.533,0.614,perlu_cek_manual,O_7965.jpg,Organic,ok
0.867,0.353,0.999,0.17,0.6,perlu_cek_manual,O_7968.jpg,Organic,ok
0.662,0.48,0.953,0.282,0.589,perlu_cek_manual,O_7969.jpg,Organic,ok
1.0,0.0,1.0,0.285,0.557,perlu_cek_manual,O_797.jpg,Organic,ok
0.331,0.219,0.454,0.524,0.361,perlu_cek_manual,O_7971.jpg,Organic,ok
0.397,0.426,0.912,0.389,0.507,perlu_cek_manual,O_7973.jpg,Organic,ok
0.28,0.286,0.88,0.429,0.431,perlu_cek_manual,O_7974.jpg,Organic,ok
0.893,0.433,0.547,0.497,0.606,perlu_cek_manual,O_7979.jpg,Organic,ok
0.613,0.72,0.967,0.21,0.635,perlu_cek_manual,O_798.jpg,Organic,ok
0.856,0.195,0.633,0.504,0.543,perlu_cek_manual,O_7983.jpg,Organic,ok
0.576,0.583,0.901,0.392,0.606,perlu_cek_manual,O_7986.jpg,Organic,ok
0.246,0.111,0.873,0.446,0.371,perlu_cek_manual,O_799.jpg,Organic,ok
1.0,0.0,1.0,0.0,0.5,perlu_cek_manual,O_7990.jpg,Organic,ok
1.0,0.304,0.535,0.471,0.592,perlu_cek_manual,O_7993.jpg,Organic,ok
1.0,0.318,0.621,0.346,0.589,perlu_cek_manual,O_7997.jpg,Organic,ok
0.156,0.488,0.891,0.096,0.391,perlu_cek_manual,O_8001.jpg,Organic,ok
0.192,0.454,0.611,0.305,0.377,perlu_cek_manual,O_8002.jpg,Organic,ok
0.276,0.135,0.861,0.461,0.387,perlu_cek_manual,O_8005.jpg,Organic,ok
1.0,0.0,0.655,0.498,0.531,perlu_cek_manual,O_8006.jpg,Organic,ok
1.0,0.081,0.956,0.47,0.609,perlu_cek_manual,O_801.jpg,Organic,ok
0.783,0.481,0.537,0.373,0.561,perlu_cek_manual,O_8011.jpg,Organic,ok
0.993,0.163,0.505,0.553,0.559,perlu_cek_manual,O_8019.jpg,Organic,ok
0.196,0.898,0.703,0.395,0.548,perlu_cek_manual,O_8026.jpg,Organic,ok
0.843,0.387,0.514,0.393,0.55,perlu_cek_manual,O_8030.jpg,Organic,ok
0.745,0.315,0.474,0.639,0.541,perlu_cek_manual,O_8040.jpg,Organic,ok
0.921,0.137,0.44,0.352,0.476,perlu_cek_manual,O_8044.jpg,Organic,ok
0.793,0.618,0.969,0.0,0.617,perlu_cek_manual,O_8045.jpg,Organic,ok
0.305,0.513,0.922,0.442,0.518,perlu_cek_manual,O_8046.jpg,Organic,ok
0.122,0.674,0.823,0.41,0.485,perlu_cek_manual,O_8047.jpg,Organic,ok
0.462,0.766,0.947,0.101,0.578,perlu_cek_manual,O_8048.jpg,Organic,ok
0.995,0.44,0.538,0.527,0.643,perlu_cek_manual,O_8051.jpg,Organic,ok
0.371,0.605,0.917,0.247,0.526,perlu_cek_manual,O_8052.jpg,Organic,ok
0.383,0.398,0.568,0.48,0.444,perlu_cek_manual,O_8056.jpg,Organic,ok
0.679,0.656,0.926,0.072,0.6,perlu_cek_manual,O_8057.jpg,Organic,ok
0.228,0.431,0.661,0.413,0.413,perlu_cek_manual,O_8059.jpg,Organic,ok
0.869,0.502,0.799,0.108,0.593,perlu_cek_manual,O_8064.jpg,Organic,ok
0.169,1.0,0.631,0.24,0.525,perlu_cek_manual,O_8066.jpg,Organic,ok
0.667,0.407,0.728,0.448,0.558,perlu_cek_manual,O_8070.jpg,Organic,ok
1.0,0.555,0.636,0.266,0.647,perlu_cek_manual,O_8075.jpg,Organic,ok
1.0,0.337,0.992,0.129,0.625,perlu_cek_manual,O_8078.jpg,Organic,ok
0.629,0.68,1.0,0.094,0.612,perlu_cek_manual,O_8079.jpg,Organic,ok
0.292,0.503,0.64,0.388,0.444,perlu_cek_manual,O_8080.jpg,Organic,ok
0.306,0.386,0.742,0.323,0.421,perlu_cek_manual,O_8081.jpg,Organic,ok
0.776,0.709,0.973,0.001,0.64,perlu_cek_manual,O_8083.jpg,Organic,ok
0.869,0.385,0.974,0.296,0.63,perlu_cek_manual,O_8086.jpg,Organic,ok
1.0,0.32,0.684,0.237,0.58,perlu_cek_manual,O_809.jpg,Organic,ok
0.55,0.237,0.676,0.367,0.445,perlu_cek_manual,O_8093.jpg,Organic,ok
1.0,0.214,0.948,0.455,0.645,perlu_cek_manual,O_8094.jpg,Organic,ok
0.38,0.274,0.922,0.327,0.446,perlu_cek_manual,O_8098.jpg,Organic,ok
0.207,0.199,0.892,0.431,0.386,perlu_cek_manual,O_8099.jpg,Organic,ok
1.0,0.322,0.996,0.264,0.649,perlu_cek_manual,O_81.jpg,Organic,ok
0.464,0.323,0.913,0.384,0.496,perlu_cek_manual,O_810.jpg,Organic,ok
0.288,0.424,0.813,0.475,0.471,perlu_cek_manual,O_8100.jpg,Organic,ok
0.405,0.815,0.897,0.301,0.605,perlu_cek_manual,O_8102.jpg,Organic,ok
0.275,0.363,0.919,0.385,0.452,perlu_cek_manual,O_8104.jpg,Organic,ok
0.778,0.358,0.899,0.26,0.573,perlu_cek_manual,O_811.jpg,Organic,ok
0.244,0.32,0.699,0.208,0.351,perlu_cek_manual,O_8110.jpg,Organic,ok
0.516,0.102,0.926,0.261,0.423,perlu_cek_manual,O_8116.jpg,Organic,ok
1.0,0.269,0.541,0.536,0.596,perlu_cek_manual,O_8117.jpg,Organic,ok
0.574,0.201,0.916,0.184,0.452,perlu_cek_manual,O_8119.jpg,Organic,ok
0.756,0.718,0.969,0.008,0.637,perlu_cek_manual,O_8121.jpg,Organic,ok
1.0,0.362,1.0,0.0,0.609,perlu_cek_manual,O_8122.jpg,Organic,ok
1.0,0.202,1.0,0.41,0.642,perlu_cek_manual,O_8123.jpg,Organic,ok
0.549,0.92,0.732,0.283,0.644,perlu_cek_manual,O_8124.jpg,Organic,ok
0.913,0.166,0.779,0.461,0.572,perlu_cek_manual,O_8127.jpg,Organic,ok
0.096,0.435,0.79,0.397,0.397,perlu_cek_manual,O_8129.jpg,Organic,ok
0.169,1.0,0.633,0.241,0.525,perlu_cek_manual,O_8132.jpg,Organic,ok
0.866,0.453,0.801,0.46,0.648,perlu_cek_manual,O_8133.jpg,Organic,ok
0.608,0.395,0.923,0.634,0.612,perlu_cek_manual,O_8138.jpg,Organic,ok
1.0,0.186,0.92,0.316,0.603,perlu_cek_manual,O_8139.jpg,Organic,ok
0.681,0.469,0.951,0.322,0.6,perlu_cek_manual,O_8141.jpg,Organic,ok
0.837,0.064,0.399,0.206,0.391,perlu_cek_manual,O_8144.jpg,Organic,ok
0.56,0.268,0.861,0.424,0.505,perlu_cek_manual,O_8145.jpg,Organic,ok
1.0,0.412,0.997,0.112,0.645,perlu_cek_manual,O_8146.jpg,Organic,ok
0.933,0.275,0.62,0.302,0.547,perlu_cek_manual,O_8147.jpg,Organic,ok
0.809,0.682,0.973,0.0,0.642,perlu_cek_manual,O_8153.jpg,Organic,ok
0.71,0.297,0.936,0.461,0.582,perlu_cek_manual,O_8154.jpg,Organic,ok
0.652,0.586,1.0,0.124,0.596,perlu_cek_manual,O_8156.jpg,Organic,ok
0.962,0.279,0.545,0.496,0.58,perlu_cek_manual,O_8158.jpg,Organic,ok
0.881,0.0,0.47,0.569,0.472,perlu_cek_manual,O_816.jpg,Organic,ok
0.291,0.472,0.469,0.437,0.41,perlu_cek_manual,O_8161.jpg,Organic,ok
0.504,0.392,0.929,0.322,0.519,perlu_cek_manual,O_8162.jpg,Organic,ok
0.37,0.736,0.93,0.403,0.599,perlu_cek_manual,O_8164.jpg,Organic,ok
1.0,0.0,1.0,0.02,0.504,perlu_cek_manual,O_8166.jpg,Organic,ok
1.0,0.394,0.72,0.263,0.615,perlu_cek_manual,O_8169.jpg,Organic,ok
0.729,0.409,0.496,0.057,0.452,perlu_cek_manual,O_8172.jpg,Organic,ok
0.18,0.241,0.816,0.574,0.404,perlu_cek_manual,O_8173.jpg,Organic,ok
0.355,0.203,0.543,0.6,0.396,perlu_cek_manual,O_8183.jpg,Organic,ok
0.705,0.663,0.895,0.111,0.612,perlu_cek_manual,O_819.jpg,Organic,ok
0.505,0.236,0.512,0.479,0.421,perlu_cek_manual,O_82.jpg,Organic,ok
1.0,0.473,0.652,0.17,0.606,perlu_cek_manual,O_8204.jpg,Organic,ok
0.765,0.693,0.914,0.0,0.62,perlu_cek_manual,O_8205.jpg,Organic,ok
0.623,0.628,0.953,0.0,0.566,perlu_cek_manual,O_8208.jpg,Organic,ok
1.0,0.0,1.0,0.37,0.574,perlu_cek_manual,O_8212.jpg,Organic,ok
1.0,0.0,1.0,0.38,0.576,perlu_cek_manual,O_8223.jpg,Organic,ok
0.538,0.688,0.79,0.472,0.62,perlu_cek_manual,O_823.jpg,Organic,ok
0.843,0.557,0.979,0.0,0.616,perlu_cek_manual,O_8232.jpg,Organic,ok
1.0,0.0,1.0,0.521,0.604,perlu_cek_manual,O_8234.jpg,Organic,ok
1.0,0.41,0.806,0.0,0.584,perlu_cek_manual,O_8248.jpg,Organic,ok
0.882,0.541,0.979,0.006,0.624,perlu_cek_manual,O_8258.jpg,Organic,ok
1.0,0.135,0.466,0.264,0.487,perlu_cek_manual,O_826.jpg,Organic,ok
1.0,0.225,0.44,0.336,0.523,perlu_cek_manual,O_8265.jpg,Organic,ok
1.0,0.0,0.969,0.326,0.559,perlu_cek_manual,O_8270.jpg,Organic,ok
1.0,0.39,0.812,0.0,0.58,perlu_cek_manual,O_8273.jpg,Organic,ok
0.686,0.297,0.414,0.411,0.46,perlu_cek_manual,O_8286.jpg,Organic,ok
0.666,0.617,0.654,0.0,0.516,perlu_cek_manual,O_8294.jpg,Organic,ok
0.806,0.651,0.969,0.0,0.631,perlu_cek_manual,O_8297.jpg,Organic,ok
1.0,0.0,1.0,0.0,0.5,perlu_cek_manual,O_8306.jpg,Organic,ok
1.0,0.0,1.0,0.534,0.607,perlu_cek_manual,O_8337.jpg,Organic,ok
1.0,0.369,1.0,0.0,0.611,perlu_cek_manual,O_8346.jpg,Organic,ok
1.0,0.0,0.954,0.078,0.507,perlu_cek_manual,O_8348.jpg,Organic,ok
0.592,0.541,0.943,0.424,0.613,perlu_cek_manual,O_8365.jpg,Organic,ok
0.727,0.661,0.71,0.0,0.558,perlu_cek_manual,O_8375.jpg,Organic,ok
1.0,0.0,1.0,0.0,0.5,perlu_cek_manual,O_8379.jpg,Organic,ok
1.0,0.0,0.88,0.0,0.476,perlu_cek_manual,O_8383.jpg,Organic,ok
1.0,0.365,1.0,0.001,0.61,perlu_cek_manual,O_8385.jpg,Organic,ok
0.43,0.397,0.904,0.273,0.483,perlu_cek_manual,O_8388.jpg,Organic,ok
0.641,0.0,0.952,0.294,0.441,perlu_cek_manual,O_839.jpg,Organic,ok
1.0,0.0,0.889,0.0,0.478,perlu_cek_manual,O_8390.jpg,Organic,ok
1.0,0.0,1.0,0.0,0.5,perlu_cek_manual,O_8406.jpg,Organic,ok
1.0,0.0,1.0,0.0,0.5,perlu_cek_manual,O_8414.jpg,Organic,ok
0.98,0.499,1.0,0.0,0.644,perlu_cek_manual,O_8416.jpg,Organic,ok
1.0,0.361,1.0,0.002,0.609,perlu_cek_manual,O_8426.jpg,Organic,ok
1.0,0.0,1.0,0.002,0.5,perlu_cek_manual,O_8448.jpg,Organic,ok
1.0,0.273,0.973,0.236,0.624,perlu_cek_manual,O_8456.jpg,Organic,ok
1.0,0.0,1.0,0.0,0.5,perlu_cek_manual,O_8463.jpg,Organic,ok
1.0,0.248,0.46,0.47,0.56,perlu_cek_manual,O_8467.jpg,Organic,ok
0.924,0.499,0.704,0.26,0.62,perlu_cek_manual,O_847.jpg,Organic,ok
1.0,0.475,0.924,0.0,0.627,perlu_cek_manual,O_8477.jpg,Organic,ok
1.0,0.174,0.993,0.22,0.595,perlu_cek_manual,O_8482.jpg,Organic,ok
0.147,0.246,0.769,0.565,0.385,perlu_cek_manual,O_849.jpg,Organic,ok
1.0,0.0,1.0,0.0,0.5,perlu_cek_manual,O_8491.jpg,Organic,ok
1.0,0.0,1.0,0.437,0.587,perlu_cek_manual,O_8492.jpg,Organic,ok
0.93,0.0,0.983,0.442,0.564,perlu_cek_manual,O_8495.jpg,Organic,ok
1.0,0.0,1.0,0.0,0.5,perlu_cek_manual,O_8496.jpg,Organic,ok
0.804,0.573,0.935,0.0,0.6,perlu_cek_manual,O_8498.jpg,Organic,ok
0.888,0.0,0.983,0.001,0.463,perlu_cek_manual,O_8499.jpg,Organic,ok
0.544,0.542,0.879,0.246,0.551,perlu_cek_manual,O_850.jpg,Organic,ok
0.983,0.0,1.0,0.0,0.495,perlu_cek_manual,O_8500.jpg,Organic,ok
0.636,0.539,0.954,0.341,0.611,perlu_cek_manual,O_8504.jpg,Organic,ok
1.0,0.45,0.946,0.0,0.624,perlu_cek_manual,O_8513.jpg,Organic,ok
0.551,0.756,0.934,0.0,0.579,perlu_cek_manual,O_8520.jpg,Organic,ok
0.436,0.0,0.92,0.181,0.351,perlu_cek_manual,O_8522.jpg,Organic,ok
0.535,0.0,0.94,0.653,0.479,perlu_cek_manual,O_853.jpg,Organic,ok
1.0,0.0,1.0,0.0,0.5,perlu_cek_manual,O_8532.jpg,Organic,ok
0.587,0.514,0.951,0.131,0.546,perlu_cek_manual,O_8534.jpg,Organic,ok
0.539,0.352,0.567,0.457,0.472,perlu_cek_manual,O_8536.jpg,Organic,ok
1.0,0.0,1.0,0.029,0.506,perlu_cek_manual,O_8544.jpg,Organic,ok
1.0,0.0,1.0,0.0,0.5,perlu_cek_manual,O_8549.jpg,Organic,ok
0.957,0.307,0.986,0.183,0.613,perlu_cek_manual,O_8551.jpg,Organic,ok
0.861,0.358,0.971,0.005,0.561,perlu_cek_manual,O_8558.jpg,Organic,ok
1.0,0.13,0.837,0.49,0.604,perlu_cek_manual,O_8566.jpg,Organic,ok
0.799,0.25,0.546,0.69,0.562,perlu_cek_manual,O_8567.jpg,Organic,ok
1.0,0.0,1.0,0.174,0.535,perlu_cek_manual,O_8569.jpg,Organic,ok
0.896,0.382,0.587,0.578,0.616,perlu_cek_manual,O_8574.jpg,Organic,ok
1.0,0.603,0.824,0.0,0.646,perlu_cek_manual,O_8580.jpg,Organic,ok
1.0,0.0,1.0,0.401,0.58,perlu_cek_manual,O_8581.jpg,Organic,ok
1.0,0.0,1.0,0.56,0.612,perlu_cek_manual,O_8582.jpg,Organic,ok
0.638,0.244,0.387,0.519,0.446,perlu_cek_manual,O_8587.jpg,Organic,ok
0.646,0.459,0.441,0.654,0.551,perlu_cek_manual,O_8595.jpg,Organic,ok
0.631,0.475,0.888,0.426,0.595,perlu_cek_manual,O_8598.jpg,Organic,ok
0.246,1.0,0.463,0.54,0.574,perlu_cek_manual,O_8607.jpg,Organic,ok
0.434,0.863,0.914,0.328,0.638,perlu_cek_manual,O_8613.jpg,Organic,ok
1.0,0.231,0.852,0.241,0.588,perlu_cek_manual,O_8618.jpg,Organic,ok
0.533,0.379,0.869,0.655,0.578,perlu_cek_manual,O_863.jpg,Organic,ok
0.355,0.09,0.864,0.247,0.356,perlu_cek_manual,O_8630.jpg,Organic,ok
1.0,0.0,1.0,0.721,0.644,perlu_cek_manual,O_8640.jpg,Organic,ok
0.466,0.18,0.544,0.695,0.442,perlu_cek_manual,O_8647.jpg,Organic,ok
0.835,0.534,0.914,0.0,0.594,perlu_cek_manual,O_8663.jpg,Organic,ok
0.621,0.827,0.966,0.0,0.628,perlu_cek_manual,O_8675.jpg,Organic,ok
0.39,0.423,0.946,0.272,0.487,perlu_cek_manual,O_8677.jpg,Organic,ok
0.863,0.0,0.868,0.402,0.513,perlu_cek_manual,O_8679.jpg,Organic,ok
0.389,0.375,0.433,0.517,0.419,perlu_cek_manual,O_8697.jpg,Organic,ok
1.0,0.25,0.729,0.557,0.632,perlu_cek_manual,O_8703.jpg,Organic,ok
1.0,0.051,0.963,0.215,0.551,perlu_cek_manual,O_8704.jpg,Organic,ok
0.406,0.235,0.937,0.302,0.44,perlu_cek_manual,O_8707.jpg,Organic,ok
0.742,0.316,0.858,0.51,0.591,perlu_cek_manual,O_871.jpg,Organic,ok
0.789,0.388,0.979,0.329,0.615,perlu_cek_manual,O_8710.jpg,Organic,ok
0.334,0.152,0.911,0.303,0.389,perlu_cek_manual,O_8717.jpg,Organic,ok
0.809,0.173,0.862,0.304,0.528,perlu_cek_manual,O_8727.jpg,Organic,ok
0.851,0.475,0.547,0.466,0.6,perlu_cek_manual,O_8732.jpg,Organic,ok
0.827,0.612,0.979,0.001,0.628,perlu_cek_manual,O_8737.jpg,Organic,ok
1.0,0.0,0.88,0.395,0.555,perlu_cek_manual,O_8738.jpg,Organic,ok
1.0,0.274,0.532,0.574,0.603,perlu_cek_manual,O_8740.jpg,Organic,ok
0.783,0.511,0.545,0.501,0.597,perlu_cek_manual,O_8747.jpg,Organic,ok
0.763,0.491,0.966,0.014,0.572,perlu_cek_manual,O_8749.jpg,Organic,ok
1.0,0.181,0.967,0.336,0.615,perlu_cek_manual,O_8750.jpg,Organic,ok
0.941,0.222,1.0,0.151,0.579,perlu_cek_manual,O_8759.jpg,Organic,ok
1.0,0.0,0.727,0.663,0.578,perlu_cek_manual,O_8767.jpg,Organic,ok
0.789,0.266,0.53,0.682,0.559,perlu_cek_manual,O_8789.jpg,Organic,ok
0.682,0.238,0.51,0.609,0.5,perlu_cek_manual,O_8792.jpg,Organic,ok
0.525,0.473,0.92,0.247,0.533,perlu_cek_manual,O_8797.jpg,Organic,ok
1.0,0.0,1.0,0.611,0.622,perlu_cek_manual,O_8798.jpg,Organic,ok
0.796,0.0,0.987,0.034,0.443,perlu_cek_manual,O_8801.jpg,Organic,ok
0.423,0.298,0.756,0.552,0.478,perlu_cek_manual,O_8806.jpg,Organic,ok
1.0,0.0,1.0,0.047,0.509,perlu_cek_manual,O_8810.jpg,Organic,ok
1.0,0.417,1.0,0.027,0.631,perlu_cek_manual,O_8811.jpg,Organic,ok
0.994,0.102,0.566,0.555,0.553,perlu_cek_manual,O_8814.jpg,Organic,ok
0.382,0.488,0.234,0.437,0.395,perlu_cek_manual,O_8818.jpg,Organic,ok
0.663,0.491,0.961,0.077,0.554,perlu_cek_manual,O_8822.jpg,Organic,ok
0.697,0.67,0.72,0.135,0.581,perlu_cek_manual,O_8835.jpg,Organic,ok
0.211,0.243,0.839,0.501,0.404,perlu_cek_manual,O_884.jpg,Organic,ok
0.415,0.078,0.858,0.661,0.452,perlu_cek_manual,O_8840.jpg,Organic,ok
1.0,0.228,0.458,0.439,0.548,perlu_cek_manual,O_8841.jpg,Organic,ok
0.658,0.567,0.957,0.016,0.562,perlu_cek_manual,O_8844.jpg,Organic,ok
1.0,0.0,1.0,0.524,0.605,perlu_cek_manual,O_8846.jpg,Organic,ok
0.369,0.268,0.842,0.433,0.446,perlu_cek_manual,O_8851.jpg,Organic,ok
0.268,0.251,0.848,0.384,0.402,perlu_cek_manual,O_8861.jpg,Organic,ok
1.0,0.0,0.992,0.001,0.498,perlu_cek_manual,O_8865.jpg,Organic,ok
1.0,0.446,1.0,0.0,0.634,perlu_cek_manual,O_8870.jpg,Organic,ok
0.416,0.073,0.828,0.574,0.427,perlu_cek_manual,O_8882.jpg,Organic,ok
1.0,0.346,0.904,0.284,0.642,perlu_cek_manual,O_8887.jpg,Organic,ok
0.184,1.0,0.86,0.52,0.631,perlu_cek_manual,O_889.jpg,Organic,ok
0.48,0.783,0.963,0.316,0.635,perlu_cek_manual,O_8892.jpg,Organic,ok
1.0,0.427,0.966,0.079,0.637,perlu_cek_manual,O_8893.jpg,Organic,ok
0.522,0.0,0.909,0.438,0.426,perlu_cek_manual,O_8908.jpg,Organic,ok
0.426,0.354,0.928,0.338,0.487,perlu_cek_manual,O_891.jpg,Organic,ok
0.752,0.513,0.508,0.572,0.596,perlu_cek_manual,O_8914.jpg,Organic,ok
0.399,0.334,0.784,0.362,0.449,perlu_cek_manual,O_8917.jpg,Organic,ok
0.166,0.247,0.779,0.456,0.371,perlu_cek_manual,O_8918.jpg,Organic,ok
0.513,0.542,0.666,0.329,0.516,perlu_cek_manual,O_8928.jpg,Organic,ok
0.644,0.549,0.913,0.203,0.581,perlu_cek_manual,O_8930.jpg,Organic,ok
0.376,0.485,0.737,0.189,0.444,perlu_cek_manual,O_8933.jpg,Organic,ok
0.328,0.991,0.818,0.403,0.64,perlu_cek_manual,O_8934.jpg,Organic,ok
0.14,0.0,0.898,0.814,0.385,perlu_cek_manual,O_8938.jpg,Organic,ok
0.395,0.53,0.655,0.259,0.46,perlu_cek_manual,O_894.jpg,Organic,ok
0.378,0.396,0.873,0.473,0.501,perlu_cek_manual,O_8950.jpg,Organic,ok
0.376,0.753,0.668,0.308,0.534,perlu_cek_manual,O_8952.jpg,Organic,ok
0.386,0.386,0.459,0.315,0.387,perlu_cek_manual,O_8954.jpg,Organic,ok
0.164,0.0,0.893,0.808,0.389,perlu_cek_manual,O_8963.jpg,Organic,ok
0.292,0.468,0.496,0.178,0.363,perlu_cek_manual,O_8964.jpg,Organic,ok
0.436,0.519,0.893,0.271,0.519,perlu_cek_manual,O_8966.jpg,Organic,ok
0.568,0.659,0.793,0.272,0.581,perlu_cek_manual,O_8969.jpg,Organic,ok
0.74,0.453,0.963,0.347,0.62,perlu_cek_manual,O_897.jpg,Organic,ok
0.257,0.0,0.993,0.787,0.433,perlu_cek_manual,O_8972.jpg,Organic,ok
0.299,0.375,0.832,0.33,0.434,perlu_cek_manual,O_8976.jpg,Organic,ok
0.7,0.529,0.841,0.413,0.62,perlu_cek_manual,O_898.jpg,Organic,ok
0.331,0.395,0.388,0.324,0.36,perlu_cek_manual,O_8982.jpg,Organic,ok
0.815,0.324,0.732,0.581,0.604,perlu_cek_manual,O_8983.jpg,Organic,ok
0.421,0.574,0.501,0.527,0.504,perlu_cek_manual,O_8985.jpg,Organic,ok
0.53,0.344,0.7,0.244,0.451,perlu_cek_manual,O_8989.jpg,Organic,ok
0.35,0.565,0.898,0.298,0.513,perlu_cek_manual,O_8993.jpg,Organic,ok
0.594,0.171,0.824,0.277,0.45,perlu_cek_manual,O_8994.jpg,Organic,ok
0.707,0.297,0.557,0.169,0.446,perlu_cek_manual,O_8995.jpg,Organic,ok
0.491,0.367,0.806,0.347,0.488,perlu_cek_manual,O_8996.jpg,Organic,ok
0.792,0.0,0.963,0.0,0.43,perlu_cek_manual,O_8998.jpg,Organic,ok
0.639,0.397,0.903,0.319,0.555,perlu_cek_manual,O_9001.jpg,Organic,ok
0.769,0.122,0.299,0.292,0.386,perlu_cek_manual,O_9004.jpg,Organic,ok
0.761,0.443,0.552,0.614,0.594,perlu_cek_manual,O_9008.jpg,Organic,ok
0.339,0.194,0.651,0.495,0.389,perlu_cek_manual,O_9009.jpg,Organic,ok
1.0,0.442,0.543,0.441,0.629,perlu_cek_manual,O_9012.jpg,Organic,ok
0.443,0.369,0.557,0.637,0.482,perlu_cek_manual,O_9015.jpg,Organic,ok
0.678,0.461,0.748,0.144,0.52,perlu_cek_manual,O_9019.jpg,Organic,ok
0.174,0.55,0.396,0.338,0.364,perlu_cek_manual,O_9026.jpg,Organic,ok
0.542,0.54,0.891,0.302,0.563,perlu_cek_manual,O_9031.jpg,Organic,ok
0.86,0.655,0.767,0.126,0.633,perlu_cek_manual,O_9032.jpg,Organic,ok
0.444,0.608,0.729,0.333,0.528,perlu_cek_manual,O_9033.jpg,Organic,ok
0.464,0.0,1.0,0.621,0.463,perlu_cek_manual,O_9042.jpg,Organic,ok
0.337,0.679,0.401,0.378,0.461,perlu_cek_manual,O_9043.jpg,Organic,ok
0.781,0.71,0.989,0.001,0.645,perlu_cek_manual,O_9044.jpg,Organic,ok
0.842,0.489,0.688,0.197,0.576,perlu_cek_manual,O_9046.jpg,Organic,ok
0.6,0.0,0.957,0.812,0.534,perlu_cek_manual,O_9047.jpg,Organic,ok
0.652,0.0,0.844,0.277,0.42,perlu_cek_manual,O_9051.jpg,Organic,ok
1.0,0.539,0.685,0.217,0.642,perlu_cek_manual,O_9053.jpg,Organic,ok
0.512,0.0,1.0,0.817,0.517,perlu_cek_manual,O_9065.jpg,Organic,ok
1.0,0.116,0.976,0.142,0.558,perlu_cek_manual,O_9073.jpg,Organic,ok
0.385,0.501,0.468,0.239,0.407,perlu_cek_manual,O_9075.jpg,Organic,ok
0.46,0.395,0.393,0.398,0.415,perlu_cek_manual,O_9079.jpg,Organic,ok
0.094,0.295,1.0,0.768,0.47,perlu_cek_manual,O_9080.jpg,Organic,ok
0.147,0.386,0.801,0.397,0.4,perlu_cek_manual,O_9081.jpg,Organic,ok
0.376,0.893,0.348,0.544,0.559,perlu_cek_manual,O_9082.jpg,Organic,ok
0.558,0.43,0.919,0.314,0.543,perlu_cek_manual,O_9105.jpg,Organic,ok
0.57,0.523,0.7,0.197,0.507,perlu_cek_manual,O_9110.jpg,Organic,ok
0.304,0.6,0.262,0.518,0.427,perlu_cek_manual,O_9111.jpg,Organic,ok
0.835,0.413,0.904,0.296,0.614,perlu_cek_manual,O_9112.jpg,Organic,ok
0.42,0.58,0.382,0.182,0.413,perlu_cek_manual,O_9113.jpg,Organic,ok
1.0,0.395,0.906,0.154,0.631,perlu_cek_manual,O_9114.jpg,Organic,ok
0.797,0.501,0.937,0.327,0.642,perlu_cek_manual,O_9117.jpg,Organic,ok
0.382,0.392,0.537,0.306,0.401,perlu_cek_manual,O_9119.jpg,Organic,ok
1.0,0.386,0.623,0.539,0.648,perlu_cek_manual,O_912.jpg,Organic,ok
0.898,0.4,0.79,0.266,0.6,perlu_cek_manual,O_9120.jpg,Organic,ok
0.397,0.099,0.964,0.515,0.445,perlu_cek_manual,O_9121.jpg,Organic,ok
0.833,0.424,0.905,0.33,0.624,perlu_cek_manual,O_9127.jpg,Organic,ok
0.274,0.183,0.691,0.487,0.373,perlu_cek_manual,O_9131.jpg,Organic,ok
0.917,0.235,0.906,0.268,0.58,perlu_cek_manual,O_9134.jpg,Organic,ok
0.79,0.277,0.93,0.353,0.577,perlu_cek_manual,O_9137.jpg,Organic,ok
0.285,0.355,0.801,0.43,0.438,perlu_cek_manual,O_9141.jpg,Organic,ok
0.375,0.507,0.707,0.169,0.44,perlu_cek_manual,O_9147.jpg,Organic,ok
0.254,1.0,0.996,0.096,0.595,perlu_cek_manual,O_9148.jpg,Organic,ok
0.257,0.148,0.736,0.546,0.378,perlu_cek_manual,O_9150.jpg,Organic,ok
0.439,0.469,0.412,0.374,0.43,perlu_cek_manual,O_9151.jpg,Organic,ok
0.31,0.287,0.696,0.267,0.372,perlu_cek_manual,O_9155.jpg,Organic,ok
0.457,0.0,1.0,0.814,0.5,perlu_cek_manual,O_9159.jpg,Organic,ok
0.746,0.259,0.409,0.218,0.427,perlu_cek_manual,O_9160.jpg,Organic,ok
0.585,0.476,0.826,0.438,0.571,perlu_cek_manual,O_9161.jpg,Organic,ok
0.288,0.512,0.278,0.301,0.356,perlu_cek_manual,O_9169.jpg,Organic,ok
1.0,0.221,0.635,0.492,0.592,perlu_cek_manual,O_9178.jpg,Organic,ok
0.7,0.75,0.87,0.0,0.609,perlu_cek_manual,O_918.jpg,Organic,ok
0.73,0.0,0.832,0.474,0.48,perlu_cek_manual,O_9182.jpg,Organic,ok
1.0,0.363,0.878,0.243,0.633,perlu_cek_manual,O_9183.jpg,Organic,ok
1.0,0.081,0.402,0.166,0.438,perlu_cek_manual,O_9187.jpg,Organic,ok
0.539,0.509,0.881,0.159,0.522,perlu_cek_manual,O_9195.jpg,Organic,ok
0.344,0.218,0.9,0.363,0.421,perlu_cek_manual,O_9198.jpg,Organic,ok
0.719,0.24,0.633,0.164,0.447,perlu_cek_manual,O_9199.jpg,Organic,ok
1.0,0.0,0.875,0.423,0.559,perlu_cek_manual,O_92.jpg,Organic,ok
0.358,0.29,0.652,0.132,0.351,perlu_cek_manual,O_9201.jpg,Organic,ok
0.893,0.477,0.84,0.051,0.589,perlu_cek_manual,O_9204.jpg,Organic,ok
0.734,0.729,0.787,0.123,0.621,perlu_cek_manual,O_9205.jpg,Organic,ok
0.463,0.425,0.851,0.098,0.456,perlu_cek_manual,O_9207.jpg,Organic,ok
0.505,0.706,0.952,0.252,0.604,perlu_cek_manual,O_9210.jpg,Organic,ok
1.0,0.479,0.802,0.054,0.615,perlu_cek_manual,O_9211.jpg,Organic,ok
0.756,0.63,0.989,0.125,0.639,perlu_cek_manual,O_922.jpg,Organic,ok
0.512,0.0,0.793,0.274,0.367,perlu_cek_manual,O_9224.jpg,Organic,ok
0.182,0.337,0.65,0.334,0.353,perlu_cek_manual,O_9226.jpg,Organic,ok
0.16,0.505,0.802,0.052,0.37,perlu_cek_manual,O_9235.jpg,Organic,ok
0.503,0.622,0.696,0.182,0.513,perlu_cek_manual,O_9236.jpg,Organic,ok
0.653,0.445,0.954,0.449,0.61,perlu_cek_manual,O_9243.jpg,Organic,ok
0.535,0.313,0.569,0.526,0.474,perlu_cek_manual,O_9247.jpg,Organic,ok
0.297,0.076,0.712,0.49,0.352,perlu_cek_manual,O_9254.jpg,Organic,ok
0.394,0.29,0.869,0.417,0.462,perlu_cek_manual,O_9262.jpg,Organic,ok
0.152,0.27,0.85,0.366,0.37,perlu_cek_manual,O_9263.jpg,Organic,ok
0.278,0.608,0.883,0.245,0.491,perlu_cek_manual,O_9265.jpg,Organic,ok
0.886,0.154,0.952,0.243,0.551,perlu_cek_manual,O_9269.jpg,Organic,ok
0.678,0.12,0.927,0.509,0.526,perlu_cek_manual,O_9277.jpg,Organic,ok
0.17,0.584,0.866,0.402,0.48,perlu_cek_manual,O_9283.jpg,Organic,ok
0.472,0.723,0.947,0.436,0.635,perlu_cek_manual,O_9295.jpg,Organic,ok
0.297,0.995,0.938,0.115,0.598,perlu_cek_manual,O_930.jpg,Organic,ok
0.254,0.235,0.918,0.136,0.358,perlu_cek_manual,O_9300.jpg,Organic,ok
0.162,0.189,0.844,0.465,0.367,perlu_cek_manual,O_9302.jpg,Organic,ok
0.052,0.441,0.824,0.198,0.352,perlu_cek_manual,O_9303.jpg,Organic,ok
0.548,0.399,0.75,0.487,0.532,perlu_cek_manual,O_9306.jpg,Organic,ok
0.215,0.415,0.767,0.231,0.389,perlu_cek_manual,O_9308.jpg,Organic,ok
0.366,0.254,0.908,0.179,0.403,perlu_cek_manual,O_9309.jpg,Organic,ok
0.436,0.445,0.458,0.419,0.44,perlu_cek_manual,O_9310.jpg,Organic,ok
0.571,0.443,0.432,0.355,0.461,perlu_cek_manual,O_9314.jpg,Organic,ok
0.509,0.083,0.9,0.427,0.443,perlu_cek_manual,O_9318.jpg,Organic,ok
0.255,0.36,0.892,0.314,0.425,perlu_cek_manual,O_9319.jpg,Organic,ok
0.187,0.281,0.862,0.656,0.444,perlu_cek_manual,O_9321.jpg,Organic,ok
0.268,0.165,0.898,0.337,0.377,perlu_cek_manual,O_9324.jpg,Organic,ok
0.372,0.69,0.968,0.554,0.623,perlu_cek_manual,O_9326.jpg,Organic,ok
0.882,0.257,0.952,0.369,0.606,perlu_cek_manual,O_9328.jpg,Organic,ok
0.857,0.515,0.837,0.0,0.579,perlu_cek_manual,O_9330.jpg,Organic,ok
1.0,0.0,0.92,0.519,0.588,perlu_cek_manual,O_9332.jpg,Organic,ok
0.284,0.556,0.933,0.354,0.509,perlu_cek_manual,O_9336.jpg,Organic,ok
0.204,0.271,0.852,0.498,0.413,perlu_cek_manual,O_9338.jpg,Organic,ok
0.103,0.331,0.814,0.653,0.423,perlu_cek_manual,O_9339.jpg,Organic,ok
0.29,0.539,0.974,0.41,0.526,perlu_cek_manual,O_9344.jpg,Organic,ok
0.273,0.261,0.894,0.434,0.426,perlu_cek_manual,O_9345.jpg,Organic,ok
0.152,0.46,0.811,0.365,0.419,perlu_cek_manual,O_9346.jpg,Organic,ok
1.0,0.05,0.427,0.614,0.523,perlu_cek_manual,O_9348.jpg,Organic,ok
0.377,0.232,0.723,0.513,0.43,perlu_cek_manual,O_9353.jpg,Organic,ok
0.845,0.364,0.984,0.11,0.582,perlu_cek_manual,O_9356.jpg,Organic,ok
0.483,0.0,0.863,0.508,0.419,perlu_cek_manual,O_9357.jpg,Organic,ok
0.398,0.112,0.928,0.353,0.409,perlu_cek_manual,O_9359.jpg,Organic,ok
0.769,0.588,0.673,0.36,0.613,perlu_cek_manual,O_936.jpg,Organic,ok
1.0,0.219,0.578,0.236,0.529,perlu_cek_manual,O_9363.jpg,Organic,ok
0.734,0.776,0.979,0.0,0.649,perlu_cek_manual,O_9375.jpg,Organic,ok
0.831,0.148,0.796,0.599,0.573,perlu_cek_manual,O_9376.jpg,Organic,ok
0.405,0.335,0.84,0.399,0.47,perlu_cek_manual,O_9377.jpg,Organic,ok
0.363,0.451,0.878,0.237,0.467,perlu_cek_manual,O_9379.jpg,Organic,ok
0.676,0.557,0.924,0.46,0.647,perlu_cek_manual,O_9380.jpg,Organic,ok
0.872,0.27,0.899,0.486,0.62,perlu_cek_manual,O_9381.jpg,Organic,ok
0.735,0.426,0.86,0.351,0.591,perlu_cek_manual,O_9382.jpg,Organic,ok
0.933,0.422,0.951,0.0,0.597,perlu_cek_manual,O_9384.jpg,Organic,ok
1.0,0.0,0.937,0.308,0.549,perlu_cek_manual,O_9385.jpg,Organic,ok
0.552,0.067,0.831,0.414,0.435,perlu_cek_manual,O_9392.jpg,Organic,ok
1.0,0.489,0.587,0.289,0.622,perlu_cek_manual,O_9393.jpg,Organic,ok
0.889,0.569,0.969,0.004,0.632,perlu_cek_manual,O_9397.jpg,Organic,ok
0.252,0.196,0.843,0.448,0.393,perlu_cek_manual,O_9398.jpg,Organic,ok
1.0,0.0,1.0,0.41,0.582,perlu_cek_manual,O_9400.jpg,Organic,ok
0.413,0.506,0.744,0.386,0.501,perlu_cek_manual,O_9401.jpg,Organic,ok
0.64,0.13,0.92,0.359,0.487,perlu_cek_manual,O_9406.jpg,Organic,ok
0.635,0.397,0.947,0.585,0.616,perlu_cek_manual,O_9411.jpg,Organic,ok
0.298,0.387,0.706,0.575,0.461,perlu_cek_manual,O_9412.jpg,Organic,ok
0.937,0.312,0.912,0.43,0.643,perlu_cek_manual,O_9417.jpg,Organic,ok
1.0,0.147,0.556,0.541,0.563,perlu_cek_manual,O_9418.jpg,Organic,ok
0.819,0.492,0.985,0.241,0.638,perlu_cek_manual,O_9424.jpg,Organic,ok
0.374,0.704,0.861,0.598,0.615,perlu_cek_manual,O_9427.jpg,Organic,ok
0.497,0.317,0.838,0.44,0.5,perlu_cek_manual,O_9428.jpg,Organic,ok
1.0,0.273,1.0,0.245,0.631,perlu_cek_manual,O_9429.jpg,Organic,ok
0.684,0.244,0.481,0.324,0.439,perlu_cek_manual,O_9433.jpg,Organic,ok
0.327,0.219,0.856,0.378,0.411,perlu_cek_manual,O_9438.jpg,Organic,ok
0.225,0.237,0.811,0.455,0.392,perlu_cek_manual,O_9439.jpg,Organic,ok
0.52,0.0,0.931,0.053,0.353,perlu_cek_manual,O_9440.jpg,Organic,ok
0.938,0.0,0.973,0.262,0.528,perlu_cek_manual,O_9443.jpg,Organic,ok
0.889,0.235,0.951,0.343,0.596,perlu_cek_manual,O_9444.jpg,Organic,ok
0.417,0.629,0.802,0.7,0.614,perlu_cek_manual,O_9447.jpg,Organic,ok
0.264,0.396,0.488,0.487,0.393,perlu_cek_manual,O_9453.jpg,Organic,ok
0.106,0.493,0.369,0.504,0.354,perlu_cek_manual,O_9455.jpg,Organic,ok
1.0,0.071,0.968,0.548,0.624,perlu_cek_manual,O_9461.jpg,Organic,ok
0.512,0.219,0.844,0.484,0.485,perlu_cek_manual,O_9464.jpg,Organic,ok
1.0,0.109,0.89,0.407,0.592,perlu_cek_manual,O_9465.jpg,Organic,ok
0.849,0.04,0.942,0.329,0.521,perlu_cek_manual,O_9468.jpg,Organic,ok
0.435,0.106,0.887,0.515,0.443,perlu_cek_manual,O_9470.jpg,Organic,ok
0.836,0.0,0.938,0.399,0.518,perlu_cek_manual,O_9473.jpg,Organic,ok
0.777,0.336,0.793,0.386,0.57,perlu_cek_manual,O_9478.jpg,Organic,ok
0.341,0.256,0.857,0.384,0.427,perlu_cek_manual,O_9481.jpg,Organic,ok
0.785,0.421,0.869,0.55,0.646,perlu_cek_manual,O_9482.jpg,Organic,ok
0.344,0.248,0.885,0.299,0.414,perlu_cek_manual,O_9487.jpg,Organic,ok
0.672,0.142,0.937,0.362,0.504,perlu_cek_manual,O_9495.jpg,Organic,ok
0.436,0.062,0.915,0.488,0.43,perlu_cek_manual,O_9503.jpg,Organic,ok
0.175,0.171,0.729,0.514,0.352,perlu_cek_manual,O_9504.jpg,Organic,ok
0.398,0.344,0.911,0.421,0.489,perlu_cek_manual,O_9505.jpg,Organic,ok
0.514,0.323,0.902,0.492,0.53,perlu_cek_manual,O_9507.jpg,Organic,ok
0.354,0.612,0.718,0.463,0.526,perlu_cek_manual,O_9508.jpg,Organic,ok
0.693,0.364,0.948,0.409,0.588,perlu_cek_manual,O_9509.jpg,Organic,ok
0.217,0.342,0.859,0.592,0.458,perlu_cek_manual,O_951.jpg,Organic,ok
0.185,0.362,0.509,0.443,0.354,perlu_cek_manual,O_9515.jpg,Organic,ok
0.463,0.308,0.81,0.656,0.525,perlu_cek_manual,O_9516.jpg,Organic,ok
1.0,0.14,0.494,0.51,0.543,perlu_cek_manual,O_9518.jpg,Organic,ok
0.77,0.133,0.955,0.242,0.51,perlu_cek_manual,O_9523.jpg,Organic,ok
0.399,0.398,0.594,0.387,0.435,perlu_cek_manual,O_9527.jpg,Organic,ok
0.715,0.667,1.0,0.15,0.645,perlu_cek_manual,O_9529.jpg,Organic,ok
0.424,0.745,0.902,0.418,0.615,perlu_cek_manual,O_9534.jpg,Organic,ok
0.773,0.252,0.768,0.588,0.578,perlu_cek_manual,O_9538.jpg,Organic,ok
0.6,0.278,0.898,0.454,0.534,perlu_cek_manual,O_9539.jpg,Organic,ok
0.589,0.589,0.921,0.307,0.599,perlu_cek_manual,O_9540.jpg,Organic,ok
1.0,0.0,1.0,0.058,0.512,perlu_cek_manual,O_9544.jpg,Organic,ok
0.658,0.47,0.676,0.183,0.51,perlu_cek_manual,O_9553.jpg,Organic,ok
0.535,0.243,0.897,0.05,0.423,perlu_cek_manual,O_9559.jpg,Organic,ok
0.412,0.216,0.888,0.403,0.447,perlu_cek_manual,O_9569.jpg,Organic,ok
0.538,0.361,0.939,0.471,0.552,perlu_cek_manual,O_9570.jpg,Organic,ok
0.434,0.489,0.45,0.42,0.451,perlu_cek_manual,O_9571.jpg,Organic,ok
0.808,0.352,0.954,0.383,0.616,perlu_cek_manual,O_9574.jpg,Organic,ok
1.0,0.094,1.0,0.554,0.639,perlu_cek_manual,O_9575.jpg,Organic,ok
0.294,0.231,0.822,0.299,0.382,perlu_cek_manual,O_9581.jpg,Organic,ok
0.586,0.039,0.927,0.502,0.473,perlu_cek_manual,O_9582.jpg,Organic,ok
0.547,0.0,0.89,0.475,0.437,perlu_cek_manual,O_9584.jpg,Organic,ok
0.829,0.0,0.715,0.706,0.533,perlu_cek_manual,O_9589.jpg,Organic,ok
0.595,0.425,0.933,0.302,0.553,perlu_cek_manual,O_9590.jpg,Organic,ok
0.483,0.154,0.913,0.383,0.45,perlu_cek_manual,O_9591.jpg,Organic,ok
0.616,0.387,0.941,0.413,0.572,perlu_cek_manual,O_9592.jpg,Organic,ok
1.0,0.256,0.445,0.466,0.559,perlu_cek_manual,O_9595.jpg,Organic,ok
0.332,0.293,0.956,0.589,0.496,perlu_cek_manual,O_9598.jpg,Organic,ok
0.813,0.087,0.805,0.381,0.507,perlu_cek_manual,O_9601.jpg,Organic,ok
0.651,0.213,0.871,0.294,0.492,perlu_cek_manual,O_9603.jpg,Organic,ok
0.36,0.323,0.652,0.485,0.432,perlu_cek_manual,O_9609.jpg,Organic,ok
0.909,0.079,0.93,0.304,0.543,perlu_cek_manual,O_9613.jpg,Organic,ok
0.577,0.642,0.835,0.439,0.621,perlu_cek_manual,O_9614.jpg,Organic,ok
0.414,0.564,0.936,0.445,0.57,perlu_cek_manual,O_9615.jpg,Organic,ok
0.569,0.312,0.922,0.419,0.533,perlu_cek_manual,O_9616.jpg,Organic,ok
0.531,0.554,0.949,0.246,0.564,perlu_cek_manual,O_9620.jpg,Organic,ok
0.402,0.825,0.573,0.414,0.566,perlu_cek_manual,O_9623.jpg,Organic,ok
0.724,0.331,0.961,0.239,0.557,perlu_cek_manual,O_9624.jpg,Organic,ok
0.777,0.346,0.905,0.256,0.569,perlu_cek_manual,O_9626.jpg,Organic,ok
0.576,0.371,0.941,0.24,0.52,perlu_cek_manual,O_9627.jpg,Organic,ok
0.35,0.241,0.901,0.414,0.44,perlu_cek_manual,O_9628.jpg,Organic,ok
0.839,0.553,0.985,0.04,0.623,perlu_cek_manual,O_9630.jpg,Organic,ok
1.0,0.489,0.975,0.003,0.642,perlu_cek_manual,O_9631.jpg,Organic,ok
0.599,0.478,0.93,0.296,0.568,perlu_cek_manual,O_9634.jpg,Organic,ok
0.522,0.321,0.894,0.294,0.49,perlu_cek_manual,O_9636.jpg,Organic,ok
0.464,0.235,0.422,0.501,0.395,perlu_cek_manual,O_9641.jpg,Organic,ok
1.0,0.363,0.952,0.211,0.642,perlu_cek_manual,O_9654.jpg,Organic,ok
0.306,0.237,0.434,0.528,0.355,perlu_cek_manual,O_9655.jpg,Organic,ok
1.0,0.12,0.894,0.299,0.575,perlu_cek_manual,O_9656.jpg,Organic,ok
1.0,0.363,0.984,0.201,0.646,perlu_cek_manual,O_9657.jpg,Organic,ok
0.593,0.277,0.736,0.479,0.504,perlu_cek_manual,O_9666.jpg,Organic,ok
0.416,0.433,0.903,0.398,0.515,perlu_cek_manual,O_9668.jpg,Organic,ok
1.0,0.438,0.79,0.006,0.591,perlu_cek_manual,O_9677.jpg,Organic,ok
0.408,0.292,0.918,0.219,0.437,perlu_cek_manual,O_9679.jpg,Organic,ok
0.595,0.382,0.914,0.668,0.61,perlu_cek_manual,O_9682.jpg,Organic,ok
1.0,0.332,1.0,0.23,0.646,perlu_cek_manual,O_9684.jpg,Organic,ok
1.0,0.127,0.903,0.277,0.574,perlu_cek_manual,O_9686.jpg,Organic,ok
0.674,0.287,0.95,0.185,0.515,perlu_cek_manual,O_9689.jpg,Organic,ok
1.0,0.48,0.975,0.045,0.648,perlu_cek_manual,O_9692.jpg,Organic,ok
0.83,0.608,0.969,0.045,0.634,perlu_cek_manual,O_9694.jpg,Organic,ok
0.937,0.323,0.981,0.347,0.644,perlu_cek_manual,O_9697.jpg,Organic,ok
0.185,0.464,0.867,0.211,0.41,perlu_cek_manual,O_97.jpg,Organic,ok
1.0,0.0,0.975,0.386,0.572,perlu_cek_manual,O_9715.jpg,Organic,ok
0.13,0.301,0.795,0.372,0.363,perlu_cek_manual,O_9717.jpg,Organic,ok
1.0,0.131,0.863,0.525,0.617,perlu_cek_manual,O_9718.jpg,Organic,ok
0.55,0.571,0.896,0.458,0.607,perlu_cek_manual,O_9720.jpg,Organic,ok
0.442,0.914,0.932,0.153,0.624,perlu_cek_manual,O_9725.jpg,Organic,ok
0.54,0.299,0.426,0.65,0.467,perlu_cek_manual,O_9726.jpg,Organic,ok
0.807,0.12,0.943,0.287,0.524,perlu_cek_manual,O_973.jpg,Organic,ok
1.0,0.295,0.571,0.427,0.588,perlu_cek_manual,O_9731.jpg,Organic,ok
0.696,0.0,0.98,0.166,0.438,perlu_cek_manual,O_9732.jpg,Organic,ok
0.138,0.388,0.759,0.368,0.383,perlu_cek_manual,O_9733.jpg,Organic,ok
0.277,0.219,0.877,0.536,0.431,perlu_cek_manual,O_9736.jpg,Organic,ok
0.747,0.486,0.956,0.211,0.604,perlu_cek_manual,O_9738.jpg,Organic,ok
1.0,0.209,0.755,0.503,0.614,perlu_cek_manual,O_9741.jpg,Organic,ok
0.771,0.689,0.991,0.031,0.642,perlu_cek_manual,O_9745.jpg,Organic,ok
0.546,0.547,0.952,0.237,0.566,perlu_cek_manual,O_9749.jpg,Organic,ok
0.9,0.061,0.964,0.209,0.523,perlu_cek_manual,O_9758.jpg,Organic,ok
0.254,0.328,0.877,0.425,0.435,perlu_cek_manual,O_9761.jpg,Organic,ok
0.744,0.449,0.922,0.508,0.644,perlu_cek_manual,O_9763.jpg,Organic,ok
0.501,0.187,0.888,0.431,0.47,perlu_cek_manual,O_9765.jpg,Organic,ok
1.0,0.216,0.919,0.439,0.636,perlu_cek_manual,O_9768.jpg,Organic,ok
0.311,1.0,0.913,0.355,0.647,perlu_cek_manual,O_9779.jpg,Organic,ok
1.0,0.349,0.888,0.336,0.65,perlu_cek_manual,O_9788.jpg,Organic,ok
0.396,0.223,0.892,0.215,0.407,perlu_cek_manual,O_9789.jpg,Organic,ok
0.234,0.312,0.857,0.193,0.374,perlu_cek_manual,O_9792.jpg,Organic,ok
0.917,0.052,0.573,0.438,0.493,perlu_cek_manual,O_9798.jpg,Organic,ok
0.377,0.313,0.717,0.441,0.439,perlu_cek_manual,O_9800.jpg,Organic,ok
0.684,0.209,0.953,0.338,0.526,perlu_cek_manual,O_9804.jpg,Organic,ok
1.0,0.257,1.0,0.0,0.577,perlu_cek_manual,O_9807.jpg,Organic,ok
1.0,0.109,0.991,0.587,0.648,perlu_cek_manual,O_9808.jpg,Organic,ok
0.591,0.429,0.599,0.464,0.518,perlu_cek_manual,O_9809.jpg,Organic,ok
0.581,0.29,0.715,0.514,0.507,perlu_cek_manual,O_9810.jpg,Organic,ok
0.419,0.274,0.917,0.427,0.477,perlu_cek_manual,O_9813.jpg,Organic,ok
0.528,0.49,0.815,0.454,0.559,perlu_cek_manual,O_9823.jpg,Organic,ok
0.857,0.378,0.852,0.54,0.649,perlu_cek_manual,O_9824.jpg,Organic,ok
1.0,0.519,0.567,0.323,0.634,perlu_cek_manual,O_9828.jpg,Organic,ok
0.906,0.34,0.974,0.305,0.629,perlu_cek_manual,O_9832.jpg,Organic,ok
0.685,0.244,0.911,0.439,0.549,perlu_cek_manual,O_9833.jpg,Organic,ok
0.621,0.302,0.957,0.502,0.569,perlu_cek_manual,O_9835.jpg,Organic,ok
0.405,0.27,0.447,0.427,0.377,perlu_cek_manual,O_9837.jpg,Organic,ok
0.893,0.277,0.871,0.357,0.597,perlu_cek_manual,O_9841.jpg,Organic,ok
0.431,0.72,0.766,0.394,0.577,perlu_cek_manual,O_9846.jpg,Organic,ok
0.526,0.54,0.8,0.378,0.556,perlu_cek_manual,O_9848.jpg,Organic,ok
0.181,0.573,0.859,0.371,0.472,perlu_cek_manual,O_9849.jpg,Organic,ok
0.501,0.64,0.912,0.473,0.619,perlu_cek_manual,O_9850.jpg,Organic,ok
0.268,0.338,0.619,0.272,0.36,perlu_cek_manual,O_9854.jpg,Organic,ok
0.636,0.782,0.859,0.079,0.613,perlu_cek_manual,O_9858.jpg,Organic,ok
1.0,0.55,0.758,0.106,0.638,perlu_cek_manual,O_9859.jpg,Organic,ok
0.61,0.647,0.935,0.336,0.631,perlu_cek_manual,O_9860.jpg,Organic,ok
1.0,0.0,0.891,0.515,0.581,perlu_cek_manual,O_9861.jpg,Organic,ok
0.706,0.08,0.952,0.376,0.502,perlu_cek_manual,O_9867.jpg,Organic,ok
0.543,0.293,0.519,0.674,0.49,perlu_cek_manual,O_987.jpg,Organic,ok
0.378,1.0,0.934,0.21,0.642,perlu_cek_manual,O_9872.jpg,Organic,ok
0.904,0.0,0.963,0.338,0.531,perlu_cek_manual,O_9874.jpg,Organic,ok
0.671,0.341,0.873,0.57,0.592,perlu_cek_manual,O_9889.jpg,Organic,ok
0.3,0.22,0.728,0.437,0.389,perlu_cek_manual,O_9892.jpg,Organic,ok
0.95,0.338,0.932,0.352,0.643,perlu_cek_manual,O_9893.jpg,Organic,ok
0.547,0.328,0.926,0.603,0.568,perlu_cek_manual,O_9896.jpg,Organic,ok
0.769,0.567,0.737,0.323,0.613,perlu_cek_manual,O_9897.jpg,Organic,ok
0.636,0.443,0.863,0.476,0.591,perlu_cek_manual,O_9899.jpg,Organic,ok
0.444,0.175,0.888,0.491,0.461,perlu_cek_manual,O_9904.jpg,Organic,ok
0.275,0.411,0.836,0.394,0.452,perlu_cek_manual,O_9905.jpg,Organic,ok
0.376,0.426,0.909,0.376,0.498,perlu_cek_manual,O_9909.jpg,Organic,ok
0.331,0.216,0.858,0.311,0.398,perlu_cek_manual,O_9911.jpg,Organic,ok
0.309,0.278,0.875,0.537,0.459,perlu_cek_manual,O_9915.jpg,Organic,ok
1.0,0.0,1.0,0.727,0.645,perlu_cek_manual,O_9919.jpg,Organic,ok
0.757,0.386,1.0,0.258,0.595,perlu_cek_manual,O_9920.jpg,Organic,ok
0.548,0.621,0.846,0.494,0.619,perlu_cek_manual,O_9921.jpg,Organic,ok
1.0,0.44,0.718,0.314,0.638,perlu_cek_manual,O_9928.jpg,Organic,ok
1.0,0.319,0.94,0.229,0.629,perlu_cek_manual,O_9929.jpg,Organic,ok
0.268,0.836,0.765,0.445,0.573,perlu_cek_manual,O_9934.jpg,Organic,ok
0.426,0.272,0.934,0.676,0.532,perlu_cek_manual,O_9936.jpg,Organic,ok
0.436,0.622,0.935,0.348,0.574,perlu_cek_manual,O_9938.jpg,Organic,ok
0.54,0.473,0.888,0.311,0.544,perlu_cek_manual,O_994.jpg,Organic,ok
1.0,0.213,0.751,0.571,0.628,perlu_cek_manual,O_9943.jpg,Organic,ok
0.368,0.082,0.902,0.323,0.38,perlu_cek_manual,O_9948.jpg,Organic,ok
0.564,0.555,0.931,0.208,0.564,perlu_cek_manual,O_9951.jpg,Organic,ok
0.618,0.42,0.519,0.337,0.483,perlu_cek_manual,O_9956.jpg,Organic,ok
0.61,0.608,0.974,0.331,0.626,perlu_cek_manual,O_9957.jpg,Organic,ok
0.658,0.543,0.957,0.339,0.62,perlu_cek_manual,O_9965.jpg,Organic,ok
0.672,0.255,0.95,0.427,0.553,perlu_cek_manual,O_9967.jpg,Organic,ok
0.611,0.57,0.95,0.289,0.602,perlu_cek_manual,O_9968.jpg,Organic,ok
0.207,0.187,0.823,0.474,0.378,perlu_cek_manual,O_9975.jpg,Organic,ok
0.43,0.11,0.817,0.55,0.436,perlu_cek_manual,O_9981.jpg,Organic,ok
0.549,0.552,0.953,0.542,0.629,perlu_cek_manual,O_9982.jpg,Organic,ok
0.377,0.755,0.85,0.37,0.584,perlu_cek_manual,O_9983.jpg,Organic,ok
0.365,0.354,0.863,0.415,0.471,perlu_cek_manual,O_9985.jpg,Organic,ok
1.0,0.483,1.0,0.0,0.645,perlu_cek_manual,O_9994.jpg,Organic,ok
0.829,0.39,0.9,0.437,0.633,perlu_cek_manual,O_9997.jpg,Organic,ok
0.385,0.559,0.926,0.372,0.543,perlu_cek_manual,O_9999.jpg,Organic,ok
