nama_file,label,pred_label,prob_recyclable,prob_electronic,prob_organic,skor_variansi,skor_entropi,skor_grabcut,skor_akhir,kategori,rule_triggered,prob_recyclable_adj,prob_organic_adj,prob_electronic_adj,pred_label_after,kelompok,pred_clip,prob_recyclable_clip,prob_electronic_clip,prob_organic_clip,pred_siglip,prob_recyclable_siglip,prob_electronic_siglip,prob_organic_siglip
R_1127.jpg,Recyclable,Organic,0.0983927324414253,0.0722489580512046,0.8293582797050476,0.818,0.954,0.371,0.674,full_frame,False,0.0983927324414253,0.8293582797050476,0.0722489580512046,Organic,recyclable_salah_jadi_organic,Recyclable,0.8916,0.0781,0.0304,Organic,0.1393,0.0993,0.7614
R_1560.jpg,Recyclable,Organic,0.2673967778682709,0.0285237524658441,0.7040795087814331,0.394,0.874,0.136,0.444,perlu_cek_manual,False,0.2673967778682709,0.7040795087814331,0.0285237524658441,Organic,recyclable_salah_jadi_organic,Organic,0.4543,0.0034,0.5423,Organic,0.0254,0.3425,0.6321
R_2065.jpg,Recyclable,Organic,0.4148926138877868,0.0867093503475189,0.4983980357646942,0.975,0.99,0.03,0.763,full_frame,False,0.4148926138877868,0.4983980357646942,0.0867093503475189,Organic,recyclable_salah_jadi_organic,Recyclable,0.8607,0.0114,0.1279,Electronic,0.0202,0.7601,0.2197
R_2300.jpg,Recyclable,Organic,0.3345875442028045,0.039110854268074,0.6263015866279602,1.0,1.0,0.0,0.8,full_frame,True,0.4345875442028045,0.5263015866279602,0.0391108691692352,Organic,recyclable_salah_jadi_organic,Recyclable,0.8062,0.0172,0.1767,Recyclable,0.5454,0.0485,0.4062
R_2458.jpg,Recyclable,Organic,0.4509796500205993,0.0601000413298606,0.4889202415943146,0.261,0.391,0.533,0.348,background_terpisah,False,0.4509796500205993,0.4889202415943146,0.0601000413298606,Organic,recyclable_salah_jadi_organic,Recyclable,0.9298,0.0111,0.0591,Organic,0.0674,0.07,0.8626
R_2482.jpg,Recyclable,Organic,0.4470425844192505,0.0471468307077884,0.5058106184005737,0.104,0.163,0.38,0.186,background_terpisah,False,0.4470425844192505,0.5058106184005737,0.0471468307077884,Organic,recyclable_salah_jadi_organic,Recyclable,0.6532,0.0185,0.3283,Electronic,0.0473,0.539,0.4137
R_254.jpg,Recyclable,Organic,0.1725795120000839,0.221167579293251,0.6062529683113098,0.621,0.969,0.394,0.553,perlu_cek_manual,False,0.1725795120000839,0.6062529683113098,0.221167579293251,Organic,recyclable_salah_jadi_organic,Recyclable,0.649,0.1512,0.1998,Organic,0.0812,0.4003,0.5186
R_3109.jpg,Recyclable,Organic,0.1659443825483322,0.2345111817121505,0.5995444059371948,0.995,0.875,0.356,0.603,perlu_cek_manual,False,0.1659443825483322,0.5995444059371948,0.2345111817121505,Organic,recyclable_salah_jadi_organic,Electronic,0.0578,0.7439,0.1983,Organic,0.015,0.4125,0.5725
R_3136.jpg,Recyclable,Organic,0.4651271104812622,0.0234887078404426,0.5113842487335205,0.55,0.92,0.501,0.675,full_frame,False,0.4651271104812622,0.5113842487335205,0.0234887078404426,Organic,recyclable_salah_jadi_organic,Electronic,0.0867,0.4681,0.4452,Electronic,0.2075,0.4786,0.3139
R_3477.jpg,Recyclable,Organic,0.3916113674640655,0.0607050657272338,0.547683596611023,1.0,0.372,0.421,0.509,perlu_cek_manual,False,0.3916113674640655,0.547683596611023,0.0607050657272338,Organic,recyclable_salah_jadi_organic,Recyclable,0.8467,0.018,0.1354,Recyclable,0.421,0.2942,0.2848
R_3726.jpg,Recyclable,Organic,0.4173472225666046,0.0208505354821681,0.5618022680282593,1.0,1.0,0.147,0.574,perlu_cek_manual,False,0.4173472225666046,0.5618022680282593,0.0208505354821681,Organic,recyclable_salah_jadi_organic,Organic,0.088,0.1549,0.7571,Electronic,0.2925,0.3828,0.3247
R_3814.jpg,Recyclable,Organic,0.3687571287155151,0.2246786206960678,0.4065642356872558,0.67,1.0,0.261,0.753,full_frame,False,0.3687571287155151,0.4065642356872558,0.2246786206960678,Organic,recyclable_salah_jadi_organic,Recyclable,0.5406,0.2555,0.2039,Electronic,0.1667,0.4803,0.3529
R_400.jpg,Recyclable,Organic,0.1522071361541748,0.0288555957376956,0.8189373016357422,0.05,0.175,0.292,0.139,background_terpisah,False,0.1522071361541748,0.8189373016357422,0.0288555957376956,Organic,recyclable_salah_jadi_organic,Recyclable,0.6553,0.0008,0.3438,Recyclable,0.6117,0.2182,0.1701
R_4410.jpg,Recyclable,Organic,0.2625747919082641,0.0111620044335722,0.7262632250785828,0.761,0.948,0.561,0.542,perlu_cek_manual,False,0.2625747919082641,0.7262632250785828,0.0111620044335722,Organic,recyclable_salah_jadi_organic,Organic,0.458,0.0503,0.4917,Organic,0.0783,0.4474,0.4743
R_4473.jpg,Recyclable,Organic,0.2701806426048279,0.049326367676258,0.6804929375648499,1.0,1.0,0.577,0.915,full_frame,False,0.2701806426048279,0.6804929375648499,0.049326367676258,Organic,recyclable_salah_jadi_organic,Organic,0.3562,0.0213,0.6225,Organic,0.1621,0.2214,0.6165
R_4504.jpg,Recyclable,Organic,0.3550832569599151,0.0386758483946323,0.6062408685684204,0.361,0.436,0.521,0.353,perlu_cek_manual,False,0.3550832569599151,0.6062408685684204,0.0386758483946323,Organic,recyclable_salah_jadi_organic,Recyclable,0.9467,0.0038,0.0495,Organic,0.3601,0.2253,0.4145
R_4524.jpg,Recyclable,Organic,0.3514716923236847,0.1456411331892013,0.5028871893882751,0.73,0.977,0.045,0.722,full_frame,False,0.3514716923236847,0.5028871893882751,0.1456411331892013,Organic,recyclable_salah_jadi_organic,Recyclable,0.7228,0.1658,0.1113,Recyclable,0.4975,0.0724,0.4301
R_4529.jpg,Recyclable,Organic,0.3527578115463257,0.0326833389699459,0.6145588159561157,1.0,0.963,0.419,0.705,full_frame,False,0.3527578115463257,0.6145588159561157,0.0326833389699459,Organic,recyclable_salah_jadi_organic,Organic,0.0163,0.0019,0.9818,Organic,0.1175,0.1149,0.7676
R_4623.jpg,Recyclable,Organic,0.2726836204528808,0.0842045918107032,0.6431117653846741,0.867,1.0,0.024,0.74,full_frame,True,0.3726836204528808,0.5431117653846741,0.084204614162445,Organic,recyclable_salah_jadi_organic,Electronic,0.1764,0.7519,0.0717,Organic,0.2693,0.132,0.5987
R_4657.jpg,Recyclable,Organic,0.2284531444311142,0.0378357842564582,0.7337110638618469,0.801,0.908,0.0,0.639,perlu_cek_manual,False,0.2284531444311142,0.7337110638618469,0.0378357842564582,Organic,recyclable_salah_jadi_organic,Organic,0.3029,0.2619,0.4352,Recyclable,0.6127,0.3122,0.0751
R_4697.jpg,Recyclable,Organic,0.4141776859760284,0.0218362305313348,0.5639861226081848,1.0,0.989,0.012,0.726,full_frame,True,0.5141776859760284,0.4639861226081848,0.0218361914157867,Recyclable,recyclable_salah_jadi_organic,Organic,0.4564,0.001,0.5426,Organic,0.4054,0.052,0.5426
R_4705.jpg,Recyclable,Organic,0.3900513648986816,0.0823757871985435,0.5275728702545166,0.223,0.834,0.13,0.401,perlu_cek_manual,False,0.3900513648986816,0.5275728702545166,0.0823757871985435,Organic,recyclable_salah_jadi_organic,Recyclable,0.8082,0.0006,0.1912,Organic,0.0435,0.2418,0.7147
R_4734.jpg,Recyclable,Organic,0.2209787368774414,0.0823588743805885,0.6966623067855835,0.895,0.996,0.483,0.864,full_frame,False,0.2209787368774414,0.6966623067855835,0.0823588743805885,Organic,recyclable_salah_jadi_organic,Recyclable,0.9108,0.0106,0.0786,Organic,0.0744,0.0974,0.8282
R_4741.jpg,Recyclable,Organic,0.2104931324720382,0.117912471294403,0.6715943813323975,0.753,0.965,0.333,0.486,perlu_cek_manual,False,0.2104931324720382,0.6715943813323975,0.117912471294403,Organic,recyclable_salah_jadi_organic,Recyclable,0.8437,0.114,0.0423,Organic,0.0856,0.1606,0.7538
R_4868.jpg,Recyclable,Organic,0.2129732966423034,0.0444022752344608,0.7426244616508484,0.702,0.97,0.0,0.58,perlu_cek_manual,False,0.2129732966423034,0.7426244616508484,0.0444022752344608,Organic,recyclable_salah_jadi_organic,Recyclable,0.5324,0.2352,0.2323,Organic,0.2045,0.1325,0.663
R_4889.jpg,Recyclable,Organic,0.0464806668460369,0.0369670614600181,0.9165522456169128,1.0,0.836,0.553,0.7,full_frame,False,0.0464806668460369,0.9165522456169128,0.0369670614600181,Organic,recyclable_salah_jadi_organic,Recyclable,0.6399,0.0002,0.3599,Organic,0.1665,0.2946,0.5389
R_4899.jpg,Recyclable,Organic,0.2564655244350433,0.0694203972816467,0.6741140484809875,0.0,-0.0,0.224,0.045,background_terpisah,False,0.2564655244350433,0.6741140484809875,0.0694203972816467,Organic,recyclable_salah_jadi_organic,Recyclable,0.4864,0.3205,0.1932,Electronic,0.0901,0.4867,0.4232
R_502.jpg,Recyclable,Organic,0.2177368104457855,0.045041624456644,0.7372215390205383,1.0,1.0,0.178,0.718,full_frame,True,0.3177368104457855,0.6372215390205384,0.0450416505336761,Organic,recyclable_salah_jadi_organic,Recyclable,0.9812,0.0005,0.0183,Organic,0.1364,0.2084,0.6552
R_5191.jpg,Recyclable,Organic,0.2085370421409607,0.1299286633729934,0.661534309387207,0.33,0.486,0.481,0.559,perlu_cek_manual,False,0.2085370421409607,0.661534309387207,0.1299286633729934,Organic,recyclable_salah_jadi_organic,Recyclable,0.5027,0.0002,0.4971,Organic,0.1528,0.0294,0.8178
R_5343.jpg,Recyclable,Organic,0.2827669680118561,0.0694403052330017,0.6477926969528198,1.0,0.992,0.301,0.773,full_frame,True,0.382766968011856,0.5477926969528198,0.0694403350353241,Organic,recyclable_salah_jadi_organic,Organic,0.3668,0.0688,0.5645,Organic,0.2239,0.0273,0.7488
R_5442.jpg,Recyclable,Organic,0.3785467743873596,0.0551173463463783,0.566335916519165,0.559,0.886,0.308,0.458,perlu_cek_manual,False,0.3785467743873596,0.566335916519165,0.0551173463463783,Organic,recyclable_salah_jadi_organic,Organic,0.4931,0.0004,0.5065,Organic,0.4435,0.0636,0.4929
R_568.jpg,Recyclable,Organic,0.1122864708304405,0.1070605590939521,0.7806529998779297,1.0,0.852,0.513,0.595,perlu_cek_manual,False,0.1122864708304405,0.7806529998779297,0.1070605590939521,Organic,recyclable_salah_jadi_organic,Recyclable,0.3941,0.3635,0.2423,Organic,0.1585,0.0586,0.7829
R_572.jpg,Recyclable,Organic,0.4841825067996979,0.0240923818200826,0.4917251169681549,0.058,0.706,0.402,0.239,background_terpisah,False,0.4841825067996979,0.4917251169681549,0.0240923818200826,Organic,recyclable_salah_jadi_organic,Recyclable,0.8732,0.1192,0.0075,Organic,0.0171,0.0329,0.95
R_6060.jpg,Recyclable,Organic,0.4029184281826019,0.0516750216484069,0.5454065799713135,0.611,0.502,0.662,0.499,perlu_cek_manual,False,0.4029184281826019,0.5454065799713135,0.0516750216484069,Organic,recyclable_salah_jadi_organic,Organic,0.2279,0.0058,0.7663,Electronic,0.0475,0.7371,0.2154
R_6092.jpg,Recyclable,Organic,0.3024563491344452,0.0312237236648798,0.6663199067115784,0.0,0.03,0.616,0.129,background_terpisah,False,0.3024563491344452,0.6663199067115784,0.0312237236648798,Organic,recyclable_salah_jadi_organic,Organic,0.196,0.0384,0.7656,Electronic,0.0256,0.799,0.1754
R_6228.jpg,Recyclable,Organic,0.4345136880874634,0.0747476816177368,0.4907387197017669,0.214,0.405,0.695,0.326,background_terpisah,False,0.4345136880874634,0.4907387197017669,0.0747476816177368,Organic,recyclable_salah_jadi_organic,Organic,0.2382,0.0101,0.7518,Electronic,0.1505,0.7085,0.141
R_637.jpg,Recyclable,Organic,0.0925607159733772,0.1076860800385475,0.7997531890869141,0.917,1.0,0.095,0.494,perlu_cek_manual,False,0.0925607159733772,0.7997531890869141,0.1076860800385475,Organic,recyclable_salah_jadi_organic,Recyclable,0.8341,0.011,0.1549,Organic,0.2739,0.1658,0.5604
R_664.jpg,Recyclable,Organic,0.1090122312307357,0.0621732734143734,0.8288145065307617,1.0,0.972,0.192,0.772,full_frame,True,0.2090122312307357,0.7288145065307617,0.0621732622385025,Organic,recyclable_salah_jadi_organic,Recyclable,0.7021,0.0738,0.2241,Organic,0.0901,0.3078,0.602
R_690.jpg,Recyclable,Organic,0.1813139766454696,0.0429414175450801,0.7757446765899658,1.0,1.0,0.034,0.778,full_frame,True,0.2813139766454696,0.6757446765899658,0.0429413467645645,Organic,recyclable_salah_jadi_organic,Organic,0.4371,0.0282,0.5347,Organic,0.1127,0.1268,0.7605
R_7049.jpg,Recyclable,Organic,0.3259268701076507,0.2711468636989593,0.4029262661933899,0.072,0.107,0.282,0.117,background_terpisah,False,0.3259268701076507,0.4029262661933899,0.2711468636989593,Organic,recyclable_salah_jadi_organic,Recyclable,0.9161,0.022,0.0619,Organic,0.0036,0.162,0.8343
R_7094.jpg,Recyclable,Organic,0.305013507604599,0.1007809862494468,0.5942054986953735,0.179,0.384,0.42,0.4,perlu_cek_manual,False,0.305013507604599,0.5942054986953735,0.1007809862494468,Organic,recyclable_salah_jadi_organic,Recyclable,0.9193,0.0001,0.0806,Organic,0.1645,0.3364,0.4991
R_7140.jpg,Recyclable,Organic,0.063544675707817,0.0080148167908191,0.9284405708312988,1.0,1.0,0.0,0.742,full_frame,True,0.163544675707817,0.8284405708312989,0.008014753460884,Organic,recyclable_salah_jadi_organic,Recyclable,0.5113,0.089,0.3996,Recyclable,0.4892,0.1764,0.3344
R_7205.jpg,Recyclable,Organic,0.0640903264284133,0.0505096539855003,0.8854000568389893,0.0,0.018,0.566,0.117,background_terpisah,False,0.0640903264284133,0.8854000568389893,0.0505096539855003,Organic,recyclable_salah_jadi_organic,Recyclable,0.628,0.0003,0.3718,Organic,0.1038,0.3147,0.5814
R_7225.jpg,Recyclable,Organic,0.1176800951361656,0.0571430474519729,0.8251768946647644,0.094,0.503,0.485,0.238,background_terpisah,False,0.1176800951361656,0.8251768946647644,0.0571430474519729,Organic,recyclable_salah_jadi_organic,Recyclable,0.9332,0.0001,0.0667,Organic,0.0659,0.1653,0.7687
R_7226.jpg,Recyclable,Organic,0.2583378851413727,0.0378731712698936,0.7037889361381531,0.531,0.541,0.351,0.429,perlu_cek_manual,False,0.2583378851413727,0.7037889361381531,0.0378731712698936,Organic,recyclable_salah_jadi_organic,Recyclable,0.6303,0.0011,0.3686,Organic,0.0227,0.1242,0.8531
R_779.jpg,Recyclable,Organic,0.2290602773427963,0.0919079631567001,0.6790317296981812,0.523,0.946,0.384,0.689,full_frame,False,0.2290602773427963,0.6790317296981812,0.0919079631567001,Organic,recyclable_salah_jadi_organic,Organic,0.3424,0.2855,0.3721,Organic,0.026,0.2285,0.7455
R_796.jpg,Recyclable,Organic,0.2244413197040558,0.0422408729791641,0.7333177924156189,1.0,0.964,0.0,0.792,full_frame,True,0.3244413197040557,0.6333177924156189,0.0422408878803253,Organic,recyclable_salah_jadi_organic,Organic,0.3215,0.0071,0.6715,Recyclable,0.671,0.2733,0.0557
R_7961.jpg,Recyclable,Organic,0.289311021566391,0.0770305320620536,0.6336584091186523,0.425,0.64,0.35,0.436,perlu_cek_manual,False,0.289311021566391,0.6336584091186523,0.0770305320620536,Organic,recyclable_salah_jadi_organic,Organic,0.005,0.0045,0.9905,Organic,0.1216,0.3688,0.5096
R_799.jpg,Recyclable,Organic,0.1021711230278015,0.0293984096497297,0.868430495262146,0.418,0.964,0.59,0.707,full_frame,False,0.1021711230278015,0.868430495262146,0.0293984096497297,Organic,recyclable_salah_jadi_organic,Recyclable,0.9857,0.0003,0.014,Recyclable,0.4448,0.299,0.2562
R_800.jpg,Recyclable,Organic,0.152021437883377,0.0569462291896343,0.7910323143005371,1.0,0.936,0.257,0.697,full_frame,True,0.252021437883377,0.6910323143005371,0.0569462478160858,Organic,recyclable_salah_jadi_organic,Recyclable,0.9445,0.0002,0.0553,Organic,0.0145,0.0207,0.9647
R_8201.jpg,Recyclable,Organic,0.445427805185318,0.0409263335168361,0.5136458873748779,0.073,0.76,0.18,0.317,background_terpisah,False,0.445427805185318,0.5136458873748779,0.0409263335168361,Organic,recyclable_salah_jadi_organic,Recyclable,0.6257,0.2739,0.1004,Organic,0.0041,0.0554,0.9406
R_821.jpg,Recyclable,Organic,0.3367270231246948,0.1559254825115203,0.5073475241661072,0.114,0.43,0.397,0.289,background_terpisah,False,0.3367270231246948,0.5073475241661072,0.1559254825115203,Organic,recyclable_salah_jadi_organic,Recyclable,0.6772,0.2515,0.0713,Organic,0.0599,0.3664,0.5737
R_8257.jpg,Recyclable,Organic,0.3367674648761749,0.0117294760420918,0.6515030860900879,1.0,0.955,0.447,0.807,full_frame,False,0.3367674648761749,0.6515030860900879,0.0117294760420918,Organic,recyclable_salah_jadi_organic,Organic,0.0258,0.0003,0.9739,Electronic,0.0704,0.6899,0.2397
R_8275.jpg,Recyclable,Organic,0.1857010424137115,0.0476050153374671,0.7666939496994019,0.849,0.883,0.407,0.636,perlu_cek_manual,False,0.1857010424137115,0.7666939496994019,0.0476050153374671,Organic,recyclable_salah_jadi_organic,Recyclable,0.507,0.0441,0.4488,Organic,0.0093,0.3115,0.6792
R_8327.jpg,Recyclable,Organic,0.041796863079071,0.0171474199742078,0.9410556554794312,0.589,0.972,0.136,0.698,full_frame,False,0.041796863079071,0.9410556554794312,0.0171474199742078,Organic,recyclable_salah_jadi_organic,Recyclable,0.5057,0.0496,0.4447,Organic,0.0025,0.0254,0.972
R_841.jpg,Recyclable,Organic,0.300302654504776,0.1411309689283371,0.5585663914680481,0.827,0.954,0.498,0.568,perlu_cek_manual,False,0.300302654504776,0.5585663914680481,0.1411309689283371,Organic,recyclable_salah_jadi_organic,Recyclable,0.8497,0.0334,0.1169,Organic,0.2327,0.1143,0.6529
R_8471.jpg,Recyclable,Organic,0.2025675475597381,0.071869172155857,0.7255632877349854,0.15,0.157,0.213,0.151,background_terpisah,False,0.2025675475597381,0.7255632877349854,0.071869172155857,Organic,recyclable_salah_jadi_organic,Organic,0.2875,0.282,0.4305,Organic,0.129,0.1194,0.7516
R_8639.jpg,Recyclable,Organic,0.4325236082077026,0.127746120095253,0.4397302269935608,0.965,0.856,0.312,0.763,full_frame,False,0.4325236082077026,0.4397302269935608,0.127746120095253,Organic,recyclable_salah_jadi_organic,Recyclable,0.4994,0.3303,0.1703,Organic,0.0825,0.0987,0.8188
R_870.jpg,Recyclable,Organic,0.3164985179901123,0.1377253383398056,0.5457760691642761,1.0,0.686,0.418,0.628,perlu_cek_manual,False,0.3164985179901123,0.5457760691642761,0.1377253383398056,Organic,recyclable_salah_jadi_organic,Recyclable,0.913,0.0298,0.0572,Electronic,0.1345,0.65,0.2155
R_875.jpg,Recyclable,Organic,0.3963541984558105,0.0493800602853298,0.5542656779289246,1.0,0.936,0.512,0.788,full_frame,False,0.3963541984558105,0.5542656779289246,0.0493800602853298,Organic,recyclable_salah_jadi_organic,Recyclable,0.8201,0.0016,0.1784,Organic,0.1431,0.2211,0.6358
R_8999.jpg,Recyclable,Organic,0.234913095831871,0.0593375824391841,0.7057492733001709,0.141,0.568,0.218,0.328,background_terpisah,False,0.234913095831871,0.7057492733001709,0.0593375824391841,Organic,recyclable_salah_jadi_organic,Organic,0.0174,0.0003,0.9823,Organic,0.0767,0.0372,0.8861
R_9065.jpg,Recyclable,Organic,0.2923378646373749,0.0465640388429164,0.6610981225967407,1.0,1.0,0.294,0.859,full_frame,True,0.3923378646373748,0.5610981225967407,0.0465640127658844,Organic,recyclable_salah_jadi_organic,Organic,0.4122,0.0044,0.5834,Organic,0.0148,0.4148,0.5705
R_9080.jpg,Recyclable,Organic,0.4593983590602875,0.0544679388403892,0.4861336648464203,1.0,0.906,0.197,0.726,full_frame,False,0.4593983590602875,0.4861336648464203,0.0544679388403892,Organic,recyclable_salah_jadi_organic,Organic,0.073,0.007,0.9199,Electronic,0.0689,0.6285,0.3026
R_9347.jpg,Recyclable,Organic,0.316276490688324,0.0585581883788108,0.6251653432846069,0.564,0.457,0.131,0.38,perlu_cek_manual,False,0.316276490688324,0.6251653432846069,0.0585581883788108,Organic,recyclable_salah_jadi_organic,Recyclable,0.562,0.0274,0.4106,Organic,0.0368,0.0334,0.9299
R_939.jpg,Recyclable,Organic,0.1808212846517563,0.1646655648946762,0.6545131206512451,0.251,0.239,0.387,0.297,background_terpisah,False,0.1808212846517563,0.6545131206512451,0.1646655648946762,Organic,recyclable_salah_jadi_organic,Recyclable,0.8974,0.0013,0.1013,Organic,0.3179,0.2882,0.3939
R_9541.jpg,Recyclable,Organic,0.4377678334712982,0.0469287969172,0.515303373336792,0.933,0.925,0.415,0.657,full_frame,False,0.4377678334712982,0.515303373336792,0.0469287969172,Organic,recyclable_salah_jadi_organic,Organic,0.1176,0.1095,0.7729,Organic,0.005,0.0656,0.9295
R_9565.jpg,Recyclable,Organic,0.3361333012580871,0.1038706228137016,0.5599960684776306,0.864,0.74,0.485,0.56,perlu_cek_manual,False,0.3361333012580871,0.5599960684776306,0.1038706228137016,Organic,recyclable_salah_jadi_organic,Recyclable,0.5795,0.0242,0.3963,Organic,0.0805,0.225,0.6945
R_9988.jpg,Recyclable,Organic,0.4286155104637146,0.1373893320560455,0.4339951574802398,0.51,0.996,0.641,0.781,full_frame,False,0.4286155104637146,0.4339951574802398,0.1373893320560455,Organic,recyclable_salah_jadi_organic,Recyclable,0.6014,0.0408,0.3578,Organic,0.0777,0.0421,0.8802
O_10003.jpg,Organic,Organic,0.1883786171674728,0.0297293104231357,0.7818920612335205,0.482,0.965,0.4,0.609,perlu_cek_manual,False,0.1883786171674728,0.7818920612335205,0.0297293104231357,Organic,organic_sudah_benar,Organic,0.0065,0.0045,0.9889,Organic,0.026,0.0661,0.9079
O_10010.jpg,Organic,Organic,0.1198134273290634,0.1449090838432312,0.7352774739265442,1.0,1.0,0.442,0.844,full_frame,False,0.1198134273290634,0.7352774739265442,0.1449090838432312,Organic,organic_sudah_benar,Organic,0.4582,0.0271,0.5148,Organic,0.0728,0.0357,0.8915
O_10016.jpg,Organic,Organic,0.0533889308571815,0.0302654653787612,0.9163455963134766,1.0,0.953,0.279,0.778,full_frame,True,0.1533889308571815,0.8163455963134766,0.0302654728293418,Organic,organic_sudah_benar,Organic,0.012,0.0016,0.9863,Organic,0.0093,0.0472,0.9435
O_10023.jpg,Organic,Organic,0.0570135861635208,0.0374019481241703,0.905584454536438,0.026,0.254,0.641,0.227,background_terpisah,False,0.0570135861635208,0.905584454536438,0.0374019481241703,Organic,organic_sudah_benar,Organic,0.0452,0.001,0.9538,Organic,0.2219,0.371,0.407
O_10027.jpg,Organic,Organic,0.0586182810366153,0.1807735413312912,0.7606081962585449,0.741,0.964,0.402,0.749,full_frame,False,0.0586182810366153,0.7606081962585449,0.1807735413312912,Organic,organic_sudah_benar,Organic,0.4204,0.0677,0.5118,Organic,0.0571,0.2582,0.6847
O_1003.jpg,Organic,Organic,0.4449409246444702,0.068638727068901,0.4864203631877899,1.0,0.997,0.026,0.734,full_frame,False,0.4449409246444702,0.4864203631877899,0.068638727068901,Organic,organic_sudah_benar,Organic,0.0505,0.0014,0.9481,Organic,0.032,0.3159,0.6521
O_10030.jpg,Organic,Organic,0.0323599390685558,0.0267754141241312,0.940864622592926,0.536,0.892,0.29,0.499,perlu_cek_manual,False,0.0323599390685558,0.940864622592926,0.0267754141241312,Organic,organic_sudah_benar,Organic,0.0165,0.0027,0.9808,Organic,0.0265,0.042,0.9315
O_10031.jpg,Organic,Organic,0.2927844524383545,0.0790063440799713,0.6282091736793518,1.0,1.0,0.205,0.79,full_frame,True,0.3927844524383544,0.5282091736793518,0.0790063738822937,Organic,organic_sudah_benar,Recyclable,0.8406,0.0015,0.158,Electronic,0.0468,0.7419,0.2113
O_10035.jpg,Organic,Organic,0.4509672224521637,0.0484683252871036,0.5005643963813782,1.0,0.853,0.715,0.914,full_frame,False,0.4509672224521637,0.5005643963813782,0.0484683252871036,Organic,organic_sudah_benar,Organic,0.3066,0.0147,0.6786,Organic,0.1755,0.1567,0.6678
O_1004.jpg,Organic,Organic,0.0391256511211395,0.0197248850017786,0.9411494135856628,0.956,0.93,0.332,0.67,full_frame,True,0.1391256511211395,0.8411494135856629,0.0197249352931976,Organic,organic_sudah_benar,Organic,0.0037,0.0,0.9963,Electronic,0.0517,0.5178,0.4305
O_10050.jpg,Organic,Organic,0.3166731894016266,0.040354236960411,0.6429725289344788,0.045,0.688,0.372,0.226,background_terpisah,False,0.3166731894016266,0.6429725289344788,0.040354236960411,Organic,organic_sudah_benar,Organic,0.0836,0.0001,0.9163,Organic,0.1141,0.0913,0.7946
O_10055.jpg,Organic,Organic,0.108946792781353,0.0770861655473709,0.8139671087265015,1.0,1.0,0.498,0.636,perlu_cek_manual,False,0.108946792781353,0.8139671087265015,0.0770861655473709,Organic,organic_sudah_benar,Organic,0.2698,0.0036,0.7266,Organic,0.0273,0.0469,0.9258
O_10056.jpg,Organic,Organic,0.3155802488327026,0.1028270572423935,0.5815926790237427,1.0,1.0,0.125,0.759,full_frame,True,0.4155802488327026,0.4815926790237427,0.1028270721435546,Organic,organic_sudah_benar,Organic,0.4267,0.1224,0.4509,Recyclable,0.4232,0.3072,0.2696
O_10058.jpg,Organic,Organic,0.0518124364316463,0.0466650277376174,0.9015225768089294,1.0,0.966,0.484,0.867,full_frame,False,0.0518124364316463,0.9015225768089294,0.0466650277376174,Organic,organic_sudah_benar,Organic,0.0404,0.0002,0.9594,Organic,0.021,0.0145,0.9644
O_10060.jpg,Organic,Organic,0.3522056937217712,0.0381945557892322,0.609599769115448,1.0,0.965,0.0,0.757,full_frame,True,0.4522056937217712,0.509599769115448,0.0381945371627807,Organic,organic_sudah_benar,Organic,0.0697,0.0839,0.8464,Organic,0.0066,0.0191,0.9742
O_10062.jpg,Organic,Organic,0.0242244210094213,0.0366047918796539,0.9391708374023438,1.0,1.0,0.249,0.813,full_frame,True,0.1242244210094213,0.8391708374023438,0.0366047415882349,Organic,organic_sudah_benar,Organic,0.0823,0.0004,0.9174,Organic,0.045,0.0613,0.8936
O_10069.jpg,Organic,Organic,0.0294654313474893,0.0451794117689132,0.9253552556037904,1.0,1.0,0.0,0.709,full_frame,True,0.1294654313474893,0.8253552556037903,0.0451793130487203,Organic,organic_sudah_benar,Organic,0.0627,0.017,0.9204,Organic,0.0819,0.1516,0.7665
O_10072.jpg,Organic,Organic,0.0949616655707359,0.1146372556686401,0.7904011011123657,1.0,0.985,0.133,0.524,perlu_cek_manual,False,0.0949616655707359,0.7904011011123657,0.1146372556686401,Organic,organic_sudah_benar,Organic,0.4094,0.0016,0.589,Organic,0.161,0.372,0.467
O_10074.jpg,Organic,Organic,0.1085783913731575,0.0749243423342704,0.816497266292572,1.0,0.806,0.547,0.705,full_frame,False,0.1085783913731575,0.816497266292572,0.0749243423342704,Organic,organic_sudah_benar,Organic,0.019,0.0,0.981,Organic,0.1771,0.152,0.6709
O_10075.jpg,Organic,Organic,0.0850701704621315,0.0364985466003418,0.8784313201904297,0.018,0.131,0.374,0.119,background_terpisah,False,0.0850701704621315,0.8784313201904297,0.0364985466003418,Organic,organic_sudah_benar,Organic,0.0071,0.0004,0.9925,Organic,0.0226,0.0949,0.8826
O_10078.jpg,Organic,Organic,0.0742884427309036,0.0575574785470962,0.8681540489196777,0.907,0.924,0.543,0.731,full_frame,False,0.0742884427309036,0.8681540489196777,0.0575574785470962,Organic,organic_sudah_benar,Recyclable,0.5802,0.001,0.4187,Organic,0.0428,0.014,0.9431
O_10086.jpg,Organic,Organic,0.1046512499451637,0.0234598722308874,0.8718888163566589,1.0,0.973,0.484,0.838,full_frame,False,0.1046512499451637,0.8718888163566589,0.0234598722308874,Organic,organic_sudah_benar,Organic,0.1961,0.0012,0.8027,Organic,0.0252,0.1325,0.8423
O_1009.jpg,Organic,Organic,0.0266992338001728,0.0315070487558841,0.94179368019104,1.0,0.994,0.137,0.826,full_frame,True,0.1266992338001728,0.8417936801910401,0.0315070860087871,Organic,organic_sudah_benar,Organic,0.1918,0.021,0.7872,Electronic,0.0935,0.5108,0.3957
O_10097.jpg,Organic,Organic,0.0810084193944931,0.1021082773804664,0.8168832659721375,0.636,0.883,0.217,0.637,perlu_cek_manual,False,0.0810084193944931,0.8168832659721375,0.1021082773804664,Organic,organic_sudah_benar,Organic,0.0015,0.0001,0.9984,Organic,0.0918,0.0573,0.8509
O_10109.jpg,Organic,Organic,0.3448334038257599,0.054218515753746,0.6009480953216553,1.0,0.99,0.394,0.85,full_frame,False,0.3448334038257599,0.6009480953216553,0.054218515753746,Organic,organic_sudah_benar,Recyclable,0.7663,0.0522,0.1814,Organic,0.0874,0.229,0.6836
O_10124.jpg,Organic,Organic,0.0319725461304187,0.0414216183125972,0.9266058206558228,1.0,1.0,0.0,0.671,full_frame,True,0.1319725461304187,0.8266058206558228,0.0414216332137584,Organic,organic_sudah_benar,Organic,0.2918,0.0245,0.6837,Organic,0.336,0.0651,0.5989
O_10127.jpg,Organic,Organic,0.0336831733584404,0.0106673305854201,0.9556494951248168,0.74,0.982,0.0,0.654,full_frame,True,0.1336831733584404,0.8556494951248169,0.0106673315167427,Organic,organic_sudah_benar,Organic,0.008,0.0001,0.9919,Organic,0.0034,0.0271,0.9695
O_10132.jpg,Organic,Organic,0.0475719682872295,0.0422751680016517,0.910152792930603,1.0,0.954,0.0,0.74,full_frame,True,0.1475719682872295,0.810152792930603,0.0422752387821674,Organic,organic_sudah_benar,Organic,0.0205,0.0009,0.9787,Organic,0.1907,0.0595,0.7498
O_10134.jpg,Organic,Organic,0.2491464465856552,0.127296581864357,0.6235570311546326,0.843,0.969,0.601,0.718,full_frame,False,0.2491464465856552,0.6235570311546326,0.127296581864357,Organic,organic_sudah_benar,Organic,0.0464,0.0003,0.9533,Organic,0.0612,0.0343,0.9045
O_10135.jpg,Organic,Organic,0.0778474882245063,0.0920861139893531,0.8300663828849792,0.091,0.225,0.433,0.199,background_terpisah,False,0.0778474882245063,0.8300663828849792,0.0920861139893531,Organic,organic_sudah_benar,Organic,0.0747,0.0003,0.9249,Organic,0.2993,0.3163,0.3844
O_10138.jpg,Organic,Organic,0.0327183343470096,0.050262376666069,0.917019248008728,0.397,0.47,0.362,0.302,background_terpisah,False,0.0327183343470096,0.917019248008728,0.050262376666069,Organic,organic_sudah_benar,Organic,0.012,0.0026,0.9853,Organic,0.0394,0.0266,0.934
O_10143.jpg,Organic,Organic,0.0678009837865829,0.0421998314559459,0.8899991512298584,0.176,0.42,0.258,0.242,background_terpisah,False,0.0678009837865829,0.8899991512298584,0.0421998314559459,Organic,organic_sudah_benar,Organic,0.0122,0.0007,0.9871,Organic,0.2288,0.134,0.6372
O_10146.jpg,Organic,Organic,0.0480731576681137,0.0621219873428344,0.8898048996925354,0.232,0.719,0.439,0.352,perlu_cek_manual,False,0.0480731576681137,0.8898048996925354,0.0621219873428344,Organic,organic_sudah_benar,Organic,0.0007,0.0001,0.9992,Organic,0.1479,0.2653,0.5868
O_10152.jpg,Organic,Organic,0.0466268248856067,0.0452259518206119,0.908147156238556,0.31,0.824,0.417,0.383,perlu_cek_manual,False,0.0466268248856067,0.908147156238556,0.0452259518206119,Organic,organic_sudah_benar,Organic,0.0005,0.0001,0.9994,Organic,0.2062,0.1548,0.639
O_10155.jpg,Organic,Organic,0.0556346140801906,0.0311836190521717,0.913181722164154,1.0,0.969,0.351,0.711,full_frame,False,0.0556346140801906,0.913181722164154,0.0311836190521717,Organic,organic_sudah_benar,Organic,0.0015,0.0001,0.9984,Organic,0.0179,0.0342,0.9478
O_10157.jpg,Organic,Organic,0.0372918024659156,0.0654352083802223,0.8972730040550232,0.173,0.293,0.513,0.292,background_terpisah,False,0.0372918024659156,0.8972730040550232,0.0654352083802223,Organic,organic_sudah_benar,Organic,0.2082,0.0023,0.7895,Organic,0.1956,0.2396,0.5648
O_10160.jpg,Organic,Organic,0.0995794534683227,0.0393296629190444,0.861090898513794,0.0,0.015,0.501,0.103,background_terpisah,False,0.0995794534683227,0.861090898513794,0.0393296629190444,Organic,organic_sudah_benar,Organic,0.0011,0.0004,0.9985,Organic,0.1565,0.1225,0.721
O_1019.jpg,Organic,Organic,0.0288057159632444,0.0259210672229528,0.9452731013298036,1.0,0.981,0.0,0.762,full_frame,True,0.1288057159632444,0.8452731013298035,0.025921182706952,Organic,organic_sudah_benar,Organic,0.0064,0.0001,0.9935,Organic,0.2061,0.287,0.5069
O_10198.jpg,Organic,Organic,0.1330849528312683,0.0535661056637764,0.8133488893508911,0.057,0.364,0.289,0.21,background_terpisah,False,0.1330849528312683,0.8133488893508911,0.0535661056637764,Organic,organic_sudah_benar,Organic,0.0042,0.0001,0.9957,Organic,0.3023,0.2542,0.4435
O_1020.jpg,Organic,Organic,0.0203529559075832,0.0228572357445955,0.95678973197937,1.0,1.0,0.167,0.816,full_frame,True,0.1203529559075832,0.8567897319793701,0.0228573121130466,Organic,organic_sudah_benar,Organic,0.0928,0.0006,0.9066,Organic,0.0443,0.1034,0.8523
O_10200.jpg,Organic,Organic,0.0284977462142705,0.071489579975605,0.900012731552124,0.639,0.961,0.364,0.456,perlu_cek_manual,False,0.0284977462142705,0.900012731552124,0.071489579975605,Organic,organic_sudah_benar,Organic,0.0886,0.0087,0.9027,Organic,0.1361,0.1175,0.7464
O_10203.jpg,Organic,Organic,0.0578820407390594,0.0434268936514854,0.8986911773681641,0.656,0.914,0.482,0.66,full_frame,False,0.0578820407390594,0.8986911773681641,0.0434268936514854,Organic,organic_sudah_benar,Organic,0.0073,0.0004,0.9922,Organic,0.1664,0.1455,0.6881
O_10210.jpg,Organic,Organic,0.0591310374438762,0.0255396831780672,0.9153293371200562,0.929,0.997,0.005,0.779,full_frame,True,0.1591310374438762,0.8153293371200562,0.0255396254360675,Organic,organic_sudah_benar,Organic,0.0497,0.0018,0.9485,Organic,0.1506,0.0413,0.8081
O_10223.jpg,Organic,Organic,0.062959499657154,0.0308643952012062,0.9061760902404784,0.087,0.479,0.387,0.238,background_terpisah,False,0.062959499657154,0.9061760902404784,0.0308643952012062,Organic,organic_sudah_benar,Organic,0.0263,0.0023,0.9714,Organic,0.1023,0.0864,0.8114
O_10228.jpg,Organic,Organic,0.0431426763534545,0.034754280000925,0.922102987766266,0.723,0.95,0.378,0.684,full_frame,False,0.0431426763534545,0.922102987766266,0.034754280000925,Organic,organic_sudah_benar,Organic,0.1348,0.0025,0.8627,Organic,0.0185,0.033,0.9485
O_10242.jpg,Organic,Organic,0.2388362437486648,0.0799634680151939,0.6812003254890442,0.319,0.793,0.46,0.453,perlu_cek_manual,False,0.2388362437486648,0.6812003254890442,0.0799634680151939,Organic,organic_sudah_benar,Recyclable,0.955,0.001,0.044,Organic,0.0601,0.0983,0.8416
O_10248.jpg,Organic,Organic,0.0236682891845703,0.0512188486754894,0.9251128435134888,0.632,0.926,0.508,0.777,full_frame,False,0.0236682891845703,0.9251128435134888,0.0512188486754894,Organic,organic_sudah_benar,Organic,0.0127,0.0003,0.987,Organic,0.2457,0.1958,0.5585
O_1025.jpg,Organic,Organic,0.1293027997016906,0.019580191001296,0.8511170744895935,0.896,0.986,0.022,0.671,full_frame,True,0.2293027997016906,0.7511170744895935,0.0195801258087158,Organic,organic_sudah_benar,Organic,0.002,0.0,0.998,Organic,0.0107,0.1821,0.8072
O_10260.jpg,Organic,Organic,0.0384336113929748,0.0497570633888244,0.911809265613556,0.637,0.945,0.0,0.615,perlu_cek_manual,False,0.0384336113929748,0.911809265613556,0.0497570633888244,Organic,organic_sudah_benar,Organic,0.0061,0.0006,0.9933,Organic,0.0064,0.0073,0.9863
O_10263.jpg,Organic,Organic,0.0875332653522491,0.0421035885810852,0.870363175868988,1.0,0.981,0.0,0.796,full_frame,True,0.1875332653522491,0.7703631758689881,0.0421035587787628,Organic,organic_sudah_benar,Organic,0.009,0.0,0.9909,Organic,0.1977,0.1563,0.646
O_10282.jpg,Organic,Organic,0.0844187662005424,0.0527670457959175,0.8628142476081848,0.614,0.953,0.54,0.69,full_frame,False,0.0844187662005424,0.8628142476081848,0.0527670457959175,Organic,organic_sudah_benar,Organic,0.0029,0.0001,0.997,Organic,0.1326,0.0999,0.7675
O_103.jpg,Organic,Organic,0.0600995048880577,0.0397884957492351,0.900111973285675,0.032,0.226,0.499,0.171,background_terpisah,False,0.0600995048880577,0.900111973285675,0.0397884957492351,Organic,organic_sudah_benar,Organic,0.0269,0.0014,0.9716,Electronic,0.033,0.5232,0.4439
O_10300.jpg,Organic,Organic,0.0359110459685325,0.0796413719654083,0.8844475150108337,0.338,0.424,0.512,0.369,perlu_cek_manual,False,0.0359110459685325,0.8844475150108337,0.0796413719654083,Organic,organic_sudah_benar,Organic,0.0351,0.0849,0.88,Organic,0.2332,0.2177,0.5492
O_10302.jpg,Organic,Organic,0.0665187761187553,0.0198518019169569,0.913629412651062,1.0,0.952,0.502,0.836,full_frame,False,0.0665187761187553,0.913629412651062,0.0198518019169569,Organic,organic_sudah_benar,Organic,0.002,0.0001,0.9979,Recyclable,0.6613,0.1126,0.226
O_10319.jpg,Organic,Organic,0.0332258343696594,0.0155965946614742,0.9511775374412536,0.96,0.57,0.64,0.645,perlu_cek_manual,False,0.0332258343696594,0.9511775374412536,0.0155965946614742,Organic,organic_sudah_benar,Organic,0.0059,0.0016,0.9926,Organic,0.1139,0.0837,0.8024
O_10326.jpg,Organic,Organic,0.0923670977354049,0.0817473828792572,0.8258854746818542,1.0,0.994,0.348,0.568,perlu_cek_manual,False,0.0923670977354049,0.8258854746818542,0.0817473828792572,Organic,organic_sudah_benar,Organic,0.2045,0.021,0.7745,Organic,0.4152,0.1139,0.4709
O_10329.jpg,Organic,Organic,0.0774038508534431,0.064719870686531,0.8578763008117676,0.777,0.974,0.263,0.634,perlu_cek_manual,False,0.0774038508534431,0.8578763008117676,0.064719870686531,Organic,organic_sudah_benar,Organic,0.004,0.0019,0.9941,Organic,0.033,0.0203,0.9467
O_10332.jpg,Organic,Organic,0.0528931431472301,0.0623281709849834,0.8847786784172058,1.0,0.998,0.354,0.866,full_frame,False,0.0528931431472301,0.8847786784172058,0.0623281709849834,Organic,organic_sudah_benar,Organic,0.0063,0.0003,0.9934,Organic,0.0289,0.0914,0.8797
O_10334.jpg,Organic,Organic,0.0343235433101654,0.0336814038455486,0.9319950938224792,0.063,0.266,0.41,0.281,background_terpisah,False,0.0343235433101654,0.9319950938224792,0.0336814038455486,Organic,organic_sudah_benar,Organic,0.0238,0.0171,0.9591,Organic,0.0863,0.1331,0.7806
O_10342.jpg,Organic,Organic,0.0269923731684684,0.0107370084151625,0.9622706770896912,0.573,0.914,0.221,0.653,full_frame,False,0.0269923731684684,0.9622706770896912,0.0107370084151625,Organic,organic_sudah_benar,Organic,0.0011,0.0048,0.9941,Organic,0.2872,0.1505,0.5624
O_10357.jpg,Organic,Organic,0.0524619780480861,0.0350051559507846,0.9125328660011292,0.579,0.856,0.526,0.58,perlu_cek_manual,False,0.0524619780480861,0.9125328660011292,0.0350051559507846,Organic,organic_sudah_benar,Organic,0.0041,0.0004,0.9955,Organic,0.0199,0.0113,0.9689
O_10364.jpg,Organic,Organic,0.0749187618494033,0.0279740821570158,0.8971071839332581,0.0,0.076,0.432,0.102,background_terpisah,False,0.0749187618494033,0.8971071839332581,0.0279740821570158,Organic,organic_sudah_benar,Organic,0.3144,0.0017,0.6839,Organic,0.0651,0.1424,0.7925
O_10370.jpg,Organic,Organic,0.0554330796003341,0.1733674556016922,0.7711994647979736,0.537,0.325,0.088,0.324,background_terpisah,False,0.0554330796003341,0.7711994647979736,0.1733674556016922,Organic,organic_sudah_benar,Organic,0.0795,0.032,0.8886,Organic,0.1436,0.1721,0.6843
O_10378.jpg,Organic,Organic,0.05255663767457,0.0731647759675979,0.8742786049842834,0.64,0.968,0.546,0.7,full_frame,False,0.05255663767457,0.8742786049842834,0.0731647759675979,Organic,organic_sudah_benar,Organic,0.0576,0.0198,0.9226,Organic,0.3369,0.3018,0.3612
O_10386.jpg,Organic,Organic,0.0787147283554077,0.2835135757923126,0.637771725654602,1.0,1.0,0.004,0.801,full_frame,True,0.1787147283554077,0.5377717256546021,0.2835135459899902,Organic,organic_sudah_benar,Electronic,0.2988,0.5052,0.1961,Organic,0.0441,0.3453,0.6106
O_10391.jpg,Organic,Organic,0.0475378967821598,0.0393481031060218,0.9131139516830444,1.0,0.868,0.485,0.817,full_frame,False,0.0475378967821598,0.9131139516830444,0.0393481031060218,Organic,organic_sudah_benar,Organic,0.0025,0.0001,0.9974,Electronic,0.1033,0.5774,0.3193
O_10397.jpg,Organic,Organic,0.0568380281329155,0.073365531861782,0.8697963953018188,0.813,0.969,0.596,0.837,full_frame,False,0.0568380281329155,0.8697963953018188,0.073365531861782,Organic,organic_sudah_benar,Organic,0.0052,0.0001,0.9946,Organic,0.0466,0.1131,0.8403
O_1040.jpg,Organic,Organic,0.077209249138832,0.0234647504985332,0.899325966835022,1.0,1.0,0.076,0.745,full_frame,True,0.1772092491388321,0.799325966835022,0.0234647840261459,Organic,organic_sudah_benar,Organic,0.2713,0.0011,0.7276,Organic,0.009,0.0616,0.9294
O_10405.jpg,Organic,Organic,0.0359325297176837,0.0403984524309635,0.9236690402030944,1.0,1.0,0.0,0.783,full_frame,True,0.1359325297176838,0.8236690402030945,0.0403984300792217,Organic,organic_sudah_benar,Organic,0.0045,0.0008,0.9947,Organic,0.2849,0.2888,0.4263
O_10408.jpg,Organic,Organic,0.0228130221366882,0.0382953435182571,0.9388916492462158,0.528,0.914,0.342,0.543,perlu_cek_manual,False,0.0228130221366882,0.9388916492462158,0.0382953435182571,Organic,organic_sudah_benar,Organic,0.0167,0.0001,0.9832,Organic,0.0246,0.0225,0.953
O_10421.jpg,Organic,Organic,0.0406876541674137,0.0136943738907575,0.9456180334091188,0.423,0.386,0.433,0.361,perlu_cek_manual,False,0.0406876541674137,0.9456180334091188,0.0136943738907575,Organic,organic_sudah_benar,Organic,0.0046,0.001,0.9945,Organic,0.2004,0.2585,0.5411
O_10437.jpg,Organic,Organic,0.0365534462034702,0.0263159815222024,0.937130570411682,0.914,0.99,0.373,0.765,full_frame,False,0.0365534462034702,0.937130570411682,0.0263159815222024,Organic,organic_sudah_benar,Organic,0.0034,0.0002,0.9963,Organic,0.1005,0.284,0.6155
O_10442.jpg,Organic,Organic,0.118116594851017,0.0448548570275306,0.8370286226272583,0.103,0.469,0.508,0.288,background_terpisah,False,0.118116594851017,0.8370286226272583,0.0448548570275306,Organic,organic_sudah_benar,Organic,0.027,0.0005,0.9725,Electronic,0.1943,0.5322,0.2734
O_10450.jpg,Organic,Organic,0.0364709794521331,0.0396297052502632,0.923899233341217,0.182,0.244,0.474,0.238,background_terpisah,False,0.0364709794521331,0.923899233341217,0.0396297052502632,Organic,organic_sudah_benar,Organic,0.0189,0.0047,0.9763,Organic,0.179,0.2612,0.5599
O_10468.jpg,Organic,Organic,0.0380599051713943,0.0300619043409824,0.93187814950943,0.55,0.632,0.428,0.573,perlu_cek_manual,False,0.0380599051713943,0.93187814950943,0.0300619043409824,Organic,organic_sudah_benar,Organic,0.0007,0.0003,0.999,Organic,0.1865,0.1469,0.6665
O_1049.jpg,Organic,Organic,0.0642642080783844,0.0640288069844245,0.8717069625854492,0.764,0.977,0.494,0.779,full_frame,False,0.0642642080783844,0.8717069625854492,0.0640288069844245,Organic,organic_sudah_benar,Organic,0.0126,0.0,0.9873,Organic,0.0279,0.2736,0.6986
O_10490.jpg,Organic,Organic,0.0670662671327591,0.0450556948781013,0.8878780603408813,1.0,0.985,0.185,0.833,full_frame,True,0.1670662671327591,0.7878780603408814,0.0450556725263595,Organic,organic_sudah_benar,Organic,0.002,0.0003,0.9977,Organic,0.2639,0.2419,0.4942
O_1051.jpg,Organic,Organic,0.0234855115413665,0.0234816819429397,0.9530327916145324,0.323,0.907,0.333,0.368,perlu_cek_manual,False,0.0234855115413665,0.9530327916145324,0.0234816819429397,Organic,organic_sudah_benar,Organic,0.0113,0.0007,0.988,Electronic,0.2027,0.4621,0.3352
O_10512.jpg,Organic,Organic,0.0189669169485569,0.0361473895609378,0.9448856711387634,0.392,0.448,0.567,0.372,perlu_cek_manual,False,0.0189669169485569,0.9448856711387634,0.0361473895609378,Organic,organic_sudah_benar,Organic,0.0055,0.0,0.9944,Electronic,0.1847,0.4567,0.3586
O_10516.jpg,Organic,Organic,0.0192423518747091,0.0164396222680807,0.9643180966377258,0.796,0.987,0.024,0.739,full_frame,True,0.1192423518747091,0.8643180966377259,0.016439551487565,Organic,organic_sudah_benar,Organic,0.0008,0.0001,0.9991,Organic,0.0361,0.0141,0.9498
O_10526.jpg,Organic,Organic,0.0472956597805023,0.0448562055826187,0.907848060131073,1.0,1.0,0.006,0.734,full_frame,True,0.1472956597805023,0.807848060131073,0.0448562800884246,Organic,organic_sudah_benar,Recyclable,0.6817,0.0012,0.3171,Organic,0.2793,0.1048,0.6158
O_10528.jpg,Organic,Organic,0.0298218205571174,0.0517693907022476,0.918408751487732,1.0,0.99,0.328,0.863,full_frame,True,0.1298218205571174,0.818408751487732,0.0517694279551506,Organic,organic_sudah_benar,Organic,0.0007,0.0007,0.9985,Organic,0.0274,0.0712,0.9013
O_1053.jpg,Organic,Organic,0.0304294656962156,0.0260641705244779,0.9435063004493712,0.768,0.976,0.501,0.742,full_frame,False,0.0304294656962156,0.9435063004493712,0.0260641705244779,Organic,organic_sudah_benar,Organic,0.0065,0.0,0.9935,Organic,0.009,0.2763,0.7148
O_10536.jpg,Organic,Organic,0.0431301034986972,0.023517906665802,0.9333519339561462,1.0,1.0,0.0,0.766,full_frame,True,0.1431301034986973,0.8333519339561463,0.0235179625451564,Organic,organic_sudah_benar,Organic,0.0016,0.0022,0.9962,Organic,0.0406,0.2035,0.7559
O_10553.jpg,Organic,Organic,0.0465855859220027,0.0173032972961664,0.9361111521720886,1.0,0.984,0.395,0.804,full_frame,False,0.0465855859220027,0.9361111521720886,0.0173032972961664,Organic,organic_sudah_benar,Organic,0.0041,0.0007,0.9952,Organic,0.1059,0.2054,0.6886
O_10558.jpg,Organic,Organic,0.0343152992427349,0.0465408042073249,0.9191438555717468,1.0,1.0,0.035,0.708,full_frame,True,0.1343152992427349,0.8191438555717468,0.0465408451855182,Organic,organic_sudah_benar,Organic,0.0136,0.0037,0.9827,Recyclable,0.4804,0.1658,0.3538
O_10572.jpg,Organic,Organic,0.1052033826708793,0.0823596119880676,0.8124369978904724,0.871,0.651,0.407,0.75,full_frame,False,0.1052033826708793,0.8124369978904724,0.0823596119880676,Organic,organic_sudah_benar,Organic,0.076,0.0033,0.9207,Organic,0.1974,0.2259,0.5767
O_10576.jpg,Organic,Organic,0.0846138224005699,0.0520992949604988,0.8632869124412537,0.722,0.343,0.395,0.465,perlu_cek_manual,False,0.0846138224005699,0.8632869124412537,0.0520992949604988,Organic,organic_sudah_benar,Organic,0.0121,0.0006,0.9873,Organic,0.1548,0.2331,0.6121
O_10577.jpg,Organic,Organic,0.027971526607871,0.0345154218375682,0.9375131726264954,0.629,0.374,0.458,0.446,perlu_cek_manual,False,0.027971526607871,0.9375131726264954,0.0345154218375682,Organic,organic_sudah_benar,Organic,0.0211,0.0005,0.9784,Organic,0.1061,0.2062,0.6878
O_10593.jpg,Organic,Organic,0.1028282567858696,0.0662011578679084,0.8309706449508667,0.457,0.343,0.464,0.455,perlu_cek_manual,False,0.1028282567858696,0.8309706449508667,0.0662011578679084,Organic,organic_sudah_benar,Organic,0.0891,0.0026,0.9082,Organic,0.1467,0.2924,0.5609
O_10610.jpg,Organic,Organic,0.0186797976493835,0.0493513159453868,0.931968867778778,1.0,1.0,0.295,0.859,full_frame,True,0.1186797976493835,0.8319688677787781,0.0493513345718383,Organic,organic_sudah_benar,Organic,0.0147,0.0001,0.9852,Organic,0.0506,0.1492,0.8002
O_10613.jpg,Organic,Organic,0.0417610518634319,0.0426051467657089,0.9156338572502136,0.595,0.437,0.482,0.486,perlu_cek_manual,False,0.0417610518634319,0.9156338572502136,0.0426051467657089,Organic,organic_sudah_benar,Organic,0.0354,0.0004,0.9643,Organic,0.1745,0.335,0.4905
O_1062.jpg,Organic,Organic,0.0249439999461174,0.0183367263525724,0.9567193388938904,1.0,1.0,0.267,0.853,full_frame,True,0.1249439999461174,0.8567193388938904,0.0183366611599922,Organic,organic_sudah_benar,Organic,0.0075,0.0,0.9925,Organic,0.0515,0.3471,0.6014
O_1063.jpg,Organic,Organic,0.0900239571928978,0.0400229468941688,0.8699530959129333,1.0,0.999,0.577,0.842,full_frame,False,0.0900239571928978,0.8699530959129333,0.0400229468941688,Organic,organic_sudah_benar,Organic,0.0435,0.0,0.9564,Organic,0.0461,0.3638,0.5902
O_10630.jpg,Organic,Organic,0.1118988022208213,0.1219756230711937,0.7661255598068237,0.346,0.519,0.528,0.421,perlu_cek_manual,False,0.1118988022208213,0.7661255598068237,0.1219756230711937,Organic,organic_sudah_benar,Organic,0.0222,0.0009,0.9769,Organic,0.179,0.2035,0.6175
O_10636.jpg,Organic,Organic,0.060241226106882,0.0600151121616363,0.8797436952590942,0.924,0.98,0.0,0.665,full_frame,True,0.1602412261068821,0.7797436952590943,0.0600150786340236,Organic,organic_sudah_benar,Organic,0.0358,0.0031,0.9611,Organic,0.1321,0.1293,0.7385
O_10637.jpg,Organic,Organic,0.0350114479660987,0.0428627170622348,0.9221258163452148,1.0,1.0,0.198,0.823,full_frame,True,0.1350114479660988,0.8221258163452149,0.0428627356886863,Organic,organic_sudah_benar,Organic,0.0062,0.0003,0.9935,Organic,0.0978,0.1727,0.7295
O_10638.jpg,Organic,Organic,0.0041177337989211,0.0097383875399827,0.986143946647644,1.0,0.718,0.484,0.764,full_frame,False,0.0041177337989211,0.986143946647644,0.0097383875399827,Organic,organic_sudah_benar,Organic,0.013,0.0012,0.9858,Organic,0.0784,0.1927,0.7289
O_10639.jpg,Organic,Organic,0.0978167653083801,0.1075749471783638,0.7946082949638367,0.531,0.882,0.428,0.468,perlu_cek_manual,False,0.0978167653083801,0.7946082949638367,0.1075749471783638,Organic,organic_sudah_benar,Organic,0.1912,0.0035,0.8053,Recyclable,0.5496,0.2515,0.1988
O_10642.jpg,Organic,Organic,0.0430910103023052,0.0234824139624834,0.9334266185760498,0.885,0.962,0.061,0.719,full_frame,True,0.1430910103023052,0.8334266185760498,0.0234823711216449,Organic,organic_sudah_benar,Organic,0.0526,0.0044,0.943,Organic,0.1332,0.2557,0.6112
O_10644.jpg,Organic,Organic,0.1102214455604553,0.0778754949569702,0.8119031190872192,1.0,1.0,0.475,0.866,full_frame,False,0.1102214455604553,0.8119031190872192,0.0778754949569702,Organic,organic_sudah_benar,Organic,0.0013,0.0004,0.9983,Organic,0.0626,0.3722,0.5653
O_1065.jpg,Organic,Organic,0.0493445843458175,0.0494816713035106,0.9011737108230592,0.904,0.967,0.038,0.678,full_frame,True,0.1493445843458175,0.8011737108230591,0.0494817048311233,Organic,organic_sudah_benar,Organic,0.1448,0.0033,0.8519,Organic,0.0092,0.0654,0.9254
O_10660.jpg,Organic,Organic,0.0988340601325035,0.143625259399414,0.7575406432151794,0.911,0.931,0.441,0.848,full_frame,False,0.0988340601325035,0.7575406432151794,0.143625259399414,Organic,organic_sudah_benar,Organic,0.1891,0.0017,0.8091,Electronic,0.2266,0.4504,0.3229
O_10665.jpg,Organic,Organic,0.1146512627601623,0.1282361596822738,0.7571125626564026,0.519,0.637,0.58,0.549,perlu_cek_manual,False,0.1146512627601623,0.7571125626564026,0.1282361596822738,Organic,organic_sudah_benar,Organic,0.016,0.0004,0.9836,Electronic,0.1937,0.4205,0.3858
O_10667.jpg,Organic,Organic,0.0368520990014076,0.0609658807516098,0.9021819829940796,0.949,1.0,0.325,0.77,full_frame,True,0.1368520990014076,0.8021819829940796,0.0609659180045127,Organic,organic_sudah_benar,Organic,0.0212,0.0006,0.9783,Organic,0.1263,0.2282,0.6455
O_10675.jpg,Organic,Organic,0.1458801180124282,0.0400787591934204,0.8140411972999573,1.0,0.347,0.419,0.668,full_frame,False,0.1458801180124282,0.8140411972999573,0.0400787591934204,Organic,organic_sudah_benar,Recyclable,0.6461,0.2373,0.1166,Electronic,0.1525,0.5442,0.3032
O_10683.jpg,Organic,Organic,0.0294922329485416,0.0108980014920234,0.9596097469329834,1.0,0.918,0.378,0.859,full_frame,False,0.0294922329485416,0.9596097469329834,0.0108980014920234,Organic,organic_sudah_benar,Organic,0.0214,0.0096,0.969,Electronic,0.1001,0.4604,0.4394
O_10690.jpg,Organic,Organic,0.1127542182803154,0.0694607570767402,0.8177850246429443,0.943,0.798,0.252,0.71,full_frame,True,0.2127542182803154,0.7177850246429444,0.0694607570767402,Organic,organic_sudah_benar,Organic,0.001,0.0001,0.9989,Organic,0.0469,0.4374,0.5156
O_10692.jpg,Organic,Organic,0.0716730877757072,0.1272425949573516,0.8010842204093933,0.002,0.086,0.497,0.13,background_terpisah,False,0.0716730877757072,0.8010842204093933,0.1272425949573516,Organic,organic_sudah_benar,Organic,0.0747,0.0088,0.9165,Organic,0.3229,0.2282,0.4489
O_10698.jpg,Organic,Organic,0.0310252923518419,0.0248879753053188,0.944086730480194,0.089,0.118,0.47,0.182,background_terpisah,False,0.0310252923518419,0.944086730480194,0.0248879753053188,Organic,organic_sudah_benar,Organic,0.1431,0.0011,0.8557,Organic,0.0307,0.1009,0.8684
O_10702.jpg,Organic,Organic,0.0130971819162368,0.0712352395057678,0.9156675338745116,1.0,1.0,0.254,0.731,full_frame,True,0.1130971819162368,0.8156675338745117,0.0712352842092514,Organic,organic_sudah_benar,Organic,0.0153,0.0007,0.984,Organic,0.035,0.1726,0.7924
O_10708.jpg,Organic,Organic,0.104694589972496,0.0801627114415168,0.8151426911354065,0.466,0.406,0.541,0.413,perlu_cek_manual,False,0.104694589972496,0.8151426911354065,0.0801627114415168,Organic,organic_sudah_benar,Organic,0.237,0.0016,0.7614,Electronic,0.1332,0.6803,0.1865
O_10709.jpg,Organic,Organic,0.0475502870976924,0.0409296788275241,0.9115199446678162,1.0,0.991,0.007,0.79,full_frame,True,0.1475502870976925,0.8115199446678162,0.0409297682344913,Organic,organic_sudah_benar,Organic,0.0646,0.0007,0.9347,Organic,0.1705,0.1642,0.6653
O_1071.jpg,Organic,Organic,0.0463673584163188,0.0390618592500686,0.9145708084106444,0.657,0.959,0.491,0.644,perlu_cek_manual,False,0.0463673584163188,0.9145708084106444,0.0390618592500686,Organic,organic_sudah_benar,Organic,0.0079,0.0001,0.992,Organic,0.0405,0.4581,0.5013
O_10726.jpg,Organic,Organic,0.211896076798439,0.0582747273147106,0.7298291921615601,0.893,0.861,0.246,0.71,full_frame,True,0.311896076798439,0.6298291921615601,0.0582747310400009,Organic,organic_sudah_benar,Organic,0.0414,0.0048,0.9538,Organic,0.0832,0.0398,0.877
O_10738.jpg,Organic,Organic,0.1099602356553077,0.0314885675907135,0.8585511445999146,0.44,0.423,0.392,0.383,perlu_cek_manual,False,0.1099602356553077,0.8585511445999146,0.0314885675907135,Organic,organic_sudah_benar,Organic,0.044,0.0002,0.9558,Organic,0.2083,0.116,0.6758
O_10743.jpg,Organic,Organic,0.0676071047782898,0.0918488726019859,0.8405440449714661,1.0,0.979,0.361,0.812,full_frame,False,0.0676071047782898,0.8405440449714661,0.0918488726019859,Organic,organic_sudah_benar,Organic,0.0899,0.0037,0.9064,Organic,0.0717,0.096,0.8322
O_10746.jpg,Organic,Organic,0.0905805602669715,0.0864720717072486,0.8229473829269409,1.0,1.0,0.0,0.8,full_frame,True,0.1905805602669716,0.7229473829269409,0.0864720568060875,Organic,organic_sudah_benar,Organic,0.0307,0.0023,0.967,Organic,0.0742,0.2069,0.7188
O_10756.jpg,Organic,Organic,0.0608620829880237,0.0213819108903408,0.917755961418152,1.0,0.996,0.366,0.841,full_frame,False,0.0608620829880237,0.917755961418152,0.0213819108903408,Organic,organic_sudah_benar,Organic,0.0297,0.0007,0.9696,Organic,0.0941,0.2464,0.6595
O_10760.jpg,Organic,Organic,0.0654642358422279,0.1357262879610061,0.7988095283508301,1.0,0.947,0.424,0.815,full_frame,False,0.0654642358422279,0.7988095283508301,0.1357262879610061,Organic,organic_sudah_benar,Organic,0.0408,0.0037,0.9556,Organic,0.1213,0.3409,0.5379
O_10761.jpg,Organic,Organic,0.1118556186556816,0.1093577072024345,0.7787865996360779,0.0,0.015,0.371,0.077,background_terpisah,False,0.1118556186556816,0.7787865996360779,0.1093577072024345,Organic,organic_sudah_benar,Organic,0.2018,0.0034,0.7948,Organic,0.3327,0.2697,0.3976
O_10767.jpg,Organic,Organic,0.0182387940585613,0.0189988724887371,0.9627623558044434,1.0,0.86,0.203,0.666,full_frame,True,0.1182387940585613,0.8627623558044434,0.0189988501369953,Organic,organic_sudah_benar,Organic,0.0071,0.0007,0.9922,Organic,0.1884,0.2562,0.5554
O_10770.jpg,Organic,Organic,0.1056062430143356,0.072123683989048,0.8222700953483582,0.371,0.869,0.398,0.385,perlu_cek_manual,False,0.1056062430143356,0.8222700953483582,0.072123683989048,Organic,organic_sudah_benar,Organic,0.0421,0.0021,0.9557,Organic,0.3623,0.2472,0.3905
O_10775.jpg,Organic,Organic,0.0575882233679294,0.0380257926881313,0.9043859839439392,1.0,1.0,0.167,0.833,full_frame,True,0.1575882233679294,0.8043859839439392,0.0380257926881313,Organic,organic_sudah_benar,Organic,0.0382,0.012,0.9498,Organic,0.0236,0.1644,0.8121
O_10776.jpg,Organic,Organic,0.017844745889306,0.0261216759681701,0.9560335278511048,0.445,0.676,0.37,0.421,perlu_cek_manual,False,0.017844745889306,0.9560335278511048,0.0261216759681701,Organic,organic_sudah_benar,Organic,0.0437,0.001,0.9553,Organic,0.0748,0.0886,0.8366
O_10781.jpg,Organic,Organic,0.0407001450657844,0.0379907935857772,0.9213089942932128,0.191,0.18,0.356,0.228,background_terpisah,False,0.0407001450657844,0.9213089942932128,0.0379907935857772,Organic,organic_sudah_benar,Organic,0.0693,0.0035,0.9272,Organic,0.2444,0.2817,0.4739
O_10803.jpg,Organic,Organic,0.0191368125379085,0.0556014440953731,0.9252617359161376,0.734,1.0,0.377,0.796,full_frame,False,0.0191368125379085,0.9252617359161376,0.0556014440953731,Organic,organic_sudah_benar,Organic,0.002,0.0001,0.9979,Organic,0.1553,0.3318,0.5129
O_10807.jpg,Organic,Organic,0.0197585690766572,0.0410720221698284,0.939169466495514,0.544,0.947,0.47,0.702,full_frame,False,0.0197585690766572,0.939169466495514,0.0410720221698284,Organic,organic_sudah_benar,Organic,0.021,0.0001,0.9789,Electronic,0.1419,0.4646,0.3934
O_10810.jpg,Organic,Organic,0.0809199810028076,0.0611405447125434,0.8579394817352295,0.353,0.87,0.286,0.426,perlu_cek_manual,False,0.0809199810028076,0.8579394817352295,0.0611405447125434,Organic,organic_sudah_benar,Organic,0.0172,0.0017,0.9812,Organic,0.1413,0.2354,0.6233
O_10820.jpg,Organic,Organic,0.0901884213089943,0.1308363378047943,0.7789751887321472,1.0,1.0,0.603,0.621,perlu_cek_manual,False,0.0901884213089943,0.7789751887321472,0.1308363378047943,Organic,organic_sudah_benar,Organic,0.0381,0.003,0.9589,Organic,0.1193,0.3962,0.4845
O_10821.jpg,Organic,Organic,0.0308581069111824,0.0277058836072683,0.9414359927177428,1.0,0.995,0.0,0.799,full_frame,True,0.1308581069111824,0.8414359927177429,0.0277059003710746,Organic,organic_sudah_benar,Organic,0.0505,0.0015,0.948,Organic,0.092,0.1948,0.7132
O_10823.jpg,Organic,Organic,0.0310474596917629,0.0466499216854572,0.9223026037216188,1.0,0.958,0.255,0.795,full_frame,True,0.1310474596917629,0.8223026037216187,0.0466499365866184,Organic,organic_sudah_benar,Organic,0.008,0.0013,0.9907,Organic,0.0409,0.1509,0.8082
O_10832.jpg,Organic,Organic,0.1206897646188736,0.1017180010676384,0.7775923013687134,0.114,0.336,0.465,0.216,background_terpisah,False,0.1206897646188736,0.7775923013687134,0.1017180010676384,Organic,organic_sudah_benar,Organic,0.2316,0.0139,0.7544,Organic,0.1271,0.3612,0.5117
O_10836.jpg,Organic,Organic,0.0461726337671279,0.0410741455852985,0.912753164768219,0.641,0.979,0.305,0.695,full_frame,False,0.0461726337671279,0.912753164768219,0.0410741455852985,Organic,organic_sudah_benar,Organic,0.0643,0.0236,0.9121,Organic,0.0596,0.1729,0.7675
O_10838.jpg,Organic,Organic,0.0673057436943054,0.0689516365528106,0.8637426495552063,0.188,0.55,0.453,0.557,perlu_cek_manual,False,0.0673057436943054,0.8637426495552063,0.0689516365528106,Organic,organic_sudah_benar,Organic,0.047,0.0043,0.9488,Electronic,0.1397,0.4488,0.4115
O_1084.jpg,Organic,Organic,0.0272466242313385,0.0164818987250328,0.9562714099884032,1.0,0.944,0.131,0.763,full_frame,True,0.1272466242313385,0.8562714099884033,0.0164819657802581,Organic,organic_sudah_benar,Organic,0.0046,0.0001,0.9953,Electronic,0.0718,0.5197,0.4085
O_10854.jpg,Organic,Organic,0.0209425799548625,0.0250192768871784,0.9540380835533142,0.265,0.461,0.461,0.405,perlu_cek_manual,False,0.0209425799548625,0.9540380835533142,0.0250192768871784,Organic,organic_sudah_benar,Organic,0.0056,0.0009,0.9935,Organic,0.0612,0.2761,0.6626
O_10855.jpg,Organic,Organic,0.0466842576861381,0.0703305378556251,0.8829851746559143,0.344,0.884,0.354,0.507,perlu_cek_manual,False,0.0466842576861381,0.8829851746559143,0.0703305378556251,Organic,organic_sudah_benar,Organic,0.2676,0.0074,0.725,Electronic,0.3028,0.5182,0.179
O_10857.jpg,Organic,Organic,0.1308575123548507,0.0835329592227935,0.7856095433235168,0.339,0.654,0.265,0.333,background_terpisah,False,0.1308575123548507,0.7856095433235168,0.0835329592227935,Organic,organic_sudah_benar,Organic,0.1951,0.0017,0.8032,Recyclable,0.3739,0.3111,0.3149
O_10865.jpg,Organic,Organic,0.0433987416326999,0.0593553148210048,0.8972459435462952,0.752,0.987,0.433,0.74,full_frame,False,0.0433987416326999,0.8972459435462952,0.0593553148210048,Organic,organic_sudah_benar,Organic,0.0021,0.0001,0.9977,Organic,0.06,0.0408,0.8993
O_10889.jpg,Organic,Organic,0.1305696368217468,0.1493827998638153,0.7200475335121155,0.007,0.108,0.177,0.094,background_terpisah,False,0.1305696368217468,0.7200475335121155,0.1493827998638153,Organic,organic_sudah_benar,Organic,0.0681,0.0027,0.9291,Recyclable,0.5453,0.2045,0.2502
O_10904.jpg,Organic,Organic,0.0263685174286365,0.0366575680673122,0.9369738698005676,1.0,0.971,0.518,0.759,full_frame,False,0.0263685174286365,0.9369738698005676,0.0366575680673122,Organic,organic_sudah_benar,Organic,0.0102,0.0003,0.9895,Electronic,0.2753,0.4492,0.2755
O_1091.jpg,Organic,Organic,0.0055301142856478,0.0188292395323514,0.9756406545639038,1.0,1.0,0.0,0.752,full_frame,True,0.1055301142856478,0.8756406545639038,0.0188292311504483,Organic,organic_sudah_benar,Organic,0.0266,0.0003,0.9731,Electronic,0.0959,0.5605,0.3437
O_10911.jpg,Organic,Organic,0.0474913641810417,0.0290365647524595,0.9234721064567566,0.225,0.392,0.27,0.303,background_terpisah,False,0.0474913641810417,0.9234721064567566,0.0290365647524595,Organic,organic_sudah_benar,Organic,0.329,0.0118,0.6592,Organic,0.0523,0.2822,0.6655
O_10916.jpg,Organic,Organic,0.0671600624918937,0.0262975394725799,0.9065423607826232,0.0,-0.0,0.154,0.031,background_terpisah,False,0.0671600624918937,0.9065423607826232,0.0262975394725799,Organic,organic_sudah_benar,Organic,0.3551,0.0142,0.6307,Electronic,0.1986,0.5595,0.2419
O_1092.jpg,Organic,Organic,0.0546777956187725,0.0412178002297878,0.9041044116020204,1.0,0.931,0.486,0.787,full_frame,False,0.0546777956187725,0.9041044116020204,0.0412178002297878,Organic,organic_sudah_benar,Organic,0.4122,0.0,0.5878,Organic,0.0123,0.0268,0.9609
O_10922.jpg,Organic,Organic,0.0674034506082534,0.0146596115082502,0.9179368615150452,0.785,0.95,0.003,0.681,full_frame,True,0.1674034506082534,0.8179368615150452,0.0146596878767013,Organic,organic_sudah_benar,Organic,0.1116,0.0124,0.876,Electronic,0.1811,0.593,0.2259
O_10923.jpg,Organic,Organic,0.0833090916275978,0.0538372695446014,0.8628536462783813,0.954,0.944,0.497,0.874,full_frame,False,0.0833090916275978,0.8628536462783813,0.0538372695446014,Organic,organic_sudah_benar,Organic,0.015,0.0094,0.9755,Electronic,0.0825,0.476,0.4415
O_1094.jpg,Organic,Organic,0.0670460388064384,0.0396488979458808,0.8933050632476807,0.009,0.13,0.455,0.132,background_terpisah,False,0.0670460388064384,0.8933050632476807,0.0396488979458808,Organic,organic_sudah_benar,Organic,0.2367,0.0,0.7632,Organic,0.0626,0.4614,0.476
O_10945.jpg,Organic,Organic,0.0534065999090671,0.1054749563336372,0.841118335723877,0.911,0.888,0.582,0.656,full_frame,False,0.0534065999090671,0.841118335723877,0.1054749563336372,Organic,organic_sudah_benar,Organic,0.0082,0.0009,0.9909,Organic,0.1588,0.1241,0.7171
O_10948.jpg,Organic,Organic,0.0604420192539691,0.0660187304019928,0.8735391497612,0.773,0.514,0.513,0.629,perlu_cek_manual,False,0.0604420192539691,0.8735391497612,0.0660187304019928,Organic,organic_sudah_benar,Organic,0.0287,0.0006,0.9706,Organic,0.0974,0.248,0.6546
O_10951.jpg,Organic,Organic,0.0291780419647693,0.075016051530838,0.8958059549331665,0.44,0.383,0.473,0.436,perlu_cek_manual,False,0.0291780419647693,0.8958059549331665,0.075016051530838,Organic,organic_sudah_benar,Organic,0.0734,0.0009,0.9257,Organic,0.3559,0.2702,0.3739
O_10959.jpg,Organic,Organic,0.0800184458494186,0.0466271936893463,0.8733543753623962,1.0,0.941,0.271,0.659,full_frame,True,0.1800184458494186,0.7733543753623963,0.0466271787881851,Organic,organic_sudah_benar,Organic,0.0129,0.0012,0.9859,Organic,0.0335,0.2146,0.752
O_10969.jpg,Organic,Organic,0.0395452231168746,0.044112242758274,0.9163424968719482,0.217,0.153,0.378,0.217,background_terpisah,False,0.0395452231168746,0.9163424968719482,0.044112242758274,Organic,organic_sudah_benar,Organic,0.0997,0.0021,0.8982,Organic,0.1899,0.1925,0.6176
O_10971.jpg,Organic,Organic,0.0469414554536342,0.0817083343863487,0.8713502287864685,0.069,0.248,0.46,0.229,background_terpisah,False,0.0469414554536342,0.8713502287864685,0.0817083343863487,Organic,organic_sudah_benar,Organic,0.0296,0.0004,0.97,Organic,0.2376,0.1942,0.5681
O_10978.jpg,Organic,Organic,0.0795942246913909,0.1156343668699264,0.8047713041305542,0.923,0.986,0.369,0.813,full_frame,False,0.0795942246913909,0.8047713041305542,0.1156343668699264,Organic,organic_sudah_benar,Organic,0.0257,0.0046,0.9697,Organic,0.0515,0.0108,0.9378
O_10995.jpg,Organic,Organic,0.1389004290103912,0.0918250083923339,0.7692745923995972,0.466,0.482,0.439,0.493,perlu_cek_manual,False,0.1389004290103912,0.7692745923995972,0.0918250083923339,Organic,organic_sudah_benar,Organic,0.0298,0.0017,0.9684,Organic,0.0367,0.0616,0.9017
O_10997.jpg,Organic,Organic,0.051548782736063,0.0459686368703842,0.902482569217682,0.679,0.95,0.254,0.617,perlu_cek_manual,False,0.051548782736063,0.902482569217682,0.0459686368703842,Organic,organic_sudah_benar,Organic,0.0385,0.0006,0.9609,Organic,0.0166,0.0205,0.9629
O_10999.jpg,Organic,Organic,0.0868683755397796,0.0813476592302322,0.8317838907241821,1.0,0.675,0.617,0.858,full_frame,False,0.0868683755397796,0.8317838907241821,0.0813476592302322,Organic,organic_sudah_benar,Organic,0.0513,0.0003,0.9483,Organic,0.0402,0.0574,0.9024
O_11002.jpg,Organic,Organic,0.0965752005577087,0.0835283100605011,0.8198965191841125,0.0,0.084,0.515,0.12,background_terpisah,False,0.0965752005577087,0.8198965191841125,0.0835283100605011,Organic,organic_sudah_benar,Organic,0.1143,0.0276,0.858,Organic,0.1655,0.0482,0.7863
O_11003.jpg,Organic,Organic,0.0903812944889068,0.1306637227535247,0.7789549827575684,0.233,0.849,0.5,0.374,perlu_cek_manual,False,0.0903812944889068,0.7789549827575684,0.1306637227535247,Organic,organic_sudah_benar,Organic,0.0158,0.0003,0.9838,Organic,0.029,0.0443,0.9267
O_11005.jpg,Organic,Organic,0.040528941899538,0.0373154915869236,0.9221556186676024,1.0,1.0,0.467,0.893,full_frame,False,0.040528941899538,0.9221556186676024,0.0373154915869236,Organic,organic_sudah_benar,Organic,0.1035,0.0003,0.8962,Organic,0.038,0.0605,0.9015
O_11006.jpg,Organic,Organic,0.1152618005871772,0.1055439263582229,0.7791942954063416,0.819,0.945,0.546,0.688,full_frame,False,0.1152618005871772,0.7791942954063416,0.1055439263582229,Organic,organic_sudah_benar,Organic,0.0187,0.0001,0.9812,Organic,0.0228,0.0356,0.9416
O_1101.jpg,Organic,Organic,0.0155538758262991,0.0143139958381652,0.9701321721076964,0.969,0.833,0.0,0.685,full_frame,True,0.1155538758262992,0.8701321721076966,0.0143139520660042,Organic,organic_sudah_benar,Organic,0.2511,0.1191,0.6297,Electronic,0.0478,0.6275,0.3247
O_11012.jpg,Organic,Organic,0.1348113119602203,0.0781999379396438,0.7869887948036194,0.643,0.364,0.639,0.544,perlu_cek_manual,False,0.1348113119602203,0.7869887948036194,0.0781999379396438,Organic,organic_sudah_benar,Organic,0.0225,0.0004,0.9771,Organic,0.0663,0.1145,0.8192
O_11021.jpg,Organic,Organic,0.1151753962039947,0.0666180625557899,0.8182065486907959,0.102,0.244,0.352,0.262,background_terpisah,False,0.1151753962039947,0.8182065486907959,0.0666180625557899,Organic,organic_sudah_benar,Organic,0.039,0.0002,0.9607,Organic,0.1308,0.2682,0.601
O_11022.jpg,Organic,Organic,0.0996424630284309,0.0899508371949195,0.8104066848754883,0.18,0.414,0.446,0.285,background_terpisah,False,0.0996424630284309,0.8104066848754883,0.0899508371949195,Organic,organic_sudah_benar,Organic,0.0052,0.0001,0.9947,Organic,0.0392,0.0432,0.9176
O_11030.jpg,Organic,Organic,0.0503208301961422,0.0538521073758602,0.895827054977417,0.813,0.762,0.478,0.732,full_frame,False,0.0503208301961422,0.895827054977417,0.0538521073758602,Organic,organic_sudah_benar,Organic,0.0139,0.0,0.9861,Organic,0.1172,0.019,0.8638
O_11037.jpg,Organic,Organic,0.0343839153647422,0.0507645532488822,0.9148514866828918,0.001,0.055,0.483,0.111,background_terpisah,False,0.0343839153647422,0.9148514866828918,0.0507645532488822,Organic,organic_sudah_benar,Organic,0.0399,0.0002,0.9599,Organic,0.0349,0.0977,0.8674
O_11039.jpg,Organic,Organic,0.0550356432795524,0.0287579204887151,0.916206419467926,0.0,0.003,0.43,0.087,background_terpisah,False,0.0550356432795524,0.916206419467926,0.0287579204887151,Organic,organic_sudah_benar,Organic,0.0259,0.0001,0.974,Organic,0.0656,0.0638,0.8706
O_11053.jpg,Organic,Organic,0.1144630685448646,0.0941562503576278,0.7913807034492493,0.161,0.386,0.418,0.333,background_terpisah,False,0.1144630685448646,0.7913807034492493,0.0941562503576278,Organic,organic_sudah_benar,Organic,0.0216,0.0007,0.9777,Organic,0.0203,0.0356,0.9441
O_11061.jpg,Organic,Organic,0.0860196575522422,0.0404490567743778,0.8735313415527344,0.23,0.741,0.396,0.296,background_terpisah,False,0.0860196575522422,0.8735313415527344,0.0404490567743778,Organic,organic_sudah_benar,Organic,0.0605,0.0012,0.9383,Organic,0.0579,0.0295,0.9127
O_11066.jpg,Organic,Organic,0.0802952274680137,0.0921906903386116,0.827514111995697,0.935,1.0,0.34,0.761,full_frame,True,0.1802952274680137,0.727514111995697,0.0921906605362892,Organic,organic_sudah_benar,Organic,0.0574,0.0008,0.9418,Organic,0.03,0.033,0.937
O_11068.jpg,Organic,Organic,0.0877921283245086,0.0601194314658641,0.852088451385498,0.224,0.809,0.366,0.408,perlu_cek_manual,False,0.0877921283245086,0.852088451385498,0.0601194314658641,Organic,organic_sudah_benar,Organic,0.033,0.0001,0.9669,Organic,0.0556,0.0703,0.8742
O_1107.jpg,Organic,Organic,0.1102366670966148,0.0365741066634655,0.8531891703605652,0.059,0.714,0.324,0.225,background_terpisah,False,0.1102366670966148,0.8531891703605652,0.0365741066634655,Organic,organic_sudah_benar,Organic,0.0123,0.0001,0.9876,Electronic,0.106,0.7891,0.1049
O_11077.jpg,Organic,Organic,0.0952901765704155,0.0885156691074371,0.8161941766738892,1.0,0.684,0.297,0.796,full_frame,True,0.1952901765704155,0.7161941766738892,0.0885156467556953,Organic,organic_sudah_benar,Organic,0.0021,0.0003,0.9976,Organic,0.0356,0.0249,0.9395
O_11085.jpg,Organic,Organic,0.0708184912800788,0.0451106987893581,0.8840707540512085,0.0,0.017,0.394,0.082,background_terpisah,False,0.0708184912800788,0.8840707540512085,0.0451106987893581,Organic,organic_sudah_benar,Organic,0.0111,0.001,0.9879,Organic,0.0556,0.0374,0.907
O_11091.jpg,Organic,Organic,0.0419624634087085,0.0675822496414184,0.8904553055763245,0.359,0.304,0.551,0.366,perlu_cek_manual,False,0.0419624634087085,0.8904553055763245,0.0675822496414184,Organic,organic_sudah_benar,Organic,0.0456,0.0073,0.9472,Organic,0.0825,0.0735,0.844
O_11094.jpg,Organic,Organic,0.0410009510815143,0.0709299743175506,0.8880690336227417,0.252,0.277,0.5,0.329,background_terpisah,False,0.0410009510815143,0.8880690336227417,0.0709299743175506,Organic,organic_sudah_benar,Organic,0.0039,0.0,0.996,Organic,0.1544,0.0652,0.7803
O_1110.jpg,Organic,Organic,0.019198777154088,0.0384560264647007,0.9423453211784364,0.983,0.994,0.551,0.786,full_frame,False,0.019198777154088,0.9423453211784364,0.0384560264647007,Organic,organic_sudah_benar,Organic,0.1234,0.0037,0.8729,Organic,0.1192,0.3056,0.5753
O_11109.jpg,Organic,Organic,0.0226223785430192,0.0301258135586977,0.947251796722412,1.0,1.0,0.0,0.8,full_frame,True,0.1226223785430193,0.8472517967224121,0.0301258247345685,Organic,organic_sudah_benar,Organic,0.1048,0.0038,0.8914,Organic,0.0667,0.1969,0.7364
O_11114.jpg,Organic,Organic,0.0250773951411247,0.0254432205110788,0.949479341506958,0.662,0.975,0.175,0.668,full_frame,False,0.0250773951411247,0.949479341506958,0.0254432205110788,Organic,organic_sudah_benar,Organic,0.018,0.0004,0.9817,Organic,0.0291,0.0165,0.9544
O_11120.jpg,Organic,Organic,0.1098060458898544,0.1079904958605766,0.7822034358978271,0.687,0.898,0.515,0.613,perlu_cek_manual,False,0.1098060458898544,0.7822034358978271,0.1079904958605766,Organic,organic_sudah_benar,Organic,0.0362,0.0001,0.9637,Organic,0.0187,0.0154,0.9659
O_11122.jpg,Organic,Organic,0.0926879793405532,0.0909510627388954,0.8163608908653259,0.089,0.229,0.505,0.252,background_terpisah,False,0.0926879793405532,0.8163608908653259,0.0909510627388954,Organic,organic_sudah_benar,Organic,0.1835,0.0044,0.8121,Organic,0.069,0.1408,0.7902
O_11123.jpg,Organic,Organic,0.0850838050246238,0.1146813035011291,0.8002349138259888,0.468,0.794,0.487,0.594,perlu_cek_manual,False,0.0850838050246238,0.8002349138259888,0.1146813035011291,Organic,organic_sudah_benar,Organic,0.0547,0.0015,0.9438,Organic,0.0204,0.0143,0.9653
O_1113.jpg,Organic,Organic,0.0638467967510223,0.043129589408636,0.893023669719696,1.0,0.983,0.0,0.714,full_frame,True,0.1638467967510223,0.7930236697196961,0.0431295335292816,Organic,organic_sudah_benar,Organic,0.0029,0.0002,0.997,Organic,0.0272,0.1322,0.8407
O_11135.jpg,Organic,Organic,0.1041378751397132,0.0602185726165771,0.8356435894966125,0.6,0.499,0.542,0.622,perlu_cek_manual,False,0.1041378751397132,0.8356435894966125,0.0602185726165771,Organic,organic_sudah_benar,Organic,0.0308,0.0008,0.9684,Organic,0.1013,0.0898,0.8088
O_11141.jpg,Organic,Organic,0.0394669212400913,0.0403264872729778,0.920206606388092,0.358,0.8,0.52,0.474,perlu_cek_manual,False,0.0394669212400913,0.920206606388092,0.0403264872729778,Organic,organic_sudah_benar,Organic,0.0076,0.0005,0.9919,Organic,0.1226,0.0767,0.8007
O_11146.jpg,Organic,Organic,0.0692347958683967,0.0591345727443695,0.8716306090354919,1.0,0.991,0.528,0.604,perlu_cek_manual,False,0.0692347958683967,0.8716306090354919,0.0591345727443695,Organic,organic_sudah_benar,Organic,0.0289,0.001,0.9701,Organic,0.224,0.1343,0.6417
O_11149.jpg,Organic,Organic,0.0570693202316761,0.0623120963573455,0.8806185722351074,1.0,0.703,0.39,0.79,full_frame,False,0.0570693202316761,0.8806185722351074,0.0623120963573455,Organic,organic_sudah_benar,Organic,0.032,0.0002,0.9678,Organic,0.0924,0.0875,0.8201
O_11150.jpg,Organic,Organic,0.0294794682413339,0.0329721942543983,0.9375483393669128,0.471,0.663,0.241,0.454,perlu_cek_manual,False,0.0294794682413339,0.9375483393669128,0.0329721942543983,Organic,organic_sudah_benar,Organic,0.0023,0.0001,0.9977,Organic,0.0488,0.169,0.7822
O_11154.jpg,Organic,Organic,0.0625449270009994,0.0671397596597671,0.8703153133392334,1.0,1.0,0.0,0.8,full_frame,True,0.1625449270009994,0.7703153133392334,0.0671397596597671,Organic,organic_sudah_benar,Organic,0.0553,0.0004,0.9442,Organic,0.0179,0.0131,0.9689
O_11162.jpg,Organic,Organic,0.036452155560255,0.0391699932515621,0.924377739429474,0.169,0.209,0.498,0.472,perlu_cek_manual,False,0.036452155560255,0.924377739429474,0.0391699932515621,Organic,organic_sudah_benar,Organic,0.0944,0.0031,0.9025,Organic,0.1251,0.1844,0.6906
O_11163.jpg,Organic,Organic,0.1038116365671157,0.0872982367873191,0.8088901042938232,0.333,0.801,0.404,0.341,background_terpisah,False,0.1038116365671157,0.8088901042938232,0.0872982367873191,Organic,organic_sudah_benar,Organic,0.3799,0.0018,0.6184,Organic,0.0539,0.0659,0.8801
O_11165.jpg,Organic,Organic,0.1421623229980468,0.1043101325631141,0.7535275816917419,1.0,1.0,0.0,0.769,full_frame,True,0.2421623229980468,0.653527581691742,0.1043100953102111,Organic,organic_sudah_benar,Organic,0.021,0.0017,0.9773,Organic,0.0143,0.0123,0.9733
O_11184.jpg,Organic,Organic,0.0651462897658348,0.0496864691376686,0.8851672410964966,0.515,0.938,0.345,0.578,perlu_cek_manual,False,0.0651462897658348,0.8851672410964966,0.0496864691376686,Organic,organic_sudah_benar,Organic,0.0072,0.0001,0.9926,Organic,0.0524,0.0475,0.9001
O_11188.jpg,Organic,Organic,0.0307308752089738,0.0361405126750469,0.9331286549568176,1.0,0.983,0.577,0.814,full_frame,False,0.0307308752089738,0.9331286549568176,0.0361405126750469,Organic,organic_sudah_benar,Organic,0.0399,0.0002,0.96,Organic,0.0729,0.0631,0.864
O_11205.jpg,Organic,Organic,0.0201570726931095,0.029083464294672,0.9507594704627992,1.0,1.0,0.0,0.8,full_frame,True,0.1201570726931095,0.8507594704627991,0.0290834568440914,Organic,organic_sudah_benar,Organic,0.0223,0.0004,0.9773,Organic,0.0053,0.0074,0.9873
O_11225.jpg,Organic,Organic,0.0385143868625164,0.0757678300142288,0.8857177495956421,0.657,0.958,0.412,0.771,full_frame,False,0.0385143868625164,0.8857177495956421,0.0757678300142288,Organic,organic_sudah_benar,Organic,0.0153,0.0003,0.9844,Organic,0.0122,0.0193,0.9685
O_11237.jpg,Organic,Organic,0.1497792601585388,0.0403440594673156,0.8098766803741455,1.0,0.981,0.406,0.805,full_frame,False,0.1497792601585388,0.8098766803741455,0.0403440594673156,Organic,organic_sudah_benar,Organic,0.0824,0.0448,0.8728,Organic,0.1944,0.1766,0.629
O_11239.jpg,Organic,Organic,0.1163357868790626,0.1340841948986053,0.7495799660682678,0.22,0.403,0.44,0.383,perlu_cek_manual,False,0.1163357868790626,0.7495799660682678,0.1340841948986053,Organic,organic_sudah_benar,Organic,0.0973,0.0025,0.9002,Organic,0.0557,0.1053,0.8391
O_11245.jpg,Organic,Organic,0.025900449603796,0.0493575595319271,0.9247419834136964,0.463,0.922,0.165,0.535,perlu_cek_manual,False,0.025900449603796,0.9247419834136964,0.0493575595319271,Organic,organic_sudah_benar,Organic,0.0625,0.0429,0.8945,Organic,0.1298,0.0356,0.8347
O_11248.jpg,Organic,Organic,0.0126458862796425,0.0168385710567235,0.9705156087875366,1.0,0.974,0.0,0.703,full_frame,True,0.1126458862796425,0.8705156087875366,0.0168385049328207,Organic,organic_sudah_benar,Organic,0.0026,0.0003,0.9971,Organic,0.0178,0.0087,0.9734
O_11252.jpg,Organic,Organic,0.0940159931778907,0.08417659252882,0.8218074440956116,1.0,0.985,0.0,0.586,perlu_cek_manual,False,0.0940159931778907,0.8218074440956116,0.08417659252882,Organic,organic_sudah_benar,Organic,0.0376,0.0004,0.962,Organic,0.1489,0.0417,0.8094
O_11255.jpg,Organic,Organic,0.3411083817481994,0.036774531006813,0.6221171021461487,0.784,0.511,0.322,0.474,perlu_cek_manual,False,0.3411083817481994,0.6221171021461487,0.036774531006813,Organic,organic_sudah_benar,Organic,0.0324,0.0006,0.967,Organic,0.0621,0.1745,0.7634
O_11264.jpg,Organic,Organic,0.0684368833899498,0.0683343335986137,0.8632287979125977,1.0,1.0,0.597,0.919,full_frame,False,0.0684368833899498,0.8632287979125977,0.0683343335986137,Organic,organic_sudah_benar,Organic,0.0247,0.0005,0.9748,Organic,0.0541,0.0124,0.9335
O_11275.jpg,Organic,Organic,0.083651565015316,0.0778731405735015,0.8384752869606018,1.0,0.962,0.086,0.763,full_frame,True,0.183651565015316,0.7384752869606018,0.0778731480240821,Organic,organic_sudah_benar,Organic,0.0417,0.0018,0.9565,Organic,0.2064,0.1553,0.6383
O_11277.jpg,Organic,Organic,0.0196570064872503,0.0401182994246482,0.9402247071266174,1.0,1.0,0.078,0.816,full_frame,True,0.1196570064872503,0.8402247071266175,0.0401182863861322,Organic,organic_sudah_benar,Organic,0.0036,0.0002,0.9963,Organic,0.0036,0.0043,0.9922
O_11286.jpg,Organic,Organic,0.0821828097105026,0.0862481221556663,0.8315690755844116,1.0,0.978,0.175,0.715,full_frame,True,0.1821828097105026,0.7315690755844116,0.0862481147050857,Organic,organic_sudah_benar,Organic,0.0067,0.0005,0.9928,Organic,0.009,0.0046,0.9864
O_11291.jpg,Organic,Organic,0.0101627465337514,0.0324248112738132,0.9574124813079834,0.639,0.944,0.497,0.718,full_frame,False,0.0101627465337514,0.9574124813079834,0.0324248112738132,Organic,organic_sudah_benar,Organic,0.007,0.0009,0.9921,Organic,0.0318,0.0428,0.9254
O_1130.jpg,Organic,Organic,0.0572691969573497,0.1862485408782959,0.7564823031425476,1.0,1.0,0.007,0.785,full_frame,True,0.1572691969573497,0.6564823031425476,0.1862484999001026,Organic,organic_sudah_benar,Organic,0.0099,0.0061,0.9839,Electronic,0.0322,0.6983,0.2695
O_11308.jpg,Organic,Organic,0.0559965409338474,0.0414547175168991,0.9025486707687378,0.493,0.879,0.494,0.444,perlu_cek_manual,False,0.0559965409338474,0.9025486707687378,0.0414547175168991,Organic,organic_sudah_benar,Organic,0.0078,0.0004,0.9918,Recyclable,0.4645,0.2381,0.2975
O_11319.jpg,Organic,Organic,0.0906092077493667,0.0861895978450775,0.8232011795043945,0.054,0.33,0.353,0.198,background_terpisah,False,0.0906092077493667,0.8232011795043945,0.0861895978450775,Organic,organic_sudah_benar,Organic,0.1051,0.0004,0.8946,Organic,0.0535,0.059,0.8875
O_11321.jpg,Organic,Organic,0.1015379205346107,0.1044822111725807,0.7939798831939697,0.155,0.691,0.501,0.325,background_terpisah,False,0.1015379205346107,0.7939798831939697,0.1044822111725807,Organic,organic_sudah_benar,Organic,0.0234,0.0002,0.9764,Organic,0.0284,0.0213,0.9503
O_11326.jpg,Organic,Organic,0.0389791578054428,0.014201171696186,0.9468197226524352,1.0,1.0,0.007,0.741,full_frame,True,0.1389791578054428,0.8468197226524353,0.0142011195421218,Organic,organic_sudah_benar,Organic,0.0398,0.0012,0.9591,Organic,0.0042,0.0338,0.9619
O_11334.jpg,Organic,Organic,0.0111588323488831,0.0525250397622585,0.9363161325454712,1.0,0.86,0.384,0.782,full_frame,False,0.0111588323488831,0.9363161325454712,0.0525250397622585,Organic,organic_sudah_benar,Organic,0.0276,0.0058,0.9666,Organic,0.0395,0.1073,0.8531
O_1135.jpg,Organic,Organic,0.0376366227865219,0.0304397325962781,0.9319236278533936,0.984,0.789,0.337,0.621,perlu_cek_manual,False,0.0376366227865219,0.9319236278533936,0.0304397325962781,Organic,organic_sudah_benar,Organic,0.12,0.009,0.871,Electronic,0.064,0.5203,0.4157
O_11354.jpg,Organic,Organic,0.0456967242062091,0.0130248703062534,0.9412783980369568,0.845,0.983,0.0,0.745,full_frame,True,0.1456967242062092,0.8412783980369568,0.013024877756834,Organic,organic_sudah_benar,Organic,0.257,0.0037,0.7393,Organic,0.047,0.2324,0.7207
O_11359.jpg,Organic,Organic,0.135209321975708,0.0592220872640609,0.8055685758590698,1.0,0.987,0.417,0.715,full_frame,False,0.135209321975708,0.8055685758590698,0.0592220872640609,Organic,organic_sudah_benar,Organic,0.4402,0.0275,0.5323,Organic,0.0044,0.0254,0.9702
O_11364.jpg,Organic,Organic,0.0357494987547397,0.0647275522351265,0.8995230197906494,1.0,0.99,0.416,0.724,full_frame,False,0.0357494987547397,0.8995230197906494,0.0647275522351265,Organic,organic_sudah_benar,Organic,0.0575,0.0021,0.9404,Organic,0.0171,0.254,0.729
O_11378.jpg,Organic,Organic,0.0277666971087455,0.0479250289499759,0.9243083000183104,0.616,0.947,0.441,0.655,full_frame,False,0.0277666971087455,0.9243083000183104,0.0479250289499759,Organic,organic_sudah_benar,Organic,0.0299,0.0039,0.9662,Organic,0.021,0.082,0.897
O_11379.jpg,Organic,Organic,0.0204452760517597,0.0382391959428787,0.9413154721260072,1.0,0.797,0.605,0.716,full_frame,False,0.0204452760517597,0.9413154721260072,0.0382391959428787,Organic,organic_sudah_benar,Organic,0.0016,0.0001,0.9983,Organic,0.008,0.16,0.8319
O_11383.jpg,Organic,Organic,0.0978849828243255,0.0500608123838901,0.8520541787147522,0.477,0.899,0.54,0.49,perlu_cek_manual,False,0.0978849828243255,0.8520541787147522,0.0500608123838901,Organic,organic_sudah_benar,Organic,0.1273,0.007,0.8657,Organic,0.0535,0.1418,0.8047
O_11390.jpg,Organic,Organic,0.0885366201400756,0.0568885467946529,0.8545747995376587,1.0,0.983,0.304,0.683,full_frame,True,0.1885366201400757,0.7545747995376587,0.0568885803222656,Organic,organic_sudah_benar,Organic,0.0963,0.0022,0.9015,Organic,0.0114,0.0473,0.9413
O_11396.jpg,Organic,Organic,0.0302391722798347,0.0433243066072464,0.926436483860016,1.0,0.983,0.433,0.703,full_frame,False,0.0302391722798347,0.926436483860016,0.0433243066072464,Organic,organic_sudah_benar,Organic,0.1918,0.0026,0.8056,Organic,0.0091,0.0141,0.9768
O_11402.jpg,Organic,Organic,0.042713176459074,0.0569923818111419,0.9002944827079773,0.968,0.929,0.588,0.711,full_frame,False,0.042713176459074,0.9002944827079773,0.0569923818111419,Organic,organic_sudah_benar,Organic,0.063,0.0013,0.9357,Organic,0.0092,0.015,0.9759
O_11435.jpg,Organic,Organic,0.0191335938870906,0.0315745882689952,0.9492918252944946,1.0,1.0,0.604,0.803,full_frame,False,0.0191335938870906,0.9492918252944946,0.0315745882689952,Organic,organic_sudah_benar,Organic,0.2708,0.0122,0.717,Organic,0.0011,0.0073,0.9916
O_11437.jpg,Organic,Organic,0.019435154274106,0.0688021853566169,0.9117625951766968,0.662,0.959,0.245,0.557,perlu_cek_manual,False,0.019435154274106,0.9117625951766968,0.0688021853566169,Organic,organic_sudah_benar,Organic,0.0773,0.0029,0.9198,Organic,0.0045,0.0164,0.979
O_11451.jpg,Organic,Organic,0.0227355156093835,0.0399787873029708,0.9372857213020324,1.0,0.997,0.0,0.715,full_frame,True,0.1227355156093835,0.8372857213020325,0.0399787630885839,Organic,organic_sudah_benar,Organic,0.0205,0.0291,0.9503,Organic,0.0183,0.0827,0.8989
O_11454.jpg,Organic,Organic,0.0086161913350224,0.0161767583340406,0.9752071499824524,0.64,0.851,0.444,0.554,perlu_cek_manual,False,0.0086161913350224,0.9752071499824524,0.0161767583340406,Organic,organic_sudah_benar,Organic,0.1161,0.0164,0.8675,Organic,0.0027,0.015,0.9823
O_11468.jpg,Organic,Organic,0.0474004596471786,0.0730614215135574,0.8795379996299744,1.0,0.868,0.485,0.701,full_frame,False,0.0474004596471786,0.8795379996299744,0.0730614215135574,Organic,organic_sudah_benar,Organic,0.0627,0.0049,0.9324,Organic,0.009,0.0366,0.9544
O_11472.jpg,Organic,Organic,0.0214190762490034,0.0387364737689495,0.9398443698883056,0.996,0.997,0.544,0.814,full_frame,False,0.0214190762490034,0.9398443698883056,0.0387364737689495,Organic,organic_sudah_benar,Organic,0.4212,0.0184,0.5604,Organic,0.0369,0.0638,0.8992
O_11473.jpg,Organic,Organic,0.0894109308719635,0.0264655612409114,0.8841233849525452,0.401,0.597,0.466,0.425,perlu_cek_manual,False,0.0894109308719635,0.8841233849525452,0.0264655612409114,Organic,organic_sudah_benar,Organic,0.0261,0.0001,0.9738,Organic,0.0045,0.0162,0.9794
O_11480.jpg,Organic,Organic,0.0934901237487793,0.0846207439899444,0.8218891024589539,0.944,0.962,0.099,0.627,perlu_cek_manual,False,0.0934901237487793,0.8218891024589539,0.0846207439899444,Organic,organic_sudah_benar,Organic,0.0397,0.0015,0.9588,Organic,0.026,0.0539,0.9201
O_11481.jpg,Organic,Organic,0.0259877070784568,0.0283294804394245,0.9456827640533448,1.0,0.93,0.61,0.759,full_frame,False,0.0259877070784568,0.9456827640533448,0.0283294804394245,Organic,organic_sudah_benar,Organic,0.0043,0.0051,0.9906,Organic,0.0148,0.0782,0.907
O_11484.jpg,Organic,Organic,0.1104970723390579,0.0478343553841114,0.8416685461997986,0.768,0.854,0.384,0.543,perlu_cek_manual,False,0.1104970723390579,0.8416685461997986,0.0478343553841114,Organic,organic_sudah_benar,Organic,0.1871,0.001,0.8119,Organic,0.0115,0.0251,0.9634
O_11499.jpg,Organic,Organic,0.0404815338551998,0.043522547930479,0.9159958958625792,1.0,0.971,0.551,0.696,full_frame,False,0.0404815338551998,0.9159958958625792,0.043522547930479,Organic,organic_sudah_benar,Organic,0.1225,0.0185,0.8589,Organic,0.0059,0.0351,0.959
O_1150.jpg,Organic,Organic,0.0967929363250732,0.0998945012688636,0.8033125996589661,1.0,1.0,0.021,0.771,full_frame,True,0.1967929363250732,0.7033125996589661,0.0998944640159607,Organic,organic_sudah_benar,Organic,0.0129,0.0002,0.987,Organic,0.0291,0.185,0.7858
O_11508.jpg,Organic,Organic,0.1890555918216705,0.055578950792551,0.7553654909133911,0.842,0.976,0.506,0.76,full_frame,False,0.1890555918216705,0.7553654909133911,0.055578950792551,Organic,organic_sudah_benar,Organic,0.1062,0.0019,0.8919,Organic,0.0089,0.0545,0.9366
O_11512.jpg,Organic,Organic,0.0355428755283355,0.0264042466878891,0.9380528330802916,1.0,1.0,0.603,0.761,full_frame,False,0.0355428755283355,0.9380528330802916,0.0264042466878891,Organic,organic_sudah_benar,Organic,0.0237,0.0196,0.9567,Organic,0.0053,0.0526,0.9422
O_11514.jpg,Organic,Organic,0.049747422337532,0.0278365202248096,0.9224160313606262,1.0,0.986,0.543,0.798,full_frame,False,0.049747422337532,0.9224160313606262,0.0278365202248096,Organic,organic_sudah_benar,Organic,0.0347,0.0007,0.9646,Organic,0.0161,0.1587,0.8252
O_11519.jpg,Organic,Organic,0.0232551619410514,0.0211253315210342,0.9556195139884948,0.868,0.924,0.257,0.519,perlu_cek_manual,False,0.0232551619410514,0.9556195139884948,0.0211253315210342,Organic,organic_sudah_benar,Organic,0.2552,0.0006,0.7443,Organic,0.0031,0.0294,0.9675
O_11520.jpg,Organic,Organic,0.0460204668343067,0.0796268358826637,0.8743526935577393,0.547,0.737,0.475,0.505,perlu_cek_manual,False,0.0460204668343067,0.8743526935577393,0.0796268358826637,Organic,organic_sudah_benar,Organic,0.2865,0.0059,0.7077,Organic,0.0095,0.055,0.9355
O_11527.jpg,Organic,Organic,0.0539137348532676,0.0341000109910965,0.911986231803894,0.386,0.869,0.316,0.49,perlu_cek_manual,False,0.0539137348532676,0.911986231803894,0.0341000109910965,Organic,organic_sudah_benar,Organic,0.0638,0.002,0.9341,Organic,0.0013,0.0105,0.9882
O_11528.jpg,Organic,Organic,0.0136900767683982,0.0343084782361984,0.9520013928413392,1.0,0.991,0.655,0.78,full_frame,False,0.0136900767683982,0.9520013928413392,0.0343084782361984,Organic,organic_sudah_benar,Organic,0.0313,0.0017,0.967,Organic,0.0205,0.0421,0.9374
O_11532.jpg,Organic,Organic,0.0389828905463218,0.0748745277523994,0.8861425518989563,0.492,0.738,0.509,0.49,perlu_cek_manual,False,0.0389828905463218,0.8861425518989563,0.0748745277523994,Organic,organic_sudah_benar,Organic,0.1018,0.003,0.8952,Organic,0.0104,0.0423,0.9473
O_11533.jpg,Organic,Organic,0.027375791221857,0.031223090365529,0.9414011240005492,1.0,0.975,0.363,0.738,full_frame,False,0.027375791221857,0.9414011240005492,0.031223090365529,Organic,organic_sudah_benar,Organic,0.2337,0.0027,0.7636,Organic,0.002,0.0534,0.9446
O_11536.jpg,Organic,Organic,0.0139114400371909,0.0143140777945518,0.9717744588851928,1.0,0.736,0.37,0.68,full_frame,False,0.0139114400371909,0.9717744588851928,0.0143140777945518,Organic,organic_sudah_benar,Organic,0.0131,0.0001,0.9869,Organic,0.065,0.0695,0.8654
O_11541.jpg,Organic,Organic,0.0588804744184017,0.0552683174610137,0.8858512043952942,0.184,0.372,0.381,0.237,background_terpisah,False,0.0588804744184017,0.8858512043952942,0.0552683174610137,Organic,organic_sudah_benar,Organic,0.0275,0.003,0.9694,Organic,0.0056,0.096,0.8984
O_11542.jpg,Organic,Organic,0.0103536313399672,0.020444206893444,0.9692022204399108,1.0,0.966,0.466,0.762,full_frame,False,0.0103536313399672,0.9692022204399108,0.020444206893444,Organic,organic_sudah_benar,Organic,0.0678,0.0421,0.8901,Organic,0.0029,0.0141,0.9829
O_11549.jpg,Organic,Organic,0.0467474572360515,0.0303240753710269,0.922928512096405,0.768,0.855,0.59,0.613,perlu_cek_manual,False,0.0467474572360515,0.922928512096405,0.0303240753710269,Organic,organic_sudah_benar,Organic,0.0152,0.0043,0.9805,Organic,0.0025,0.0435,0.954
O_11557.jpg,Organic,Organic,0.0423007830977439,0.0722788423299789,0.8854203820228577,0.813,0.986,0.0,0.687,full_frame,True,0.142300783097744,0.7854203820228577,0.0722788348793983,Organic,organic_sudah_benar,Recyclable,0.5243,0.0074,0.4683,Organic,0.0722,0.0387,0.889
O_11558.jpg,Organic,Organic,0.0458307415246963,0.027990574017167,0.9261786937713624,0.76,0.912,0.518,0.612,perlu_cek_manual,False,0.0458307415246963,0.9261786937713624,0.027990574017167,Organic,organic_sudah_benar,Organic,0.008,0.0003,0.9916,Organic,0.0196,0.2014,0.779
O_11560.jpg,Organic,Organic,0.0837826430797576,0.0916270017623901,0.8245903849601746,0.744,0.793,0.496,0.606,perlu_cek_manual,False,0.0837826430797576,0.8245903849601746,0.0916270017623901,Organic,organic_sudah_benar,Organic,0.0159,0.0211,0.963,Organic,0.024,0.2383,0.7378
O_11566.jpg,Organic,Organic,0.0221856143325567,0.0145623255521059,0.963252067565918,0.788,0.972,0.54,0.839,full_frame,False,0.0221856143325567,0.963252067565918,0.0145623255521059,Organic,organic_sudah_benar,Organic,0.1786,0.0267,0.7947,Organic,0.025,0.1244,0.8506
O_1157.jpg,Organic,Organic,0.141834869980812,0.0308976657688617,0.8272674679756165,0.853,0.989,0.0,0.747,full_frame,True,0.241834869980812,0.7272674679756165,0.0308976620435714,Organic,organic_sudah_benar,Organic,0.0096,0.0004,0.9899,Electronic,0.0896,0.7562,0.1542
O_11573.jpg,Organic,Organic,0.0238125249743461,0.0504333116114139,0.9257542490959167,0.824,0.961,0.671,0.874,full_frame,False,0.0238125249743461,0.9257542490959167,0.0504333116114139,Organic,organic_sudah_benar,Organic,0.1231,0.0018,0.8751,Organic,0.078,0.241,0.6809
O_11586.jpg,Organic,Organic,0.0149736022576689,0.053089652210474,0.9319368004798888,1.0,1.0,0.0,0.75,full_frame,True,0.1149736022576689,0.8319368004798889,0.0530895972624421,Organic,organic_sudah_benar,Organic,0.0465,0.0115,0.9421,Organic,0.0053,0.084,0.9107
O_116.jpg,Organic,Organic,0.0391543097794055,0.0422356724739074,0.9186100363731384,1.0,0.91,0.485,0.579,perlu_cek_manual,False,0.0391543097794055,0.9186100363731384,0.0422356724739074,Organic,organic_sudah_benar,Organic,0.1402,0.0007,0.8591,Organic,0.3051,0.2614,0.4335
O_11617.jpg,Organic,Organic,0.0834834575653076,0.0356590636074543,0.880857527256012,0.985,0.986,0.0,0.664,full_frame,True,0.1834834575653076,0.780857527256012,0.0356590151786804,Organic,organic_sudah_benar,Organic,0.0322,0.0006,0.9672,Organic,0.0085,0.1962,0.7953
O_11619.jpg,Organic,Organic,0.0135422199964523,0.0508207753300666,0.9356369972229004,1.0,0.998,0.656,0.865,full_frame,False,0.0135422199964523,0.9356369972229004,0.0508207753300666,Organic,organic_sudah_benar,Organic,0.0721,0.0137,0.9142,Organic,0.0054,0.0192,0.9754
O_1162.jpg,Organic,Organic,0.0898439362645149,0.0212674792855978,0.8888885974884033,1.0,1.0,0.17,0.834,full_frame,True,0.1898439362645149,0.7888885974884033,0.0212674662470817,Organic,organic_sudah_benar,Organic,0.0051,0.0007,0.9942,Electronic,0.0465,0.7881,0.1654
O_11621.jpg,Organic,Organic,0.0858688279986381,0.0395533367991447,0.8745778799057007,1.0,0.997,0.0,0.697,full_frame,True,0.1858688279986381,0.7745778799057007,0.0395532920956611,Organic,organic_sudah_benar,Organic,0.0154,0.0022,0.9824,Organic,0.0751,0.3814,0.5435
O_11627.jpg,Organic,Organic,0.1152840107679367,0.101739801466465,0.7829762101173401,0.992,0.957,0.381,0.644,perlu_cek_manual,False,0.1152840107679367,0.7829762101173401,0.101739801466465,Organic,organic_sudah_benar,Organic,0.071,0.0019,0.9271,Organic,0.0187,0.0512,0.9301
O_11628.jpg,Organic,Organic,0.0185711812227964,0.0579313337802886,0.9234974980354308,1.0,0.975,0.438,0.735,full_frame,False,0.0185711812227964,0.9234974980354308,0.0579313337802886,Organic,organic_sudah_benar,Organic,0.183,0.0395,0.7775,Organic,0.0624,0.1159,0.8217
O_11629.jpg,Organic,Organic,0.0704890489578247,0.0334092117846012,0.896101713180542,1.0,0.983,0.51,0.71,full_frame,False,0.0704890489578247,0.896101713180542,0.0334092117846012,Organic,organic_sudah_benar,Organic,0.0885,0.0007,0.9108,Organic,0.0097,0.0301,0.9602
O_11644.jpg,Organic,Organic,0.0582816302776336,0.038426000624895,0.9032923579216005,0.819,0.878,0.459,0.649,perlu_cek_manual,False,0.0582816302776336,0.9032923579216005,0.038426000624895,Organic,organic_sudah_benar,Organic,0.0696,0.0002,0.9302,Organic,0.0112,0.0148,0.974
O_11650.jpg,Organic,Organic,0.0113231148570775,0.0166081301867961,0.9720688462257384,1.0,0.971,0.459,0.752,full_frame,False,0.0113231148570775,0.9720688462257384,0.0166081301867961,Organic,organic_sudah_benar,Organic,0.0072,0.0008,0.992,Organic,0.0043,0.041,0.9547
O_11653.jpg,Organic,Organic,0.0351747274398803,0.0343317203223705,0.9304935932159424,0.411,0.921,0.428,0.479,perlu_cek_manual,False,0.0351747274398803,0.9304935932159424,0.0343317203223705,Organic,organic_sudah_benar,Organic,0.0073,0.005,0.9878,Organic,0.0068,0.0424,0.9509
O_11657.jpg,Organic,Organic,0.0785731524229049,0.0388820208609104,0.8825449347496033,0.989,0.964,0.6,0.799,full_frame,False,0.0785731524229049,0.8825449347496033,0.0388820208609104,Organic,organic_sudah_benar,Organic,0.0562,0.0059,0.9379,Organic,0.0745,0.044,0.8815
O_11665.jpg,Organic,Organic,0.0117172813042998,0.0486509762704372,0.9396317005157472,1.0,1.0,0.597,0.76,full_frame,False,0.0117172813042998,0.9396317005157472,0.0486509762704372,Organic,organic_sudah_benar,Organic,0.0072,0.001,0.9918,Organic,0.0223,0.0656,0.9121
O_11666.jpg,Organic,Organic,0.0284540597349405,0.0494441166520118,0.92210191488266,1.0,0.988,0.52,0.83,full_frame,False,0.0284540597349405,0.92210191488266,0.0494441166520118,Organic,organic_sudah_benar,Organic,0.164,0.0151,0.8209,Organic,0.0231,0.3773,0.5996
O_11676.jpg,Organic,Organic,0.0683859810233116,0.0545077621936798,0.877106249332428,0.9,0.614,0.399,0.477,perlu_cek_manual,False,0.0683859810233116,0.877106249332428,0.0545077621936798,Organic,organic_sudah_benar,Organic,0.0394,0.0003,0.9604,Organic,0.0948,0.1397,0.7654
O_11678.jpg,Organic,Organic,0.1667010933160781,0.0377221591770648,0.7955767512321472,0.819,0.817,0.511,0.577,perlu_cek_manual,False,0.1667010933160781,0.7955767512321472,0.0377221591770648,Organic,organic_sudah_benar,Organic,0.0032,0.0033,0.9934,Organic,0.0122,0.0939,0.8939
O_11682.jpg,Organic,Organic,0.0797941535711288,0.0525371991097927,0.867668628692627,0.937,0.965,0.592,0.734,full_frame,False,0.0797941535711288,0.867668628692627,0.0525371991097927,Organic,organic_sudah_benar,Organic,0.0812,0.0012,0.9176,Organic,0.0388,0.423,0.5382
O_11685.jpg,Organic,Organic,0.1033639088273048,0.0275303106755018,0.869105875492096,1.0,1.0,0.493,0.876,full_frame,False,0.1033639088273048,0.869105875492096,0.0275303106755018,Organic,organic_sudah_benar,Organic,0.2005,0.0137,0.7857,Organic,0.1162,0.2229,0.661
O_11694.jpg,Organic,Organic,0.0268362052738666,0.0367933735251426,0.9363703727722168,0.13,0.785,0.415,0.305,background_terpisah,False,0.0268362052738666,0.9363703727722168,0.0367933735251426,Organic,organic_sudah_benar,Organic,0.0128,0.0008,0.9864,Organic,0.0182,0.205,0.7768
O_11695.jpg,Organic,Organic,0.0377344600856304,0.0362089835107326,0.9260566234588624,0.968,0.978,0.397,0.865,full_frame,False,0.0377344600856304,0.9260566234588624,0.0362089835107326,Organic,organic_sudah_benar,Organic,0.2919,0.0015,0.7066,Organic,0.0281,0.1241,0.8478
O_11711.jpg,Organic,Organic,0.0517457611858844,0.0340563394129276,0.9141979217529296,0.766,0.958,0.383,0.704,full_frame,False,0.0517457611858844,0.9141979217529296,0.0340563394129276,Organic,organic_sudah_benar,Organic,0.0235,0.0015,0.9751,Organic,0.0214,0.0694,0.9091
O_11718.jpg,Organic,Organic,0.02666593529284,0.043749701231718,0.9295843243598938,1.0,0.909,0.423,0.714,full_frame,False,0.02666593529284,0.9295843243598938,0.043749701231718,Organic,organic_sudah_benar,Organic,0.0959,0.0119,0.8922,Organic,0.1397,0.1023,0.758
O_11723.jpg,Organic,Organic,0.0783093571662902,0.1014991849660873,0.820191502571106,0.111,0.385,0.538,0.248,background_terpisah,False,0.0783093571662902,0.820191502571106,0.1014991849660873,Organic,organic_sudah_benar,Organic,0.0887,0.0018,0.9094,Organic,0.0399,0.1192,0.8409
O_11726.jpg,Organic,Organic,0.2460093796253204,0.1176672130823135,0.6363233923912048,1.0,1.0,0.3,0.715,full_frame,True,0.3460093796253204,0.5363233923912049,0.1176672279834747,Organic,organic_sudah_benar,Recyclable,0.8254,0.0005,0.1741,Organic,0.1039,0.1089,0.7873
O_11743.jpg,Organic,Organic,0.0917533040046691,0.0599261857569217,0.8483206033706665,0.453,0.885,0.53,0.561,perlu_cek_manual,False,0.0917533040046691,0.8483206033706665,0.0599261857569217,Organic,organic_sudah_benar,Organic,0.3212,0.0041,0.6747,Organic,0.04,0.0368,0.9233
O_11746.jpg,Organic,Organic,0.0628184899687767,0.076448917388916,0.8607326149940491,0.491,0.952,0.369,0.711,full_frame,False,0.0628184899687767,0.8607326149940491,0.076448917388916,Organic,organic_sudah_benar,Organic,0.0873,0.0031,0.9096,Organic,0.2961,0.103,0.6009
O_11751.jpg,Organic,Organic,0.0856134444475174,0.0427369475364685,0.8716496229171753,1.0,1.0,0.0,0.698,full_frame,True,0.1856134444475174,0.7716496229171753,0.0427369326353073,Organic,organic_sudah_benar,Organic,0.4817,0.0105,0.5078,Organic,0.0432,0.0628,0.894
O_11755.jpg,Organic,Organic,0.1363147795200348,0.0840426608920097,0.7796425223350525,0.634,0.941,0.305,0.547,perlu_cek_manual,False,0.1363147795200348,0.7796425223350525,0.0840426608920097,Organic,organic_sudah_benar,Organic,0.4044,0.002,0.5936,Organic,0.1281,0.1165,0.7554
O_11757.jpg,Organic,Organic,0.0820986479520797,0.0171733740717172,0.9007280468940736,0.648,0.963,0.601,0.69,full_frame,False,0.0820986479520797,0.9007280468940736,0.0171733740717172,Organic,organic_sudah_benar,Organic,0.3735,0.001,0.6255,Organic,0.1438,0.0701,0.7862
O_11761.jpg,Organic,Organic,0.1002843305468559,0.0313613712787628,0.8683542609214783,0.29,0.632,0.341,0.452,perlu_cek_manual,False,0.1002843305468559,0.8683542609214783,0.0313613712787628,Organic,organic_sudah_benar,Organic,0.0509,0.0014,0.9477,Organic,0.0519,0.0407,0.9074
O_11770.jpg,Organic,Organic,0.0915511026978492,0.0446993969380855,0.8637495040893555,1.0,0.656,0.458,0.58,perlu_cek_manual,False,0.0915511026978492,0.8637495040893555,0.0446993969380855,Organic,organic_sudah_benar,Organic,0.1535,0.0034,0.8432,Organic,0.0505,0.4272,0.5223
O_11775.jpg,Organic,Organic,0.057233490049839,0.0462586469948291,0.8965078592300415,0.495,0.915,0.332,0.48,perlu_cek_manual,False,0.057233490049839,0.8965078592300415,0.0462586469948291,Organic,organic_sudah_benar,Organic,0.3744,0.0041,0.6215,Organic,0.0203,0.1699,0.8097
O_11776.jpg,Organic,Organic,0.062169998884201,0.0233480706810951,0.9144818782806396,1.0,0.936,0.186,0.679,full_frame,True,0.162169998884201,0.8144818782806397,0.0233481228351593,Organic,organic_sudah_benar,Organic,0.4539,0.0006,0.5455,Organic,0.1194,0.2507,0.6299
O_11781.jpg,Organic,Organic,0.0790278911590576,0.0520318560302257,0.8689402937889099,1.0,1.0,0.0,0.8,full_frame,True,0.1790278911590576,0.7689402937889099,0.0520318150520324,Organic,organic_sudah_benar,Organic,0.1046,0.0033,0.8921,Organic,0.0665,0.3102,0.6233
O_1179.jpg,Organic,Organic,0.1158804222941398,0.0249455012381076,0.8591740727424622,1.0,0.87,0.539,0.882,full_frame,False,0.1158804222941398,0.8591740727424622,0.0249455012381076,Organic,organic_sudah_benar,Organic,0.0239,0.0001,0.976,Electronic,0.0265,0.5698,0.4037
O_11797.jpg,Organic,Organic,0.1772302389144897,0.0259745977818965,0.7967951893806458,0.585,0.916,0.546,0.563,perlu_cek_manual,False,0.1772302389144897,0.7967951893806458,0.0259745977818965,Organic,organic_sudah_benar,Organic,0.0071,0.0007,0.9922,Organic,0.0472,0.2667,0.6862
O_118.jpg,Organic,Organic,0.0394166596233844,0.0698654130101203,0.8907179832458496,0.0,-0.0,0.441,0.088,background_terpisah,False,0.0394166596233844,0.8907179832458496,0.0698654130101203,Organic,organic_sudah_benar,Organic,0.0419,0.0069,0.9512,Organic,0.3056,0.2398,0.4546
O_11803.jpg,Organic,Organic,0.0966604948043823,0.0161684062331914,0.8871710896492004,1.0,0.965,0.604,0.838,full_frame,False,0.0966604948043823,0.8871710896492004,0.0161684062331914,Organic,organic_sudah_benar,Organic,0.0915,0.0051,0.9034,Organic,0.0505,0.0616,0.8879
O_11805.jpg,Organic,Organic,0.0497635118663311,0.0442015305161476,0.9060349464416504,0.919,1.0,0.069,0.79,full_frame,True,0.1497635118663311,0.8060349464416504,0.0442015416920185,Organic,organic_sudah_benar,Organic,0.0429,0.0011,0.956,Organic,0.159,0.071,0.77
O_11806.jpg,Organic,Organic,0.0435251966118812,0.0338087230920791,0.922666072845459,1.0,0.944,0.508,0.869,full_frame,False,0.0435251966118812,0.922666072845459,0.0338087230920791,Organic,organic_sudah_benar,Organic,0.0783,0.0019,0.9198,Organic,0.0323,0.2346,0.7331
O_11818.jpg,Organic,Organic,0.0641729310154914,0.0352276749908924,0.9005994200706482,0.778,0.936,0.484,0.694,full_frame,False,0.0641729310154914,0.9005994200706482,0.0352276749908924,Organic,organic_sudah_benar,Organic,0.1156,0.0016,0.8827,Organic,0.0627,0.067,0.8703
O_11822.jpg,Organic,Organic,0.0458535738289356,0.0656237602233886,0.8885226249694824,1.0,1.0,0.323,0.701,full_frame,True,0.1458535738289356,0.7885226249694824,0.0656238012015819,Organic,organic_sudah_benar,Organic,0.027,0.0009,0.9721,Organic,0.0338,0.1247,0.8415
O_11823.jpg,Organic,Organic,0.2564848959445953,0.0990992709994316,0.6444158554077148,0.094,0.155,0.48,0.204,background_terpisah,False,0.2564848959445953,0.6444158554077148,0.0990992709994316,Organic,organic_sudah_benar,Recyclable,0.7149,0.0005,0.2846,Organic,0.0217,0.0566,0.9216
O_11825.jpg,Organic,Organic,0.0612383820116519,0.0501296520233154,0.8886319994926453,0.456,0.342,0.616,0.433,perlu_cek_manual,False,0.0612383820116519,0.8886319994926453,0.0501296520233154,Organic,organic_sudah_benar,Organic,0.2761,0.0024,0.7215,Organic,0.0556,0.0571,0.8872
O_11836.jpg,Organic,Organic,0.0953919813036918,0.0462671108543872,0.858340859413147,0.216,0.84,0.407,0.397,perlu_cek_manual,False,0.0953919813036918,0.858340859413147,0.0462671108543872,Organic,organic_sudah_benar,Organic,0.1716,0.0126,0.8158,Organic,0.1011,0.0717,0.8272
O_11838.jpg,Organic,Organic,0.0690706819295883,0.0298885367810726,0.9010407328605652,1.0,0.919,0.478,0.686,full_frame,False,0.0690706819295883,0.9010407328605652,0.0298885367810726,Organic,organic_sudah_benar,Organic,0.0366,0.0047,0.9587,Organic,0.0141,0.088,0.8978
O_11839.jpg,Organic,Organic,0.0843023210763931,0.0307992920279502,0.8848984241485596,1.0,1.0,0.0,0.8,full_frame,True,0.1843023210763931,0.7848984241485596,0.0307992547750473,Organic,organic_sudah_benar,Organic,0.0697,0.0004,0.9298,Organic,0.0189,0.1289,0.8523
O_11840.jpg,Organic,Organic,0.023287110030651,0.017286229878664,0.9594265818595886,1.0,0.972,0.447,0.712,full_frame,False,0.023287110030651,0.9594265818595886,0.017286229878664,Organic,organic_sudah_benar,Organic,0.3112,0.0097,0.6791,Organic,0.036,0.1755,0.7885
O_11847.jpg,Organic,Organic,0.0260461196303367,0.0184092354029417,0.955544650554657,0.919,0.985,0.352,0.659,full_frame,False,0.0260461196303367,0.955544650554657,0.0184092354029417,Organic,organic_sudah_benar,Organic,0.0143,0.0005,0.9852,Organic,0.187,0.1429,0.6701
O_11849.jpg,Organic,Organic,0.0551627352833747,0.0661808028817176,0.8786564469337463,1.0,1.0,0.193,0.724,full_frame,True,0.1551627352833748,0.7786564469337464,0.0661808177828788,Organic,organic_sudah_benar,Organic,0.079,0.0106,0.9104,Organic,0.0313,0.2257,0.743
O_1185.jpg,Organic,Organic,0.1060068905353546,0.0474450960755348,0.8465479612350464,0.762,0.987,0.423,0.753,full_frame,False,0.1060068905353546,0.8465479612350464,0.0474450960755348,Organic,organic_sudah_benar,Organic,0.1402,0.0003,0.8595,Organic,0.037,0.1094,0.8535
O_11857.jpg,Organic,Organic,0.056582324206829,0.0173206776380538,0.92609703540802,0.855,0.988,0.274,0.667,full_frame,True,0.156582324206829,0.82609703540802,0.0173206403851509,Organic,organic_sudah_benar,Organic,0.0146,0.0003,0.9851,Organic,0.017,0.2154,0.7676
O_11868.jpg,Organic,Organic,0.0612582638859748,0.0288504306226968,0.9098913669586182,0.883,0.924,0.256,0.554,perlu_cek_manual,False,0.0612582638859748,0.9098913669586182,0.0288504306226968,Organic,organic_sudah_benar,Organic,0.0347,0.0011,0.9642,Organic,0.0423,0.174,0.7837
O_1188.jpg,Organic,Organic,0.0888675525784492,0.0736257135868072,0.8375068306922913,1.0,0.985,0.393,0.844,full_frame,False,0.0888675525784492,0.8375068306922913,0.0736257135868072,Organic,organic_sudah_benar,Organic,0.4454,0.0074,0.5472,Electronic,0.2066,0.528,0.2654
O_11882.jpg,Organic,Organic,0.2686757147312164,0.0365070924162864,0.6948171854019165,0.194,0.836,0.567,0.359,perlu_cek_manual,False,0.2686757147312164,0.6948171854019165,0.0365070924162864,Organic,organic_sudah_benar,Organic,0.1108,0.0012,0.888,Organic,0.0316,0.1296,0.8388
O_11885.jpg,Organic,Organic,0.1861793547868728,0.0621887743473053,0.7516317963600159,0.246,0.917,0.318,0.476,perlu_cek_manual,False,0.1861793547868728,0.7516317963600159,0.0621887743473053,Organic,organic_sudah_benar,Organic,0.2346,0.0039,0.7615,Organic,0.0861,0.1461,0.7678
O_11890.jpg,Organic,Organic,0.0356571339070797,0.027148250490427,0.937194526195526,1.0,1.0,0.0,0.794,full_frame,True,0.1356571339070797,0.8371945261955261,0.0271483398973941,Organic,organic_sudah_benar,Organic,0.4277,0.001,0.5713,Organic,0.0285,0.0139,0.9575
O_1190.jpg,Organic,Organic,0.4737865626811981,0.0291209481656551,0.4970925152301788,0.459,0.871,0.189,0.531,perlu_cek_manual,False,0.4737865626811981,0.4970925152301788,0.0291209481656551,Organic,organic_sudah_benar,Organic,0.0278,0.0,0.9722,Electronic,0.0554,0.5084,0.4362
O_11900.jpg,Organic,Organic,0.0354480370879173,0.023099735379219,0.9414522647857666,0.053,0.682,0.313,0.237,background_terpisah,False,0.0354480370879173,0.9414522647857666,0.023099735379219,Organic,organic_sudah_benar,Organic,0.0164,0.0006,0.983,Organic,0.0326,0.262,0.7054
O_11908.jpg,Organic,Organic,0.0401793345808982,0.0194913949817419,0.9403293132781982,1.0,0.97,0.514,0.739,full_frame,False,0.0401793345808982,0.9403293132781982,0.0194913949817419,Organic,organic_sudah_benar,Organic,0.201,0.002,0.7971,Organic,0.0488,0.0364,0.9148
O_1191.jpg,Organic,Organic,0.0282924678176641,0.0422485172748565,0.9294589757919312,0.165,0.39,0.491,0.283,background_terpisah,False,0.0282924678176641,0.9294589757919312,0.0422485172748565,Organic,organic_sudah_benar,Organic,0.0043,0.0001,0.9957,Electronic,0.1196,0.4565,0.4239
O_11919.jpg,Organic,Organic,0.0534688495099544,0.0240493919700384,0.9224817156791688,1.0,1.0,0.326,0.792,full_frame,True,0.1534688495099544,0.8224817156791687,0.0240494348108768,Organic,organic_sudah_benar,Organic,0.2623,0.0017,0.7359,Organic,0.0318,0.0538,0.9144
O_1192.jpg,Organic,Organic,0.0217669941484928,0.0271618254482746,0.9510711431503296,1.0,0.979,0.334,0.733,full_frame,True,0.1217669941484928,0.8510711431503296,0.0271618627011775,Organic,organic_sudah_benar,Organic,0.3309,0.1051,0.564,Organic,0.0445,0.4121,0.5433
O_11927.jpg,Organic,Organic,0.0247890520840883,0.0081194378435611,0.9670915007591248,0.904,0.96,0.44,0.686,full_frame,False,0.0247890520840883,0.9670915007591248,0.0081194378435611,Organic,organic_sudah_benar,Organic,0.1104,0.014,0.8756,Organic,0.0333,0.2093,0.7574
O_1193.jpg,Organic,Organic,0.3354418277740478,0.0185246374458074,0.646033525466919,0.335,0.375,0.401,0.294,background_terpisah,False,0.3354418277740478,0.646033525466919,0.0185246374458074,Organic,organic_sudah_benar,Organic,0.1148,0.0,0.8852,Organic,0.061,0.1729,0.7662
O_11934.jpg,Organic,Organic,0.0936369001865387,0.0119680752977728,0.8943949341773987,0.842,0.863,0.423,0.61,perlu_cek_manual,False,0.0936369001865387,0.8943949341773987,0.0119680752977728,Organic,organic_sudah_benar,Organic,0.0771,0.009,0.9139,Organic,0.3012,0.1687,0.5301
O_11938.jpg,Organic,Organic,0.1118591204285621,0.017940005287528,0.8702009320259094,0.416,0.877,0.417,0.47,perlu_cek_manual,False,0.1118591204285621,0.8702009320259094,0.017940005287528,Organic,organic_sudah_benar,Organic,0.0668,0.0017,0.9315,Organic,0.0792,0.0559,0.8649
O_11954.jpg,Organic,Organic,0.1198557168245315,0.0209949370473623,0.8591492772102356,0.744,0.891,0.452,0.635,perlu_cek_manual,False,0.1198557168245315,0.8591492772102356,0.0209949370473623,Organic,organic_sudah_benar,Organic,0.0132,0.0068,0.98,Organic,0.03,0.1596,0.8104
O_11962.jpg,Organic,Organic,0.0900036767125129,0.0872754082083702,0.8227208256721497,1.0,1.0,0.142,0.681,full_frame,True,0.1900036767125129,0.7227208256721497,0.0872754976153373,Organic,organic_sudah_benar,Organic,0.0152,0.0014,0.9834,Organic,0.0775,0.0587,0.8637
O_11964.jpg,Organic,Organic,0.0607729703187942,0.0830721855163574,0.8561547994613647,1.0,1.0,0.517,0.729,full_frame,False,0.0607729703187942,0.8561547994613647,0.0830721855163574,Organic,organic_sudah_benar,Organic,0.4152,0.0134,0.5713,Organic,0.0526,0.0936,0.8538
O_11974.jpg,Organic,Organic,0.0617642812430858,0.0715425387024879,0.8666931986808777,0.147,0.918,0.097,0.324,background_terpisah,False,0.0617642812430858,0.8666931986808777,0.0715425387024879,Organic,organic_sudah_benar,Organic,0.0496,0.0029,0.9474,Organic,0.0121,0.0127,0.9752
O_11975.jpg,Organic,Organic,0.0383975952863693,0.0224944502115249,0.9391079545021056,0.312,0.953,0.384,0.607,perlu_cek_manual,False,0.0383975952863693,0.9391079545021056,0.0224944502115249,Organic,organic_sudah_benar,Organic,0.2091,0.0068,0.7841,Organic,0.1582,0.0287,0.8131
O_11976.jpg,Organic,Organic,0.0963284075260162,0.0174719374626874,0.8861997127532959,0.795,1.0,0.0,0.689,full_frame,True,0.1963284075260162,0.7861997127532959,0.0174718797206878,Organic,organic_sudah_benar,Organic,0.2264,0.0027,0.771,Organic,0.1333,0.2612,0.6054
O_11977.jpg,Organic,Organic,0.1852449625730514,0.048479676246643,0.7662753462791443,0.948,0.841,0.003,0.622,perlu_cek_manual,False,0.1852449625730514,0.7662753462791443,0.048479676246643,Organic,organic_sudah_benar,Recyclable,0.7369,0.0266,0.2364,Organic,0.0389,0.0745,0.8866
O_11980.jpg,Organic,Organic,0.0984875187277793,0.2722608745098114,0.6292515397071838,0.997,0.998,0.16,0.772,full_frame,True,0.1984875187277794,0.5292515397071839,0.2722609415650368,Organic,organic_sudah_benar,Organic,0.1306,0.003,0.8664,Organic,0.1202,0.1598,0.72
O_11988.jpg,Organic,Organic,0.0445582382380962,0.0314398221671581,0.924001932144165,1.0,1.0,0.544,0.909,full_frame,False,0.0445582382380962,0.924001932144165,0.0314398221671581,Organic,organic_sudah_benar,Organic,0.1012,0.0004,0.8984,Organic,0.0222,0.375,0.6029
O_11992.jpg,Organic,Organic,0.0712587982416153,0.1357107311487198,0.7930303812026978,0.367,0.82,0.554,0.678,full_frame,False,0.0712587982416153,0.7930303812026978,0.1357107311487198,Organic,organic_sudah_benar,Organic,0.1855,0.0084,0.8061,Organic,0.1754,0.0457,0.7789
O_11998.jpg,Organic,Organic,0.1092255711555481,0.0600353777408599,0.8307390809059143,1.0,1.0,0.628,0.855,full_frame,False,0.1092255711555481,0.8307390809059143,0.0600353777408599,Organic,organic_sudah_benar,Organic,0.1316,0.0009,0.8675,Organic,0.1078,0.2063,0.6859
O_12006.jpg,Organic,Organic,0.1204083561897277,0.0726066008210182,0.806985080242157,0.223,0.343,0.555,0.388,perlu_cek_manual,False,0.1204083561897277,0.806985080242157,0.0726066008210182,Organic,organic_sudah_benar,Recyclable,0.7775,0.0026,0.2198,Organic,0.0822,0.1019,0.8159
O_12007.jpg,Organic,Organic,0.0402341745793819,0.0175637546926736,0.9422019720077516,1.0,0.991,0.178,0.834,full_frame,True,0.1402341745793819,0.8422019720077515,0.0175638534128665,Organic,organic_sudah_benar,Organic,0.0876,0.0015,0.9109,Organic,0.0692,0.1668,0.764
O_12010.jpg,Organic,Organic,0.0733446106314659,0.0452485866844654,0.881406843662262,1.0,1.0,0.525,0.765,full_frame,False,0.0733446106314659,0.881406843662262,0.0452485866844654,Organic,organic_sudah_benar,Organic,0.022,0.0091,0.9689,Organic,0.0758,0.0763,0.8479
O_12011.jpg,Organic,Organic,0.0679553598165512,0.0380416139960289,0.8940029740333557,1.0,0.988,0.509,0.74,full_frame,False,0.0679553598165512,0.8940029740333557,0.0380416139960289,Organic,organic_sudah_benar,Organic,0.0747,0.0085,0.9168,Organic,0.0045,0.0932,0.9023
O_12020.jpg,Organic,Organic,0.0851488411426544,0.0284522324800491,0.8863989114761353,0.921,0.984,0.562,0.801,full_frame,False,0.0851488411426544,0.8863989114761353,0.0284522324800491,Organic,organic_sudah_benar,Organic,0.263,0.0107,0.7262,Organic,0.154,0.0753,0.7707
O_12032.jpg,Organic,Organic,0.0598507858812809,0.0366901643574237,0.9034590125083924,0.803,0.945,0.494,0.657,full_frame,False,0.0598507858812809,0.9034590125083924,0.0366901643574237,Organic,organic_sudah_benar,Organic,0.1061,0.0178,0.8762,Organic,0.0142,0.0403,0.9455
O_12033.jpg,Organic,Organic,0.0316653028130531,0.0562262311577796,0.9121084809303284,0.752,0.905,0.475,0.665,full_frame,False,0.0316653028130531,0.9121084809303284,0.0562262311577796,Organic,organic_sudah_benar,Organic,0.0745,0.0277,0.8979,Organic,0.0646,0.2352,0.7002
O_12036.jpg,Organic,Organic,0.0767848342657089,0.038307424634695,0.8849076628684998,0.401,0.913,0.072,0.478,perlu_cek_manual,False,0.0767848342657089,0.8849076628684998,0.038307424634695,Organic,organic_sudah_benar,Organic,0.1275,0.0015,0.871,Organic,0.0112,0.2527,0.7361
O_1204.jpg,Organic,Organic,0.1171789467334747,0.021462645381689,0.8613583445549011,0.655,0.871,0.444,0.58,perlu_cek_manual,False,0.1171789467334747,0.8613583445549011,0.021462645381689,Organic,organic_sudah_benar,Organic,0.4627,0.025,0.5123,Organic,0.0116,0.155,0.8334
O_12042.jpg,Organic,Organic,0.0614801086485385,0.0415036231279373,0.8970162272453308,0.926,0.986,0.357,0.67,full_frame,False,0.0614801086485385,0.8970162272453308,0.0415036231279373,Organic,organic_sudah_benar,Organic,0.2414,0.0035,0.7551,Organic,0.0117,0.0448,0.9435
O_12064.jpg,Organic,Organic,0.0489575900137424,0.0385079607367515,0.912534475326538,0.567,0.925,0.246,0.404,perlu_cek_manual,False,0.0489575900137424,0.912534475326538,0.0385079607367515,Organic,organic_sudah_benar,Organic,0.2189,0.0311,0.75,Organic,0.127,0.1711,0.7019
O_12065.jpg,Organic,Organic,0.0489650778472423,0.0350815504789352,0.9159532785415648,0.887,0.55,0.679,0.59,perlu_cek_manual,False,0.0489650778472423,0.9159532785415648,0.0350815504789352,Organic,organic_sudah_benar,Organic,0.3548,0.0007,0.6444,Organic,0.0259,0.0506,0.9234
O_12075.jpg,Organic,Organic,0.0194196626543998,0.0342334173619747,0.946346879005432,1.0,1.0,0.223,0.785,full_frame,True,0.1194196626543998,0.8463468790054322,0.034233458340168,Organic,organic_sudah_benar,Organic,0.3856,0.0043,0.6101,Organic,0.099,0.1926,0.7084
O_12077.jpg,Organic,Organic,0.0172256510704755,0.0218447539955377,0.9609296321868896,0.713,1.0,0.354,0.785,full_frame,False,0.0172256510704755,0.9609296321868896,0.0218447539955377,Organic,organic_sudah_benar,Organic,0.114,0.0248,0.8611,Organic,0.073,0.1352,0.7919
O_12080.jpg,Organic,Organic,0.0680609866976738,0.0163225643336772,0.9156163930892944,0.191,0.873,0.165,0.391,perlu_cek_manual,False,0.0680609866976738,0.9156163930892944,0.0163225643336772,Organic,organic_sudah_benar,Recyclable,0.6195,0.0281,0.3524,Organic,0.0796,0.1573,0.7631
O_12086.jpg,Organic,Organic,0.0434458516538143,0.0404830425977706,0.9160709977149964,1.0,0.735,0.459,0.614,perlu_cek_manual,False,0.0434458516538143,0.9160709977149964,0.0404830425977706,Organic,organic_sudah_benar,Organic,0.0638,0.003,0.9332,Organic,0.1135,0.1293,0.7573
O_12094.jpg,Organic,Organic,0.0702134892344474,0.0398594997823238,0.8899269700050354,0.641,0.762,0.598,0.531,perlu_cek_manual,False,0.0702134892344474,0.8899269700050354,0.0398594997823238,Organic,organic_sudah_benar,Organic,0.1302,0.0044,0.8654,Organic,0.0519,0.23,0.7181
O_12097.jpg,Organic,Organic,0.0617515966296196,0.0484078638255596,0.8898405432701111,1.0,0.963,0.0,0.653,full_frame,True,0.1617515966296196,0.7898405432701111,0.0484078601002693,Organic,organic_sudah_benar,Organic,0.2794,0.0084,0.7122,Organic,0.0172,0.1344,0.8484
O_12101.jpg,Organic,Organic,0.335044264793396,0.0631571859121322,0.6017984747886658,0.092,0.319,0.447,0.25,background_terpisah,False,0.335044264793396,0.6017984747886658,0.0631571859121322,Organic,organic_sudah_benar,Organic,0.0821,0.0047,0.9132,Organic,0.0243,0.0188,0.9569
O_12107.jpg,Organic,Organic,0.0641926601529121,0.0126906456425786,0.9231166839599608,0.856,1.0,0.41,0.807,full_frame,False,0.0641926601529121,0.9231166839599608,0.0126906456425786,Organic,organic_sudah_benar,Organic,0.4637,0.0109,0.5254,Organic,0.1075,0.2976,0.5949
O_12117.jpg,Organic,Organic,0.0854694843292236,0.0459133312106132,0.8686171174049377,0.45,0.79,0.514,0.43,perlu_cek_manual,False,0.0854694843292236,0.8686171174049377,0.0459133312106132,Organic,organic_sudah_benar,Organic,0.3863,0.0244,0.5894,Organic,0.0534,0.0716,0.875
O_12124.jpg,Organic,Organic,0.0735885053873062,0.0393855199217796,0.8870259523391724,0.476,0.521,0.561,0.495,perlu_cek_manual,False,0.0735885053873062,0.8870259523391724,0.0393855199217796,Organic,organic_sudah_benar,Organic,0.2046,0.0012,0.7942,Organic,0.1102,0.3361,0.5537
O_12128.jpg,Organic,Organic,0.0565096773207187,0.0787073597311973,0.8647829294204712,0.994,0.989,0.474,0.702,full_frame,False,0.0565096773207187,0.8647829294204712,0.0787073597311973,Organic,organic_sudah_benar,Organic,0.1022,0.0112,0.8866,Organic,0.0187,0.1922,0.789
O_12149.jpg,Organic,Organic,0.1371579319238662,0.0774550288915634,0.7853870987892151,1.0,1.0,0.374,0.634,perlu_cek_manual,False,0.1371579319238662,0.7853870987892151,0.0774550288915634,Organic,organic_sudah_benar,Organic,0.3562,0.0008,0.643,Organic,0.0525,0.1795,0.7681
O_12151.jpg,Organic,Organic,0.142779916524887,0.0796759948134422,0.7775440812110901,0.057,0.504,0.426,0.216,background_terpisah,False,0.142779916524887,0.7775440812110901,0.0796759948134422,Organic,organic_sudah_benar,Recyclable,0.5638,0.012,0.4242,Organic,0.2155,0.2149,0.5696
O_12154.jpg,Organic,Organic,0.0248562786728143,0.0176947079598903,0.9574490189552308,0.978,1.0,0.0,0.779,full_frame,True,0.1248562786728143,0.8574490189552307,0.0176947023719549,Organic,organic_sudah_benar,Organic,0.0266,0.0016,0.9718,Organic,0.0132,0.07,0.9167
O_12155.jpg,Organic,Organic,0.0866028741002082,0.0734452828764915,0.8399518132209778,0.754,0.889,0.394,0.613,perlu_cek_manual,False,0.0866028741002082,0.8399518132209778,0.0734452828764915,Organic,organic_sudah_benar,Organic,0.3589,0.0184,0.6228,Organic,0.105,0.0897,0.8053
O_1217.jpg,Organic,Organic,0.0514098405838012,0.0267583560198545,0.9218318462371826,0.863,0.998,0.282,0.815,full_frame,True,0.1514098405838012,0.8218318462371826,0.0267583131790161,Organic,organic_sudah_benar,Organic,0.2998,0.0066,0.6936,Organic,0.0153,0.1942,0.7905
O_12170.jpg,Organic,Organic,0.1747278273105621,0.0296619273722171,0.795610249042511,0.076,0.22,0.285,0.156,background_terpisah,False,0.1747278273105621,0.795610249042511,0.0296619273722171,Organic,organic_sudah_benar,Recyclable,0.7595,0.0013,0.2393,Organic,0.3258,0.2802,0.394
O_12188.jpg,Organic,Organic,0.034099206328392,0.0198169108480215,0.9460839033126832,0.761,0.945,0.035,0.623,perlu_cek_manual,False,0.034099206328392,0.9460839033126832,0.0198169108480215,Organic,organic_sudah_benar,Organic,0.3214,0.0028,0.6758,Organic,0.0351,0.1008,0.8641
O_12194.jpg,Organic,Organic,0.0431451499462127,0.050587311387062,0.906267523765564,0.939,0.85,0.371,0.679,full_frame,False,0.0431451499462127,0.906267523765564,0.050587311387062,Organic,organic_sudah_benar,Organic,0.0973,0.0051,0.8976,Organic,0.0663,0.2112,0.7225
O_12196.jpg,Organic,Organic,0.0938024744391441,0.1280887275934219,0.7781087160110474,1.0,0.931,0.579,0.775,full_frame,False,0.0938024744391441,0.7781087160110474,0.1280887275934219,Organic,organic_sudah_benar,Recyclable,0.5109,0.0042,0.4848,Organic,0.0416,0.0668,0.8916
O_12198.jpg,Organic,Organic,0.0389461293816566,0.0443831868469715,0.9166706204414368,0.575,0.864,0.456,0.544,perlu_cek_manual,False,0.0389461293816566,0.9166706204414368,0.0443831868469715,Organic,organic_sudah_benar,Recyclable,0.5112,0.0007,0.4881,Organic,0.0338,0.2288,0.7374
O_122.jpg,Organic,Organic,0.1322207897901535,0.1031851842999458,0.7645940184593201,0.161,0.862,0.295,0.514,perlu_cek_manual,False,0.1322207897901535,0.7645940184593201,0.1031851842999458,Organic,organic_sudah_benar,Organic,0.033,0.0004,0.9666,Recyclable,0.4476,0.1987,0.3537
O_12201.jpg,Organic,Organic,0.0281534343957901,0.0319060683250427,0.9399405121803284,0.979,0.958,0.491,0.708,full_frame,False,0.0281534343957901,0.9399405121803284,0.0319060683250427,Organic,organic_sudah_benar,Organic,0.0253,0.0017,0.973,Organic,0.0156,0.0795,0.9049
O_12204.jpg,Organic,Organic,0.0976021587848663,0.0596975497901439,0.8427002429962158,0.611,0.934,0.419,0.551,perlu_cek_manual,False,0.0976021587848663,0.8427002429962158,0.0596975497901439,Organic,organic_sudah_benar,Organic,0.4291,0.0021,0.5688,Organic,0.0753,0.2533,0.6714
O_12222.jpg,Organic,Organic,0.0461097583174705,0.0394192263484001,0.9144709706306458,1.0,1.0,0.639,0.812,full_frame,False,0.0461097583174705,0.9144709706306458,0.0394192263484001,Organic,organic_sudah_benar,Organic,0.2252,0.005,0.7698,Organic,0.0491,0.1325,0.8183
O_12223.jpg,Organic,Organic,0.1222682148218154,0.0458370521664619,0.8318947553634644,0.601,0.964,0.294,0.571,perlu_cek_manual,False,0.1222682148218154,0.8318947553634644,0.0458370521664619,Organic,organic_sudah_benar,Organic,0.4532,0.0029,0.5438,Organic,0.071,0.1754,0.7536
O_12226.jpg,Organic,Organic,0.1097615212202072,0.0378476865589618,0.8523908257484436,0.943,0.994,0.404,0.773,full_frame,False,0.1097615212202072,0.8523908257484436,0.0378476865589618,Organic,organic_sudah_benar,Organic,0.1317,0.0014,0.867,Organic,0.1035,0.1789,0.7176
O_12228.jpg,Organic,Organic,0.0520199574530124,0.0495606549084186,0.8984193801879883,0.871,0.777,0.574,0.677,full_frame,False,0.0520199574530124,0.8984193801879883,0.0495606549084186,Organic,organic_sudah_benar,Organic,0.0186,0.0185,0.9629,Organic,0.0632,0.2006,0.7362
O_1223.jpg,Organic,Organic,0.0513295903801918,0.0500728785991668,0.8985975980758667,0.711,0.985,0.184,0.747,full_frame,True,0.1513295903801918,0.7985975980758667,0.0500728115439415,Organic,organic_sudah_benar,Organic,0.1166,0.0036,0.8798,Organic,0.0677,0.1024,0.8298
O_12232.jpg,Organic,Organic,0.0714562833309173,0.0246841646730899,0.9038594961166382,0.907,0.973,0.431,0.844,full_frame,False,0.0714562833309173,0.9038594961166382,0.0246841646730899,Organic,organic_sudah_benar,Organic,0.1565,0.0017,0.8418,Electronic,0.1033,0.5046,0.3921
O_12238.jpg,Organic,Organic,0.0211027208715677,0.0515999794006347,0.9272972345352172,1.0,0.998,0.468,0.751,full_frame,False,0.0211027208715677,0.9272972345352172,0.0515999794006347,Organic,organic_sudah_benar,Recyclable,0.5263,0.0143,0.4594,Organic,0.0235,0.121,0.8555
O_12239.jpg,Organic,Organic,0.1559617668390274,0.0376249440014362,0.8064132332801819,1.0,0.99,0.431,0.696,full_frame,False,0.1559617668390274,0.8064132332801819,0.0376249440014362,Organic,organic_sudah_benar,Organic,0.3783,0.0049,0.6168,Organic,0.1217,0.0734,0.8049
O_12244.jpg,Organic,Organic,0.2153446823358535,0.0340555310249328,0.7505998015403748,0.11,0.243,0.354,0.192,background_terpisah,False,0.2153446823358535,0.7505998015403748,0.0340555310249328,Organic,organic_sudah_benar,Organic,0.3987,0.003,0.5983,Organic,0.2434,0.2752,0.4813
O_12245.jpg,Organic,Organic,0.3029625713825226,0.0210952293127775,0.6759421825408936,0.984,0.973,0.338,0.68,full_frame,True,0.4029625713825225,0.5759421825408936,0.0210952460765838,Organic,organic_sudah_benar,Organic,0.1846,0.0027,0.8127,Organic,0.0467,0.1535,0.7998
O_12247.jpg,Organic,Organic,0.0791812017560005,0.0907635167241096,0.8300552368164062,0.344,0.776,0.331,0.48,perlu_cek_manual,False,0.0791812017560005,0.8300552368164062,0.0907635167241096,Organic,organic_sudah_benar,Organic,0.076,0.0172,0.9068,Electronic,0.1384,0.571,0.2906
O_12248.jpg,Organic,Organic,0.0811407566070556,0.0509405359625816,0.8679186105728149,1.0,1.0,0.0,0.781,full_frame,True,0.1811407566070556,0.767918610572815,0.0509406328201293,Organic,organic_sudah_benar,Organic,0.2007,0.0024,0.7969,Organic,0.1587,0.1377,0.7035
O_12252.jpg,Organic,Organic,0.0232445355504751,0.0443981252610683,0.9323573112487792,1.0,0.966,0.499,0.723,full_frame,False,0.0232445355504751,0.9323573112487792,0.0443981252610683,Organic,organic_sudah_benar,Organic,0.1112,0.001,0.8878,Organic,0.0639,0.2201,0.716
O_12255.jpg,Organic,Organic,0.0099481251090765,0.0179030504077672,0.9721488356590272,1.0,1.0,0.504,0.717,full_frame,False,0.0099481251090765,0.9721488356590272,0.0179030504077672,Organic,organic_sudah_benar,Organic,0.1667,0.0007,0.8325,Organic,0.0078,0.0665,0.9257
O_12268.jpg,Organic,Organic,0.0662298277020454,0.0255601610988378,0.9082100987434388,1.0,0.96,0.365,0.756,full_frame,False,0.0662298277020454,0.9082100987434388,0.0255601610988378,Organic,organic_sudah_benar,Organic,0.2155,0.0009,0.7836,Organic,0.029,0.0665,0.9045
O_12269.jpg,Organic,Organic,0.0208807829767465,0.0405412539839744,0.9385780692100524,1.0,0.851,0.618,0.842,full_frame,False,0.0208807829767465,0.9385780692100524,0.0405412539839744,Organic,organic_sudah_benar,Organic,0.0433,0.0004,0.9563,Organic,0.0032,0.0229,0.9739
O_12274.jpg,Organic,Organic,0.1042316630482673,0.0845920965075492,0.8111762404441833,1.0,1.0,0.599,0.92,full_frame,False,0.1042316630482673,0.8111762404441833,0.0845920965075492,Organic,organic_sudah_benar,Organic,0.0889,0.002,0.909,Organic,0.048,0.0867,0.8653
O_12277.jpg,Organic,Organic,0.0521310903131961,0.0256918314844369,0.9221770763397216,0.678,0.592,0.44,0.476,perlu_cek_manual,False,0.0521310903131961,0.9221770763397216,0.0256918314844369,Organic,organic_sudah_benar,Organic,0.2921,0.0117,0.6962,Organic,0.1049,0.189,0.706
O_12283.jpg,Organic,Organic,0.0729724168777465,0.0332096852362155,0.8938178420066833,0.806,0.96,0.316,0.604,perlu_cek_manual,False,0.0729724168777465,0.8938178420066833,0.0332096852362155,Organic,organic_sudah_benar,Organic,0.2453,0.0064,0.7483,Organic,0.1158,0.1748,0.7093
O_12290.jpg,Organic,Organic,0.0556757412850856,0.113267071545124,0.8310571908950806,1.0,0.976,0.489,0.82,full_frame,False,0.0556757412850856,0.8310571908950806,0.113267071545124,Organic,organic_sudah_benar,Organic,0.1095,0.0026,0.8879,Organic,0.012,0.0617,0.9264
O_12302.jpg,Organic,Organic,0.1373029500246048,0.0332722663879394,0.8294247388839722,1.0,0.95,0.605,0.896,full_frame,False,0.1373029500246048,0.8294247388839722,0.0332722663879394,Organic,organic_sudah_benar,Organic,0.2443,0.0082,0.7476,Organic,0.071,0.1237,0.8053
O_12306.jpg,Organic,Organic,0.076547659933567,0.0272311177104711,0.8962212204933167,0.697,0.941,0.449,0.526,perlu_cek_manual,False,0.076547659933567,0.8962212204933167,0.0272311177104711,Organic,organic_sudah_benar,Organic,0.392,0.0132,0.5948,Organic,0.045,0.1221,0.8329
O_12311.jpg,Organic,Organic,0.112836554646492,0.0289717055857181,0.858191728591919,1.0,0.896,0.433,0.68,full_frame,False,0.112836554646492,0.858191728591919,0.0289717055857181,Organic,organic_sudah_benar,Recyclable,0.5321,0.0018,0.4661,Organic,0.0627,0.1161,0.8212
O_12322.jpg,Organic,Organic,0.0397082939743995,0.0542477667331695,0.9060439467430116,1.0,0.97,0.466,0.653,full_frame,False,0.0397082939743995,0.9060439467430116,0.0542477667331695,Organic,organic_sudah_benar,Organic,0.2044,0.0032,0.7924,Organic,0.0601,0.1659,0.7741
O_1233.jpg,Organic,Organic,0.0243961345404386,0.0257582291960716,0.9498456120491028,1.0,1.0,0.499,0.9,full_frame,False,0.0243961345404386,0.9498456120491028,0.0257582291960716,Organic,organic_sudah_benar,Organic,0.0038,0.0001,0.9962,Organic,0.0732,0.1213,0.8056
O_12343.jpg,Organic,Organic,0.1070736646652221,0.0644058361649513,0.8285204768180847,0.821,0.955,0.302,0.587,perlu_cek_manual,False,0.1070736646652221,0.8285204768180847,0.0644058361649513,Organic,organic_sudah_benar,Organic,0.115,0.0053,0.8797,Organic,0.0823,0.1578,0.7599
O_12351.jpg,Organic,Organic,0.0961771458387374,0.054913479834795,0.848909318447113,1.0,0.984,0.285,0.554,perlu_cek_manual,False,0.0961771458387374,0.848909318447113,0.054913479834795,Organic,organic_sudah_benar,Organic,0.1446,0.0107,0.8448,Organic,0.1694,0.1822,0.6484
O_12357.jpg,Organic,Organic,0.0333968624472618,0.0355600267648696,0.9310432076454164,1.0,0.971,0.536,0.816,full_frame,False,0.0333968624472618,0.9310432076454164,0.0355600267648696,Organic,organic_sudah_benar,Organic,0.3574,0.004,0.6387,Organic,0.0866,0.4501,0.4633
O_12365.jpg,Organic,Organic,0.0879311934113502,0.0498998649418354,0.8621689081192017,1.0,0.964,0.294,0.822,full_frame,True,0.1879311934113502,0.7621689081192017,0.049899898469448,Organic,organic_sudah_benar,Organic,0.2577,0.0052,0.7371,Organic,0.167,0.2993,0.5337
O_12366.jpg,Organic,Organic,0.113945722579956,0.0499616041779518,0.8360926508903503,0.589,0.862,0.442,0.616,perlu_cek_manual,False,0.113945722579956,0.8360926508903503,0.0499616041779518,Organic,organic_sudah_benar,Organic,0.0802,0.0405,0.8793,Electronic,0.0196,0.6323,0.3481
O_12369.jpg,Organic,Organic,0.202585756778717,0.0344493575394153,0.7629648447036743,0.735,0.947,0.444,0.58,perlu_cek_manual,False,0.202585756778717,0.7629648447036743,0.0344493575394153,Organic,organic_sudah_benar,Recyclable,0.7684,0.0007,0.2309,Organic,0.046,0.121,0.833
O_12378.jpg,Organic,Organic,0.080300860106945,0.0283204838633537,0.8913787007331848,1.0,0.991,0.0,0.722,full_frame,True,0.180300860106945,0.7913787007331848,0.0283204391598701,Organic,organic_sudah_benar,Organic,0.1115,0.0006,0.8879,Organic,0.175,0.3114,0.5136
O_12381.jpg,Organic,Organic,0.0679563358426094,0.0674903616309166,0.8645533323287964,1.0,0.965,0.511,0.655,full_frame,False,0.0679563358426094,0.8645533323287964,0.0674903616309166,Organic,organic_sudah_benar,Organic,0.4634,0.0006,0.536,Organic,0.1128,0.1537,0.7335
O_12382.jpg,Organic,Organic,0.0573269128799438,0.0506737530231475,0.891999363899231,0.894,0.956,0.465,0.751,full_frame,False,0.0573269128799438,0.891999363899231,0.0506737530231475,Organic,organic_sudah_benar,Organic,0.3199,0.0016,0.6785,Organic,0.0265,0.0585,0.915
O_12383.jpg,Organic,Organic,0.1833662986755371,0.0318560935556888,0.7847776412963867,1.0,0.558,0.396,0.581,perlu_cek_manual,False,0.1833662986755371,0.7847776412963867,0.0318560935556888,Organic,organic_sudah_benar,Organic,0.1049,0.0182,0.8768,Organic,0.0874,0.2359,0.6767
O_1239.jpg,Organic,Organic,0.3954690992832184,0.0305863004177808,0.5739445686340332,0.839,0.558,0.486,0.552,perlu_cek_manual,False,0.3954690992832184,0.5739445686340332,0.0305863004177808,Organic,organic_sudah_benar,Organic,0.2568,0.0,0.7431,Electronic,0.0508,0.6258,0.3234
O_12391.jpg,Organic,Organic,0.0371979922056198,0.050234705209732,0.9125673174858092,0.754,0.884,0.386,0.567,perlu_cek_manual,False,0.0371979922056198,0.9125673174858092,0.050234705209732,Organic,organic_sudah_benar,Organic,0.2233,0.0021,0.7747,Organic,0.0379,0.1806,0.7815
O_12392.jpg,Organic,Organic,0.0166344922035932,0.0236306246370077,0.9597347974777222,0.531,0.934,0.358,0.57,perlu_cek_manual,False,0.0166344922035932,0.9597347974777222,0.0236306246370077,Organic,organic_sudah_benar,Organic,0.1412,0.0019,0.8569,Organic,0.0473,0.3365,0.6162
O_12395.jpg,Organic,Organic,0.0515297837555408,0.031503353267908,0.9169669151306152,1.0,0.888,0.467,0.794,full_frame,False,0.0515297837555408,0.9169669151306152,0.031503353267908,Organic,organic_sudah_benar,Organic,0.2515,0.0101,0.7384,Organic,0.0663,0.196,0.7376
O_12424.jpg,Organic,Organic,0.0602273754775524,0.0782619267702102,0.8615107536315918,0.936,1.0,0.143,0.81,full_frame,True,0.1602273754775524,0.7615107536315918,0.0782618708908557,Organic,organic_sudah_benar,Recyclable,0.5505,0.0048,0.4447,Organic,0.3402,0.2692,0.3905
O_12425.jpg,Organic,Organic,0.0928220674395561,0.0236350540071725,0.8835428953170776,0.08,0.241,0.337,0.231,background_terpisah,False,0.0928220674395561,0.8835428953170776,0.0236350540071725,Organic,organic_sudah_benar,Recyclable,0.8096,0.0048,0.1856,Recyclable,0.4505,0.2515,0.298
O_12426.jpg,Organic,Organic,0.0610026381909847,0.051310446113348,0.8876868486404419,0.938,0.844,0.444,0.671,full_frame,False,0.0610026381909847,0.8876868486404419,0.051310446113348,Organic,organic_sudah_benar,Organic,0.363,0.0036,0.6334,Organic,0.2327,0.2135,0.5537
O_12428.jpg,Organic,Organic,0.0559051521122455,0.0684269443154335,0.875667929649353,0.006,0.475,0.385,0.174,background_terpisah,False,0.0559051521122455,0.875667929649353,0.0684269443154335,Organic,organic_sudah_benar,Recyclable,0.5128,0.0029,0.4843,Organic,0.0345,0.0764,0.8891
O_12430.jpg,Organic,Organic,0.1379827708005905,0.0772304311394691,0.7847868204116821,0.501,0.941,0.353,0.526,perlu_cek_manual,False,0.1379827708005905,0.7847868204116821,0.0772304311394691,Organic,organic_sudah_benar,Organic,0.2387,0.0061,0.7552,Organic,0.0717,0.0681,0.8602
O_12439.jpg,Organic,Organic,0.0174733009189367,0.0697482898831367,0.9127784371376038,0.918,0.995,0.568,0.807,full_frame,False,0.0174733009189367,0.9127784371376038,0.0697482898831367,Organic,organic_sudah_benar,Organic,0.1554,0.0049,0.8397,Organic,0.0902,0.4536,0.4562
O_12444.jpg,Organic,Organic,0.2377465218305587,0.0694385468959808,0.6928150057792664,0.024,0.233,0.451,0.144,background_terpisah,False,0.2377465218305587,0.6928150057792664,0.0694385468959808,Organic,organic_sudah_benar,Recyclable,0.5529,0.0028,0.4443,Electronic,0.3023,0.6111,0.0866
O_12459.jpg,Organic,Organic,0.1167995706200599,0.0416607670485973,0.8415396809577942,0.234,0.188,0.505,0.242,background_terpisah,False,0.1167995706200599,0.8415396809577942,0.0416607670485973,Organic,organic_sudah_benar,Organic,0.3548,0.0051,0.6401,Organic,0.0683,0.2278,0.7039
O_12463.jpg,Organic,Organic,0.1126519441604614,0.1173532381653785,0.7699947953224182,1.0,0.978,0.429,0.881,full_frame,False,0.1126519441604614,0.7699947953224182,0.1173532381653785,Organic,organic_sudah_benar,Organic,0.2017,0.0017,0.7966,Organic,0.2871,0.3041,0.4088
O_12464.jpg,Organic,Organic,0.0549560561776161,0.0389159396290779,0.9061279296875,0.107,0.28,0.638,0.294,background_terpisah,False,0.0549560561776161,0.9061279296875,0.0389159396290779,Organic,organic_sudah_benar,Recyclable,0.591,0.0109,0.398,Organic,0.2887,0.1405,0.5708
O_12466.jpg,Organic,Organic,0.0528230480849742,0.0424937531352043,0.9046831727027892,1.0,1.0,0.53,0.685,full_frame,False,0.0528230480849742,0.9046831727027892,0.0424937531352043,Organic,organic_sudah_benar,Recyclable,0.5337,0.002,0.4644,Organic,0.1226,0.0537,0.8237
O_12470.jpg,Organic,Organic,0.0748206377029419,0.0581183359026908,0.8670610189437866,1.0,1.0,0.342,0.868,full_frame,True,0.1748206377029419,0.7670610189437866,0.0581183433532714,Organic,organic_sudah_benar,Organic,0.2979,0.0012,0.7009,Organic,0.0464,0.0757,0.8779
O_12473.jpg,Organic,Organic,0.0946880355477333,0.0713666453957557,0.8339453339576721,0.007,0.125,0.396,0.106,background_terpisah,False,0.0946880355477333,0.8339453339576721,0.0713666453957557,Organic,organic_sudah_benar,Recyclable,0.7329,0.0152,0.2519,Electronic,0.2776,0.4414,0.281
O_12476.jpg,Organic,Organic,0.0570489391684532,0.0259293429553508,0.9170216917991638,1.0,0.929,0.658,0.731,full_frame,False,0.0570489391684532,0.9170216917991638,0.0259293429553508,Organic,organic_sudah_benar,Organic,0.2204,0.0032,0.7764,Organic,0.0542,0.0827,0.863
O_12480.jpg,Organic,Organic,0.10120190680027,0.0848602205514907,0.8139378428459167,0.495,0.942,0.236,0.452,perlu_cek_manual,False,0.10120190680027,0.8139378428459167,0.0848602205514907,Organic,organic_sudah_benar,Recyclable,0.5334,0.0082,0.4584,Organic,0.2891,0.2723,0.4386
O_12481.jpg,Organic,Organic,0.0612414851784706,0.0402208417654037,0.8985376358032227,1.0,0.988,0.447,0.757,full_frame,False,0.0612414851784706,0.8985376358032227,0.0402208417654037,Organic,organic_sudah_benar,Organic,0.0282,0.0022,0.9695,Organic,0.0172,0.1021,0.8807
O_12498.jpg,Organic,Organic,0.0651274845004081,0.1066014692187309,0.8282710313796997,1.0,0.768,0.345,0.691,full_frame,True,0.1651274845004081,0.7282710313796997,0.1066014841198921,Organic,organic_sudah_benar,Organic,0.1377,0.0047,0.8576,Organic,0.1287,0.2566,0.6148
O_12502.jpg,Organic,Organic,0.0294651836156845,0.0263293646275997,0.944205403327942,0.616,1.0,0.0,0.685,full_frame,False,0.0294651836156845,0.944205403327942,0.0263293646275997,Organic,organic_sudah_benar,Recyclable,0.7492,0.0119,0.2389,Organic,0.0869,0.3878,0.5253
O_12508.jpg,Organic,Organic,0.120311290025711,0.0706038624048233,0.8090848326683044,0.115,0.237,0.369,0.224,background_terpisah,False,0.120311290025711,0.8090848326683044,0.0706038624048233,Organic,organic_sudah_benar,Organic,0.0219,0.0002,0.9778,Organic,0.173,0.2233,0.6037
O_1251.jpg,Organic,Organic,0.012216817587614,0.0145387230440974,0.9732445478439332,1.0,0.989,0.171,0.735,full_frame,True,0.112216817587614,0.8732445478439331,0.0145386345684528,Organic,organic_sudah_benar,Organic,0.0096,0.001,0.9894,Organic,0.14,0.2737,0.5863
O_12517.jpg,Organic,Organic,0.0095234792679548,0.0440228320658206,0.9464537501335144,0.715,0.946,0.54,0.758,full_frame,False,0.0095234792679548,0.9464537501335144,0.0440228320658206,Organic,organic_sudah_benar,Organic,0.0117,0.0001,0.9882,Organic,0.1123,0.1277,0.7601
O_1252.jpg,Organic,Organic,0.0089021045714616,0.0353772155940532,0.9557206630706788,0.785,0.994,0.062,0.746,full_frame,True,0.1089021045714616,0.8557206630706787,0.0353772323578596,Organic,organic_sudah_benar,Organic,0.0304,0.0001,0.9696,Organic,0.0374,0.0582,0.9045
O_12521.jpg,Organic,Organic,0.0248124860227108,0.0214211791753768,0.9537662863731384,1.0,1.0,0.546,0.609,perlu_cek_manual,False,0.0248124860227108,0.9537662863731384,0.0214211791753768,Organic,organic_sudah_benar,Organic,0.0631,0.0185,0.9184,Organic,0.0526,0.3159,0.6315
O_12526.jpg,Organic,Organic,0.1120332032442092,0.0687452182173729,0.8192216157913208,0.618,0.926,0.428,0.736,full_frame,False,0.1120332032442092,0.8192216157913208,0.0687452182173729,Organic,organic_sudah_benar,Organic,0.0443,0.0007,0.955,Organic,0.249,0.1201,0.6309
O_12530.jpg,Organic,Organic,0.0281407590955495,0.0239245668053627,0.947934627532959,0.983,0.983,0.0,0.773,full_frame,True,0.1281407590955496,0.847934627532959,0.0239246133714914,Organic,organic_sudah_benar,Organic,0.0016,0.0004,0.998,Organic,0.0589,0.2397,0.7014
O_12533.jpg,Organic,Organic,0.0538393445312976,0.0558633133769035,0.8902973532676697,1.0,1.0,0.0,0.767,full_frame,True,0.1538393445312977,0.7902973532676697,0.0558633022010326,Organic,organic_sudah_benar,Organic,0.0172,0.0011,0.9817,Organic,0.3641,0.1142,0.5217
O_12534.jpg,Organic,Organic,0.1184867173433303,0.0380706191062927,0.8434427380561829,0.989,0.998,0.009,0.768,full_frame,True,0.2184867173433304,0.7434427380561829,0.0380705446004867,Organic,organic_sudah_benar,Organic,0.0021,0.0002,0.9976,Organic,0.2853,0.1425,0.5722
O_12547.jpg,Organic,Organic,0.0489485971629619,0.069497637450695,0.8815538287162781,0.148,0.822,0.4,0.334,background_terpisah,False,0.0489485971629619,0.8815538287162781,0.069497637450695,Organic,organic_sudah_benar,Organic,0.0042,0.0003,0.9954,Organic,0.0894,0.1176,0.793
O_12552.jpg,Organic,Organic,0.0729124546051025,0.0333968065679073,0.8936907649040222,1.0,1.0,0.188,0.794,full_frame,True,0.1729124546051025,0.7936907649040222,0.0333967804908752,Organic,organic_sudah_benar,Organic,0.0032,0.0002,0.9967,Organic,0.1024,0.3291,0.5686
O_1257.jpg,Organic,Organic,0.0420490242540836,0.0187468398362398,0.9392040371894836,1.0,0.977,0.337,0.789,full_frame,True,0.1420490242540836,0.8392040371894837,0.0187469385564327,Organic,organic_sudah_benar,Organic,0.1103,0.0031,0.8866,Organic,0.0566,0.4163,0.5271
O_126.jpg,Organic,Organic,0.3064794242382049,0.0386384092271328,0.6548821926116943,0.926,0.991,0.074,0.622,perlu_cek_manual,False,0.3064794242382049,0.6548821926116943,0.0386384092271328,Organic,organic_sudah_benar,Recyclable,0.7673,0.0729,0.1598,Organic,0.18,0.2476,0.5724
O_1266.jpg,Organic,Organic,0.0235270969569683,0.0246462654322385,0.9518266320228576,0.972,0.98,0.608,0.829,full_frame,False,0.0235270969569683,0.9518266320228576,0.0246462654322385,Organic,organic_sudah_benar,Organic,0.0037,0.0001,0.9962,Electronic,0.2322,0.5486,0.2192
O_1275.jpg,Organic,Organic,0.2811858654022217,0.0277677774429321,0.6910463571548462,0.492,0.901,0.144,0.59,perlu_cek_manual,False,0.2811858654022217,0.6910463571548462,0.0277677774429321,Organic,organic_sudah_benar,Organic,0.0962,0.0131,0.8907,Organic,0.0793,0.4022,0.5185
O_1277.jpg,Organic,Organic,0.1327348202466964,0.0224895067512989,0.8447757363319397,1.0,0.529,0.592,0.636,perlu_cek_manual,False,0.1327348202466964,0.8447757363319397,0.0224895067512989,Organic,organic_sudah_benar,Organic,0.0047,0.0001,0.9952,Organic,0.0242,0.3013,0.6745
O_1280.jpg,Organic,Organic,0.2106738686561584,0.0117315780371427,0.7775945067405701,1.0,0.955,0.133,0.688,full_frame,True,0.3106738686561584,0.6775945067405701,0.0117316246032714,Organic,organic_sudah_benar,Recyclable,0.7536,0.0002,0.2463,Organic,0.0069,0.0798,0.9133
O_1288.jpg,Organic,Organic,0.3915148973464966,0.0758961215615272,0.5325889587402344,0.492,0.977,0.555,0.679,full_frame,False,0.3915148973464966,0.5325889587402344,0.0758961215615272,Organic,organic_sudah_benar,Organic,0.1928,0.0008,0.8065,Organic,0.0119,0.3187,0.6695
O_1289.jpg,Organic,Organic,0.0188334137201309,0.0349383801221847,0.9462281465530396,0.271,0.815,0.464,0.527,perlu_cek_manual,False,0.0188334137201309,0.9462281465530396,0.0349383801221847,Organic,organic_sudah_benar,Organic,0.0255,0.0004,0.9741,Organic,0.0076,0.0854,0.907
O_129.jpg,Organic,Organic,0.0441592670977115,0.0554507561028003,0.9003899097442627,1.0,0.723,0.583,0.792,full_frame,False,0.0441592670977115,0.9003899097442627,0.0554507561028003,Organic,organic_sudah_benar,Organic,0.0049,0.0,0.9951,Organic,0.0068,0.0377,0.9555
O_1313.jpg,Organic,Organic,0.0697769075632095,0.0211629457771778,0.9090601801872252,1.0,1.0,0.019,0.749,full_frame,True,0.1697769075632095,0.8090601801872254,0.0211629122495651,Organic,organic_sudah_benar,Recyclable,0.8632,0.041,0.0958,Organic,0.0147,0.399,0.5863
O_1318.jpg,Organic,Organic,0.0553185492753982,0.0488097220659256,0.8958717584609985,0.134,0.69,0.275,0.312,background_terpisah,False,0.0553185492753982,0.8958717584609985,0.0488097220659256,Organic,organic_sudah_benar,Organic,0.0129,0.0005,0.9867,Organic,0.037,0.1831,0.7799
O_1328.jpg,Organic,Organic,0.0432786084711551,0.0154603170230984,0.9412610530853271,0.999,0.83,0.151,0.724,full_frame,True,0.1432786084711551,0.8412610530853272,0.0154603384435176,Organic,organic_sudah_benar,Organic,0.0161,0.0005,0.9834,Organic,0.0421,0.222,0.736
O_1334.jpg,Organic,Organic,0.1010954231023788,0.0464288815855979,0.8524757027626038,0.96,0.976,0.308,0.744,full_frame,True,0.2010954231023788,0.7524757027626038,0.0464288741350173,Organic,organic_sudah_benar,Organic,0.448,0.0008,0.5512,Organic,0.3662,0.2231,0.4107
O_1336.jpg,Organic,Organic,0.0270530432462692,0.0543357767164707,0.918611228466034,0.727,0.982,0.374,0.707,full_frame,False,0.0270530432462692,0.918611228466034,0.0543357767164707,Organic,organic_sudah_benar,Organic,0.1187,0.0139,0.8673,Organic,0.0196,0.2138,0.7666
O_1341.jpg,Organic,Organic,0.0383994318544864,0.0236707162111997,0.9379298090934752,1.0,1.0,0.128,0.803,full_frame,True,0.1383994318544864,0.8379298090934754,0.0236707590520381,Organic,organic_sudah_benar,Organic,0.0017,0.0003,0.998,Organic,0.0949,0.1563,0.7488
O_1349.jpg,Organic,Organic,0.0960723161697387,0.0459441691637039,0.8579834699630737,1.0,0.847,0.396,0.694,full_frame,False,0.0960723161697387,0.8579834699630737,0.0459441691637039,Organic,organic_sudah_benar,Organic,0.0216,0.0004,0.978,Organic,0.0663,0.2985,0.6352
O_1357.jpg,Organic,Organic,0.1700515151023864,0.0435002483427524,0.7864481806755066,0.988,1.0,0.407,0.699,full_frame,False,0.1700515151023864,0.7864481806755066,0.0435002483427524,Organic,organic_sudah_benar,Organic,0.0228,0.0002,0.977,Organic,0.0293,0.1713,0.7994
O_1358.jpg,Organic,Organic,0.3135256767272949,0.1006703078746795,0.5858039855957031,1.0,0.741,0.232,0.689,full_frame,True,0.4135256767272949,0.4858039855957031,0.1006703376770019,Organic,organic_sudah_benar,Organic,0.0884,0.0305,0.8811,Electronic,0.0531,0.6591,0.2878
O_136.jpg,Organic,Organic,0.0291216634213924,0.0223666746169328,0.9485117197036744,0.062,0.318,0.583,0.352,perlu_cek_manual,False,0.0291216634213924,0.9485117197036744,0.0223666746169328,Organic,organic_sudah_benar,Organic,0.0964,0.0003,0.9034,Organic,0.1927,0.1672,0.6401
O_1361.jpg,Organic,Organic,0.0326217152178287,0.0497981719672679,0.9175800681114196,1.0,0.976,0.549,0.862,full_frame,False,0.0326217152178287,0.9175800681114196,0.0497981719672679,Organic,organic_sudah_benar,Organic,0.0099,0.0002,0.9899,Organic,0.0368,0.1511,0.8121
O_1365.jpg,Organic,Organic,0.0975575372576713,0.0458610206842422,0.8565813899040222,0.718,0.886,0.424,0.689,full_frame,False,0.0975575372576713,0.8565813899040222,0.0458610206842422,Organic,organic_sudah_benar,Organic,0.3563,0.0024,0.6413,Electronic,0.0929,0.5057,0.4014
O_1368.jpg,Organic,Organic,0.0671548694372177,0.0530867390334606,0.8797584176063538,0.533,0.302,0.559,0.402,perlu_cek_manual,False,0.0671548694372177,0.8797584176063538,0.0530867390334606,Organic,organic_sudah_benar,Organic,0.0003,0.0,0.9997,Organic,0.0229,0.4751,0.502
O_1371.jpg,Organic,Organic,0.0273414552211761,0.0330182649195194,0.9396403431892396,1.0,1.0,0.0,0.767,full_frame,True,0.1273414552211761,0.8396403431892395,0.0330182015895843,Organic,organic_sudah_benar,Organic,0.1729,0.0014,0.8257,Organic,0.1013,0.2345,0.6642
O_1372.jpg,Organic,Organic,0.0659712255001068,0.0267326384782791,0.907296061515808,0.956,0.992,0.151,0.797,full_frame,True,0.1659712255001068,0.8072960615158081,0.026732712984085,Organic,organic_sudah_benar,Organic,0.0019,0.003,0.9952,Electronic,0.0437,0.553,0.4034
O_1377.jpg,Organic,Organic,0.3216937184333801,0.0430340319871902,0.6352722644805908,1.0,0.984,0.268,0.785,full_frame,True,0.4216937184333801,0.5352722644805908,0.043034017086029,Organic,organic_sudah_benar,Recyclable,0.745,0.0001,0.2549,Electronic,0.0535,0.492,0.4545
O_1379.jpg,Organic,Organic,0.0777358561754226,0.025311229750514,0.8969529271125793,1.0,0.761,0.636,0.775,full_frame,False,0.0777358561754226,0.8969529271125793,0.025311229750514,Organic,organic_sudah_benar,Recyclable,0.7126,0.0007,0.2868,Organic,0.0178,0.0307,0.9515
O_1386.jpg,Organic,Organic,0.1225347816944122,0.0755396485328674,0.801925539970398,0.457,0.937,0.282,0.529,perlu_cek_manual,False,0.1225347816944122,0.801925539970398,0.0755396485328674,Organic,organic_sudah_benar,Organic,0.0087,0.0001,0.9912,Organic,0.1373,0.217,0.6457
O_1397.jpg,Organic,Organic,0.0424668081104755,0.0096075059846043,0.9479257464408876,1.0,1.0,0.034,0.777,full_frame,True,0.1424668081104755,0.8479257464408875,0.009607445448637,Organic,organic_sudah_benar,Organic,0.3542,0.0152,0.6306,Electronic,0.0423,0.5432,0.4145
O_1401.jpg,Organic,Organic,0.0670340359210968,0.018384113907814,0.9145818948745728,0.97,1.0,0.001,0.787,full_frame,True,0.1670340359210968,0.8145818948745728,0.0183840692043304,Organic,organic_sudah_benar,Organic,0.0122,0.0026,0.9851,Electronic,0.055,0.4897,0.4553
O_1411.jpg,Organic,Organic,0.1668850034475326,0.0307612754404544,0.8023536801338196,0.898,0.924,0.18,0.687,full_frame,True,0.2668850034475326,0.7023536801338196,0.0307613164186477,Organic,organic_sudah_benar,Recyclable,0.877,0.0044,0.1186,Organic,0.0088,0.0816,0.9096
O_1418.jpg,Organic,Organic,0.0380036607384681,0.099280260503292,0.8627160787582397,0.0,0.164,0.484,0.13,background_terpisah,False,0.0380036607384681,0.8627160787582397,0.099280260503292,Organic,organic_sudah_benar,Organic,0.0873,0.0004,0.9122,Organic,0.0354,0.1118,0.8528
O_1429.jpg,Organic,Organic,0.0545566976070404,0.0678756088018417,0.8775676488876343,0.304,0.844,0.434,0.347,background_terpisah,False,0.0545566976070404,0.8775676488876343,0.0678756088018417,Organic,organic_sudah_benar,Organic,0.0217,0.0004,0.9778,Organic,0.1667,0.0584,0.7749
O_1437.jpg,Organic,Organic,0.0208034273236989,0.0287320371717214,0.9504645466804504,0.248,0.739,0.34,0.382,perlu_cek_manual,False,0.0208034273236989,0.9504645466804504,0.0287320371717214,Organic,organic_sudah_benar,Organic,0.0219,0.0004,0.9777,Organic,0.0167,0.082,0.9013
O_1442.jpg,Organic,Organic,0.0525971204042434,0.0435647293925285,0.9038381576538086,1.0,0.616,0.532,0.684,full_frame,False,0.0525971204042434,0.9038381576538086,0.0435647293925285,Organic,organic_sudah_benar,Organic,0.0251,0.0002,0.9747,Organic,0.0188,0.2997,0.6816
O_1451.jpg,Organic,Organic,0.0515695214271545,0.0182730946689844,0.9301573038101196,0.534,0.66,0.438,0.487,perlu_cek_manual,False,0.0515695214271545,0.9301573038101196,0.0182730946689844,Organic,organic_sudah_benar,Organic,0.067,0.0009,0.9321,Organic,0.1434,0.2253,0.6313
O_1452.jpg,Organic,Organic,0.0260901842266321,0.0254670958966016,0.9484426379203796,0.096,0.29,0.364,0.25,background_terpisah,False,0.0260901842266321,0.9484426379203796,0.0254670958966016,Organic,organic_sudah_benar,Organic,0.004,0.0016,0.9943,Electronic,0.112,0.5561,0.332
O_1453.jpg,Organic,Organic,0.1550250947475433,0.058222509920597,0.7867524027824402,0.014,0.114,0.388,0.113,background_terpisah,False,0.1550250947475433,0.7867524027824402,0.058222509920597,Organic,organic_sudah_benar,Organic,0.0241,0.0001,0.9758,Organic,0.1411,0.1704,0.6886
O_1457.jpg,Organic,Organic,0.0757789313793182,0.0541337914764881,0.8700872659683228,0.018,0.646,0.387,0.222,background_terpisah,False,0.0757789313793182,0.8700872659683228,0.0541337914764881,Organic,organic_sudah_benar,Organic,0.0492,0.0005,0.9503,Recyclable,0.4457,0.125,0.4292
O_1459.jpg,Organic,Organic,0.3251374661922455,0.1117953285574913,0.5630671977996826,0.0,0.044,0.388,0.087,background_terpisah,False,0.3251374661922455,0.5630671977996826,0.1117953285574913,Organic,organic_sudah_benar,Organic,0.0185,0.0164,0.9651,Organic,0.3331,0.2262,0.4407
O_1478.jpg,Organic,Organic,0.0474541038274765,0.0610197372734546,0.8915262222290039,0.048,0.703,0.364,0.228,background_terpisah,False,0.0474541038274765,0.8915262222290039,0.0610197372734546,Organic,organic_sudah_benar,Organic,0.1271,0.0004,0.8726,Organic,0.0784,0.3457,0.576
O_148.jpg,Organic,Organic,0.1963673830032348,0.0371345430612564,0.7664980888366699,0.06,0.549,0.588,0.427,perlu_cek_manual,False,0.1963673830032348,0.7664980888366699,0.0371345430612564,Organic,organic_sudah_benar,Organic,0.1585,0.0014,0.8401,Organic,0.1536,0.1927,0.6537
O_1480.jpg,Organic,Organic,0.1068902313709259,0.0338937379419803,0.8592159748077393,0.081,0.49,0.181,0.216,background_terpisah,False,0.1068902313709259,0.8592159748077393,0.0338937379419803,Organic,organic_sudah_benar,Organic,0.0635,0.003,0.9335,Electronic,0.0598,0.5831,0.3571
O_1482.jpg,Organic,Organic,0.2640510201454162,0.1546421349048614,0.5813068151473999,0.043,0.151,0.507,0.163,background_terpisah,False,0.2640510201454162,0.5813068151473999,0.1546421349048614,Organic,organic_sudah_benar,Organic,0.0004,0.0,0.9996,Organic,0.0185,0.1678,0.8137
O_1485.jpg,Organic,Organic,0.1070363894104957,0.0235430430620908,0.86942058801651,0.078,0.82,0.263,0.29,background_terpisah,False,0.1070363894104957,0.86942058801651,0.0235430430620908,Organic,organic_sudah_benar,Recyclable,0.8393,0.0,0.1607,Organic,0.0373,0.1923,0.7705
O_1486.jpg,Organic,Organic,0.0747733861207962,0.118909515440464,0.8063170909881592,0.0,0.019,0.44,0.092,background_terpisah,False,0.0747733861207962,0.8063170909881592,0.118909515440464,Organic,organic_sudah_benar,Organic,0.1451,0.0023,0.8526,Organic,0.0065,0.108,0.8855
O_1489.jpg,Organic,Organic,0.2682750523090362,0.0805106833577156,0.6512142419815063,0.038,0.28,0.348,0.142,background_terpisah,False,0.2682750523090362,0.6512142419815063,0.0805106833577156,Organic,organic_sudah_benar,Organic,0.0161,0.0002,0.9837,Organic,0.0262,0.0303,0.9435
O_1496.jpg,Organic,Organic,0.0586878769099712,0.0373129062354564,0.9039992094039916,0.768,0.673,0.11,0.524,perlu_cek_manual,False,0.0586878769099712,0.9039992094039916,0.0373129062354564,Organic,organic_sudah_benar,Organic,0.0084,0.0,0.9916,Electronic,0.0391,0.6344,0.3264
O_1502.jpg,Organic,Organic,0.0223498977720737,0.078034721314907,0.8996154069900513,0.0,0.024,0.276,0.06,background_terpisah,False,0.0223498977720737,0.8996154069900513,0.078034721314907,Organic,organic_sudah_benar,Organic,0.0508,0.0001,0.9491,Organic,0.0579,0.4388,0.5033
O_1510.jpg,Organic,Organic,0.0804327130317688,0.0266061648726463,0.8929611444473267,1.0,0.561,0.342,0.661,full_frame,True,0.1804327130317688,0.7929611444473267,0.0266061425209045,Organic,organic_sudah_benar,Organic,0.0369,0.0024,0.9606,Recyclable,0.4469,0.2395,0.3136
O_1515.jpg,Organic,Organic,0.091195061802864,0.1124458909034729,0.796359121799469,0.002,0.153,0.286,0.093,background_terpisah,False,0.091195061802864,0.796359121799469,0.1124458909034729,Organic,organic_sudah_benar,Organic,0.0068,0.0,0.9932,Organic,0.1862,0.3337,0.4801
O_1517.jpg,Organic,Organic,0.1750504523515701,0.0778605118393898,0.7470890283584595,0.129,0.23,0.356,0.194,background_terpisah,False,0.1750504523515701,0.7470890283584595,0.0778605118393898,Organic,organic_sudah_benar,Organic,0.169,0.0002,0.8307,Organic,0.1359,0.118,0.7461
O_1522.jpg,Organic,Organic,0.3793421387672424,0.043308351188898,0.5773495435714722,1.0,0.955,0.337,0.767,full_frame,True,0.4793421387672424,0.4773495435714722,0.0433083176612854,Recyclable,organic_sudah_benar,Organic,0.0227,0.0006,0.9767,Organic,0.0154,0.0289,0.9557
O_1527.jpg,Organic,Organic,0.0580180026590824,0.0446871779859066,0.8972948789596558,0.132,0.22,0.44,0.236,background_terpisah,False,0.0580180026590824,0.8972948789596558,0.0446871779859066,Organic,organic_sudah_benar,Organic,0.0258,0.0005,0.9736,Organic,0.0179,0.1048,0.8773
O_1528.jpg,Organic,Organic,0.0305933654308319,0.0568648800253868,0.912541687488556,0.119,0.854,0.201,0.465,perlu_cek_manual,False,0.0305933654308319,0.912541687488556,0.0568648800253868,Organic,organic_sudah_benar,Organic,0.008,0.0014,0.9906,Organic,0.3627,0.175,0.4623
O_1531.jpg,Organic,Organic,0.1414382308721542,0.0668999403715133,0.7916618585586548,1.0,0.348,0.462,0.66,full_frame,False,0.1414382308721542,0.7916618585586548,0.0668999403715133,Organic,organic_sudah_benar,Organic,0.069,0.0004,0.9305,Organic,0.0151,0.0694,0.9155
O_1542.jpg,Organic,Organic,0.0765793472528457,0.0257098581641912,0.8977108597755432,0.002,0.53,0.243,0.155,background_terpisah,False,0.0765793472528457,0.8977108597755432,0.0257098581641912,Organic,organic_sudah_benar,Organic,0.1003,0.0006,0.8991,Organic,0.1157,0.1958,0.6885
O_1546.jpg,Organic,Organic,0.1157210394740104,0.0411932207643985,0.843085765838623,0.0,-0.0,0.238,0.048,background_terpisah,False,0.1157210394740104,0.843085765838623,0.0411932207643985,Organic,organic_sudah_benar,Organic,0.1345,0.0072,0.8583,Electronic,0.1148,0.6424,0.2429
O_1548.jpg,Organic,Organic,0.0295636504888534,0.0869693309068679,0.8834669589996338,0.226,0.342,0.361,0.425,perlu_cek_manual,False,0.0295636504888534,0.8834669589996338,0.0869693309068679,Organic,organic_sudah_benar,Organic,0.1728,0.0004,0.8268,Organic,0.3536,0.2678,0.3785
O_155.jpg,Organic,Organic,0.0789113193750381,0.0848827958106994,0.8362058401107788,0.002,0.303,0.391,0.14,background_terpisah,False,0.0789113193750381,0.8362058401107788,0.0848827958106994,Organic,organic_sudah_benar,Organic,0.0076,0.0007,0.9917,Organic,0.0185,0.0154,0.9661
O_1564.jpg,Organic,Organic,0.3336189389228821,0.126491829752922,0.5398892760276794,0.351,0.391,0.05,0.335,background_terpisah,False,0.3336189389228821,0.5398892760276794,0.126491829752922,Organic,organic_sudah_benar,Recyclable,0.6246,0.0486,0.3268,Electronic,0.1266,0.7297,0.1437
O_1572.jpg,Organic,Organic,0.0142535800114274,0.0530929900705814,0.9326533675193788,0.744,0.883,0.382,0.652,full_frame,False,0.0142535800114274,0.9326533675193788,0.0530929900705814,Organic,organic_sudah_benar,Organic,0.0112,0.0002,0.9886,Organic,0.0038,0.0268,0.9694
O_1579.jpg,Organic,Organic,0.1726030856370926,0.0687101185321807,0.7586867213249207,1.0,0.956,0.328,0.567,perlu_cek_manual,False,0.1726030856370926,0.7586867213249207,0.0687101185321807,Organic,organic_sudah_benar,Organic,0.0861,0.0003,0.9136,Organic,0.1735,0.1687,0.6578
O_1590.jpg,Organic,Organic,0.0634911879897117,0.1238665953278541,0.8126422762870789,0.162,0.272,0.464,0.303,background_terpisah,False,0.0634911879897117,0.8126422762870789,0.1238665953278541,Organic,organic_sudah_benar,Organic,0.0116,0.0021,0.9863,Organic,0.3931,0.1401,0.4668
O_1613.jpg,Organic,Organic,0.4509514272212982,0.0894079506397247,0.459640622138977,0.033,0.189,0.372,0.144,background_terpisah,False,0.4509514272212982,0.459640622138977,0.0894079506397247,Organic,organic_sudah_benar,Organic,0.0137,0.0005,0.9858,Organic,0.1119,0.0942,0.794
O_1614.jpg,Organic,Organic,0.0294934138655662,0.0587932951748371,0.9117132425308228,0.03,0.097,0.164,0.075,background_terpisah,False,0.0294934138655662,0.9117132425308228,0.0587932951748371,Organic,organic_sudah_benar,Organic,0.0035,0.0003,0.9962,Electronic,0.2083,0.5666,0.2251
O_1620.jpg,Organic,Organic,0.0475262738764286,0.044602807611227,0.9078710079193116,0.138,0.341,0.281,0.26,background_terpisah,False,0.0475262738764286,0.9078710079193116,0.044602807611227,Organic,organic_sudah_benar,Organic,0.0574,0.0031,0.9395,Electronic,0.2111,0.4984,0.2906
O_1631.jpg,Organic,Organic,0.0476322174072265,0.0304573364555835,0.9219104647636414,0.41,0.322,0.414,0.366,perlu_cek_manual,False,0.0476322174072265,0.9219104647636414,0.0304573364555835,Organic,organic_sudah_benar,Organic,0.0092,0.0007,0.99,Electronic,0.1329,0.6509,0.2163
O_1634.jpg,Organic,Organic,0.0250938590615987,0.041257556527853,0.933648645877838,0.151,0.37,0.556,0.347,background_terpisah,False,0.0250938590615987,0.933648645877838,0.041257556527853,Organic,organic_sudah_benar,Organic,0.0789,0.0024,0.9187,Recyclable,0.418,0.2413,0.3407
O_1651.jpg,Organic,Organic,0.1825727224349975,0.138345867395401,0.6790814399719238,0.004,0.271,0.108,0.077,background_terpisah,False,0.1825727224349975,0.6790814399719238,0.138345867395401,Organic,organic_sudah_benar,Recyclable,0.4922,0.1413,0.3665,Electronic,0.3323,0.3666,0.3011
O_1664.jpg,Organic,Organic,0.119394727051258,0.0988958701491355,0.7817093729972839,1.0,1.0,0.0,0.767,full_frame,True,0.2193947270512581,0.681709372997284,0.0988958999514579,Organic,organic_sudah_benar,Organic,0.0043,0.0001,0.9956,Organic,0.0195,0.0803,0.9001
O_1686.jpg,Organic,Organic,0.2527385354042053,0.2143417298793792,0.5329197645187378,0.132,0.63,0.267,0.288,background_terpisah,False,0.2527385354042053,0.5329197645187378,0.2143417298793792,Organic,organic_sudah_benar,Organic,0.2808,0.3129,0.4063,Organic,0.0558,0.0343,0.9099
O_1687.jpg,Organic,Organic,0.3379574120044708,0.0510848015546798,0.6109578013420105,0.418,0.363,0.574,0.381,perlu_cek_manual,False,0.3379574120044708,0.6109578013420105,0.0510848015546798,Organic,organic_sudah_benar,Recyclable,0.6507,0.0028,0.3465,Organic,0.0033,0.0222,0.9745
O_1702.jpg,Organic,Organic,0.0361652970314025,0.0277109034359455,0.9361239075660706,0.138,0.278,0.399,0.223,background_terpisah,False,0.0361652970314025,0.9361239075660706,0.0277109034359455,Organic,organic_sudah_benar,Organic,0.0301,0.0007,0.9691,Organic,0.3895,0.166,0.4446
O_1709.jpg,Organic,Organic,0.1326936036348343,0.0194972101598978,0.8478091955184937,0.586,0.948,0.189,0.525,perlu_cek_manual,False,0.1326936036348343,0.8478091955184937,0.0194972101598978,Organic,organic_sudah_benar,Organic,0.0155,0.0001,0.9843,Organic,0.0153,0.0944,0.8904
O_1719.jpg,Organic,Organic,0.3951098918914795,0.1389990597963333,0.4658910632133484,0.463,1.0,0.449,0.729,full_frame,False,0.3951098918914795,0.4658910632133484,0.1389990597963333,Organic,organic_sudah_benar,Organic,0.1108,0.0968,0.7924,Organic,0.0553,0.2302,0.7145
O_1735.jpg,Organic,Organic,0.0502652935683727,0.0154421599581837,0.9342926144599916,0.004,0.09,0.523,0.132,background_terpisah,False,0.0502652935683727,0.9342926144599916,0.0154421599581837,Organic,organic_sudah_benar,Organic,0.1113,0.0006,0.8881,Organic,0.132,0.1604,0.7076
O_1760.jpg,Organic,Organic,0.0398125685751438,0.0289910808205604,0.931196391582489,1.0,0.997,0.143,0.766,full_frame,True,0.1398125685751438,0.831196391582489,0.0289910398423671,Organic,organic_sudah_benar,Organic,0.0105,0.0001,0.9893,Organic,0.1115,0.1897,0.6988
O_1779.jpg,Organic,Organic,0.080560103058815,0.0370017290115356,0.8824381828308105,0.931,0.939,0.312,0.795,full_frame,True,0.180560103058815,0.7824381828308106,0.0370017141103744,Organic,organic_sudah_benar,Organic,0.025,0.0029,0.9722,Organic,0.111,0.2822,0.6068
O_178.jpg,Organic,Organic,0.064299575984478,0.0673745423555374,0.8683258891105652,1.0,1.0,0.3,0.656,full_frame,True,0.164299575984478,0.7683258891105652,0.0673745349049568,Organic,organic_sudah_benar,Organic,0.0062,0.0,0.9937,Recyclable,0.4139,0.3225,0.2636
O_1781.jpg,Organic,Organic,0.0431157425045967,0.0341241881251335,0.9227600693702698,0.0,0.087,0.188,0.055,background_terpisah,False,0.0431157425045967,0.9227600693702698,0.0341241881251335,Organic,organic_sudah_benar,Organic,0.0894,0.0003,0.9103,Electronic,0.2522,0.6102,0.1376
O_18.jpg,Organic,Organic,0.0911844596266746,0.0734456777572631,0.835369884967804,0.21,0.339,0.537,0.386,perlu_cek_manual,False,0.0911844596266746,0.835369884967804,0.0734456777572631,Organic,organic_sudah_benar,Organic,0.1604,0.0135,0.8261,Organic,0.2797,0.0926,0.6277
O_1815.jpg,Organic,Organic,0.0537476018071174,0.0345580279827117,0.9116944074630736,1.0,1.0,0.228,0.846,full_frame,True,0.1537476018071174,0.8116944074630738,0.0345579907298088,Organic,organic_sudah_benar,Organic,0.009,0.0002,0.9908,Organic,0.0328,0.0181,0.9491
O_1818.jpg,Organic,Organic,0.0313277542591095,0.0301369614899158,0.9385353326797484,1.0,1.0,0.0,0.755,full_frame,True,0.1313277542591095,0.8385353326797486,0.0301369130611419,Organic,organic_sudah_benar,Organic,0.0007,0.0,0.9993,Organic,0.0704,0.3524,0.5772
O_1820.jpg,Organic,Organic,0.27960005402565,0.203815683722496,0.5165842175483704,0.005,0.037,0.437,0.102,background_terpisah,False,0.27960005402565,0.5165842175483704,0.203815683722496,Organic,organic_sudah_benar,Recyclable,0.6012,0.0137,0.3852,Organic,0.0336,0.1736,0.7927
O_1824.jpg,Organic,Organic,0.0574353039264678,0.0187841691076755,0.9237805008888244,0.346,0.439,0.348,0.342,background_terpisah,False,0.0574353039264678,0.9237805008888244,0.0187841691076755,Organic,organic_sudah_benar,Organic,0.1027,0.0038,0.8935,Organic,0.0795,0.1103,0.8101
O_1829.jpg,Organic,Organic,0.0336031801998615,0.0272341091185808,0.9391627311706544,0.074,0.316,0.362,0.258,background_terpisah,False,0.0336031801998615,0.9391627311706544,0.0272341091185808,Organic,organic_sudah_benar,Organic,0.008,0.0004,0.9916,Organic,0.181,0.1395,0.6795
O_1855.jpg,Organic,Organic,0.1027509942650795,0.0343044698238372,0.862944483757019,0.017,0.359,0.247,0.144,background_terpisah,False,0.1027509942650795,0.862944483757019,0.0343044698238372,Organic,organic_sudah_benar,Organic,0.0032,0.0001,0.9967,Electronic,0.2183,0.5797,0.202
O_1872.jpg,Organic,Organic,0.030364891514182,0.0652221292257309,0.9044130444526672,1.0,0.964,0.361,0.676,full_frame,False,0.030364891514182,0.9044130444526672,0.0652221292257309,Organic,organic_sudah_benar,Organic,0.0036,0.0001,0.9963,Organic,0.0262,0.0553,0.9185
O_188.jpg,Organic,Organic,0.0619304925203323,0.096759557723999,0.8413099646568298,0.688,0.949,0.164,0.697,full_frame,False,0.0619304925203323,0.8413099646568298,0.096759557723999,Organic,organic_sudah_benar,Organic,0.1666,0.0016,0.8318,Organic,0.0021,0.0096,0.9884
O_1899.jpg,Organic,Organic,0.0275258664041757,0.0299540366977453,0.9425200819969176,0.73,0.942,0.34,0.687,full_frame,True,0.1275258664041757,0.8425200819969177,0.0299540515989065,Organic,organic_sudah_benar,Organic,0.0097,0.0,0.9903,Organic,0.0535,0.1063,0.8402
O_1903.jpg,Organic,Organic,0.1226728931069374,0.1174732446670532,0.7598538398742676,0.989,0.995,0.082,0.786,full_frame,True,0.2226728931069374,0.6598538398742676,0.117473267018795,Organic,organic_sudah_benar,Organic,0.019,0.0001,0.9809,Organic,0.0693,0.2927,0.638
O_1915.jpg,Organic,Organic,0.1414534598588943,0.0549888722598552,0.8035576939582825,0.241,0.386,0.294,0.287,background_terpisah,False,0.1414534598588943,0.8035576939582825,0.0549888722598552,Organic,organic_sudah_benar,Organic,0.0797,0.0008,0.9195,Electronic,0.1544,0.6097,0.2359
O_1923.jpg,Organic,Organic,0.031443428248167,0.0874154195189476,0.8811411261558533,1.0,0.938,0.484,0.884,full_frame,False,0.031443428248167,0.8811411261558533,0.0874154195189476,Organic,organic_sudah_benar,Organic,0.0078,0.0001,0.9922,Organic,0.0147,0.0195,0.9658
O_1931.jpg,Organic,Organic,0.1359775066375732,0.1100673079490661,0.7539551854133606,0.137,0.312,0.543,0.255,background_terpisah,False,0.1359775066375732,0.7539551854133606,0.1100673079490661,Organic,organic_sudah_benar,Organic,0.0043,0.0,0.9957,Organic,0.0602,0.1635,0.7764
O_1945.jpg,Organic,Organic,0.0121532613411545,0.0155477402731776,0.9722989201545716,0.72,0.778,0.444,0.708,full_frame,False,0.0121532613411545,0.9722989201545716,0.0155477402731776,Organic,organic_sudah_benar,Organic,0.0073,0.001,0.9917,Electronic,0.2155,0.6996,0.0849
O_1946.jpg,Organic,Organic,0.0719698369503021,0.0348291881382465,0.8932009339332581,0.122,0.223,0.455,0.216,background_terpisah,False,0.0719698369503021,0.8932009339332581,0.0348291881382465,Organic,organic_sudah_benar,Organic,0.0033,0.0,0.9967,Organic,0.0199,0.1439,0.8362
O_1947.jpg,Organic,Organic,0.0130348848178982,0.0846792012453079,0.902285933494568,0.308,0.651,0.472,0.394,perlu_cek_manual,False,0.0130348848178982,0.902285933494568,0.0846792012453079,Organic,organic_sudah_benar,Organic,0.0661,0.0001,0.9338,Organic,0.1171,0.2591,0.6238
O_1962.jpg,Organic,Organic,0.068141371011734,0.0504749901592731,0.8813835978507996,0.237,0.169,0.747,0.313,background_terpisah,False,0.068141371011734,0.8813835978507996,0.0504749901592731,Organic,organic_sudah_benar,Organic,0.2124,0.0002,0.7873,Electronic,0.0689,0.5874,0.3437
O_1969.jpg,Organic,Organic,0.0521794334053993,0.0646876469254493,0.8831329345703125,1.0,0.927,0.0,0.718,full_frame,True,0.1521794334053993,0.7831329345703125,0.0646876320242881,Organic,organic_sudah_benar,Organic,0.0325,0.0002,0.9673,Organic,0.0493,0.1379,0.8128
O_197.jpg,Organic,Organic,0.089037038385868,0.0580481179058551,0.8529148697853088,0.853,0.953,0.182,0.698,full_frame,True,0.189037038385868,0.7529148697853089,0.058048091828823,Organic,organic_sudah_benar,Organic,0.0207,0.0,0.9793,Organic,0.0188,0.1428,0.8384
O_1971.jpg,Organic,Organic,0.0960878953337669,0.0453495271503925,0.8585625886917114,1.0,0.962,0.198,0.663,full_frame,True,0.1960878953337669,0.7585625886917114,0.0453495159745216,Organic,organic_sudah_benar,Organic,0.0046,0.0001,0.9953,Organic,0.0797,0.166,0.7542
O_1973.jpg,Organic,Organic,0.034884724766016,0.0387688651680946,0.9263463616371156,1.0,0.8,0.442,0.695,full_frame,False,0.034884724766016,0.9263463616371156,0.0387688651680946,Organic,organic_sudah_benar,Organic,0.0477,0.013,0.9393,Organic,0.0285,0.049,0.9225
O_1980.jpg,Organic,Organic,0.0227423217147588,0.0968624129891395,0.8803952932357788,0.473,0.921,0.626,0.751,full_frame,False,0.0227423217147588,0.8803952932357788,0.0968624129891395,Organic,organic_sudah_benar,Recyclable,0.5451,0.0047,0.4501,Electronic,0.3021,0.4965,0.2014
O_1988.jpg,Organic,Organic,0.4301339983940124,0.0471398830413818,0.5227261185646057,0.041,0.42,0.364,0.227,background_terpisah,False,0.4301339983940124,0.5227261185646057,0.0471398830413818,Organic,organic_sudah_benar,Recyclable,0.9801,0.0002,0.0197,Organic,0.0665,0.035,0.8985
O_2.jpg,Organic,Organic,0.0587982572615146,0.1125347539782524,0.8286669254302979,0.001,0.051,0.344,0.079,background_terpisah,False,0.0587982572615146,0.8286669254302979,0.1125347539782524,Organic,organic_sudah_benar,Organic,0.0461,0.0024,0.9515,Organic,0.2545,0.1583,0.5871
O_2007.jpg,Organic,Organic,0.1285130083560943,0.0858527496457099,0.7856343388557434,1.0,0.846,0.698,0.909,full_frame,False,0.1285130083560943,0.7856343388557434,0.0858527496457099,Organic,organic_sudah_benar,Organic,0.0482,0.0002,0.9516,Organic,0.1757,0.2152,0.6091
O_2017.jpg,Organic,Organic,0.0191729944199323,0.0267675369977951,0.9540594816207886,1.0,1.0,0.262,0.674,full_frame,True,0.1191729944199323,0.8540594816207886,0.026767523959279,Organic,organic_sudah_benar,Organic,0.0095,0.0001,0.9904,Electronic,0.1723,0.4239,0.4037
O_2028.jpg,Organic,Organic,0.0985121950507164,0.1136287599802017,0.7878589630126953,0.753,0.718,0.331,0.607,perlu_cek_manual,False,0.0985121950507164,0.7878589630126953,0.1136287599802017,Organic,organic_sudah_benar,Organic,0.0019,0.0004,0.9977,Electronic,0.0347,0.5237,0.4416
O_2029.jpg,Organic,Organic,0.0332530289888381,0.02096963301301,0.9457773566246032,0.989,0.999,0.179,0.832,full_frame,True,0.1332530289888382,0.8457773566246033,0.0209696143865585,Organic,organic_sudah_benar,Organic,0.0092,0.0006,0.9902,Organic,0.1622,0.1972,0.6407
O_2033.jpg,Organic,Organic,0.2143770903348922,0.1813133358955383,0.604309618473053,0.109,0.37,0.313,0.17,background_terpisah,False,0.2143770903348922,0.604309618473053,0.1813133358955383,Organic,organic_sudah_benar,Organic,0.0465,0.0015,0.952,Electronic,0.2206,0.4157,0.3638
O_2036.jpg,Organic,Organic,0.0596437901258468,0.0299667231738567,0.910389482975006,0.161,0.426,0.54,0.293,background_terpisah,False,0.0596437901258468,0.910389482975006,0.0299667231738567,Organic,organic_sudah_benar,Organic,0.0436,0.0021,0.9543,Electronic,0.1153,0.5162,0.3685
O_2041.jpg,Organic,Organic,0.1203881055116653,0.0548027008771896,0.824809193611145,0.313,0.388,0.448,0.392,perlu_cek_manual,False,0.1203881055116653,0.824809193611145,0.0548027008771896,Organic,organic_sudah_benar,Organic,0.0435,0.0017,0.9548,Organic,0.2429,0.1771,0.58
O_2047.jpg,Organic,Organic,0.0384058728814125,0.0979183912277221,0.8636757731437683,0.922,0.766,0.177,0.627,perlu_cek_manual,False,0.0384058728814125,0.8636757731437683,0.0979183912277221,Organic,organic_sudah_benar,Organic,0.0126,0.0004,0.9869,Organic,0.0078,0.014,0.9782
O_2059.jpg,Organic,Organic,0.088251955807209,0.0417461730539798,0.8700019121170044,0.405,0.909,0.244,0.542,perlu_cek_manual,False,0.088251955807209,0.8700019121170044,0.0417461730539798,Organic,organic_sudah_benar,Organic,0.1129,0.0028,0.8843,Organic,0.0213,0.0439,0.9348
O_206.jpg,Organic,Organic,0.1177675202488899,0.0917011722922325,0.7905312776565552,0.415,0.425,0.273,0.396,perlu_cek_manual,False,0.1177675202488899,0.7905312776565552,0.0917011722922325,Organic,organic_sudah_benar,Organic,0.3417,0.0049,0.6535,Organic,0.2059,0.2782,0.5159
O_2060.jpg,Organic,Organic,0.0324638523161411,0.0531203337013721,0.9144157767295836,0.21,0.255,0.239,0.203,background_terpisah,False,0.0324638523161411,0.9144157767295836,0.0531203337013721,Organic,organic_sudah_benar,Organic,0.0574,0.0004,0.9422,Organic,0.1139,0.1094,0.7767
O_2064.jpg,Organic,Organic,0.1528672575950622,0.0334786139428615,0.8136541247367859,0.095,0.769,0.157,0.223,background_terpisah,False,0.1528672575950622,0.8136541247367859,0.0334786139428615,Organic,organic_sudah_benar,Organic,0.1448,0.0111,0.8441,Organic,0.0191,0.0899,0.891
O_2067.jpg,Organic,Organic,0.0201418474316597,0.0278717596083879,0.9519863724708556,1.0,1.0,0.003,0.742,full_frame,True,0.1201418474316597,0.8519863724708557,0.0278717800974845,Organic,organic_sudah_benar,Organic,0.0028,0.0002,0.997,Organic,0.0147,0.1106,0.8747
O_2069.jpg,Organic,Organic,0.1190036386251449,0.0315212570130825,0.849475085735321,0.383,0.915,0.4,0.469,perlu_cek_manual,False,0.1190036386251449,0.849475085735321,0.0315212570130825,Organic,organic_sudah_benar,Organic,0.0986,0.0162,0.8852,Organic,0.0519,0.0609,0.8872
O_2071.jpg,Organic,Organic,0.0437238030135631,0.0355251356959342,0.9207510352134703,0.836,0.903,0.398,0.798,full_frame,False,0.0437238030135631,0.9207510352134703,0.0355251356959342,Organic,organic_sudah_benar,Organic,0.0071,0.0001,0.9928,Organic,0.0176,0.0399,0.9425
O_2094.jpg,Organic,Organic,0.0166283715516328,0.0161965452134609,0.9671750664711,0.851,0.982,0.258,0.627,perlu_cek_manual,False,0.0166283715516328,0.9671750664711,0.0161965452134609,Organic,organic_sudah_benar,Organic,0.0025,0.0,0.9975,Organic,0.115,0.0619,0.8231
O_2096.jpg,Organic,Organic,0.0219525638967752,0.0320404581725597,0.946006953716278,0.304,0.906,0.277,0.5,perlu_cek_manual,False,0.0219525638967752,0.946006953716278,0.0320404581725597,Organic,organic_sudah_benar,Organic,0.0945,0.0109,0.8946,Organic,0.0222,0.1773,0.8005
O_2098.jpg,Organic,Organic,0.0316497385501861,0.0464824698865413,0.9218677878379822,0.103,0.354,0.394,0.218,background_terpisah,False,0.0316497385501861,0.9218677878379822,0.0464824698865413,Organic,organic_sudah_benar,Organic,0.0107,0.0001,0.9893,Organic,0.005,0.0314,0.9637
O_2101.jpg,Organic,Organic,0.0694739371538162,0.0277263466268777,0.902799665927887,0.658,0.935,0.501,0.784,full_frame,False,0.0694739371538162,0.902799665927887,0.0277263466268777,Organic,organic_sudah_benar,Organic,0.0011,0.0,0.9989,Organic,0.1385,0.1759,0.6856
O_2102.jpg,Organic,Organic,0.0239672623574733,0.0211714468896389,0.954861342906952,0.638,0.966,0.357,0.644,perlu_cek_manual,False,0.0239672623574733,0.954861342906952,0.0211714468896389,Organic,organic_sudah_benar,Organic,0.0014,0.0011,0.9976,Organic,0.0612,0.1303,0.8085
O_2111.jpg,Organic,Organic,0.013128257356584,0.0272421538829803,0.9596295952796936,1.0,0.999,0.0,0.786,full_frame,True,0.113128257356584,0.8596295952796936,0.0272421473637223,Organic,organic_sudah_benar,Organic,0.0091,0.0009,0.99,Organic,0.092,0.2866,0.6214
O_2116.jpg,Organic,Organic,0.0625249296426773,0.0222686063498258,0.9152064323425292,0.348,0.816,0.359,0.428,perlu_cek_manual,False,0.0625249296426773,0.9152064323425292,0.0222686063498258,Organic,organic_sudah_benar,Organic,0.0717,0.0005,0.9278,Organic,0.0114,0.0948,0.8938
O_2117.jpg,Organic,Organic,0.0106246061623096,0.0199062339961528,0.9694692492485046,0.16,0.341,0.2,0.209,background_terpisah,False,0.0106246061623096,0.9694692492485046,0.0199062339961528,Organic,organic_sudah_benar,Organic,0.0218,0.0004,0.9777,Organic,0.0107,0.0944,0.8949
O_2119.jpg,Organic,Organic,0.0481800697743892,0.0396265350282192,0.9121934175491332,0.106,0.198,0.187,0.129,background_terpisah,False,0.0481800697743892,0.9121934175491332,0.0396265350282192,Organic,organic_sudah_benar,Organic,0.0393,0.0004,0.9603,Organic,0.0105,0.0253,0.9643
O_2124.jpg,Organic,Organic,0.0251035131514072,0.0418392643332481,0.933057188987732,1.0,1.0,0.391,0.878,full_frame,False,0.0251035131514072,0.933057188987732,0.0418392643332481,Organic,organic_sudah_benar,Organic,0.0413,0.0017,0.957,Electronic,0.0573,0.6515,0.2911
O_2125.jpg,Organic,Organic,0.0437625348567962,0.1245225369930267,0.831714928150177,0.207,0.218,0.307,0.205,background_terpisah,False,0.0437625348567962,0.831714928150177,0.1245225369930267,Organic,organic_sudah_benar,Organic,0.0441,0.0018,0.9541,Organic,0.0658,0.114,0.8202
O_2128.jpg,Organic,Organic,0.0690317004919052,0.0789385885000228,0.8520296812057495,0.076,0.876,0.348,0.448,perlu_cek_manual,False,0.0690317004919052,0.8520296812057495,0.0789385885000228,Organic,organic_sudah_benar,Organic,0.1596,0.0021,0.8383,Organic,0.1121,0.3085,0.5794
O_2131.jpg,Organic,Organic,0.0359819196164608,0.0214131418615579,0.942604959011078,1.0,0.933,0.552,0.897,full_frame,False,0.0359819196164608,0.942604959011078,0.0214131418615579,Organic,organic_sudah_benar,Organic,0.0143,0.0001,0.9856,Organic,0.1369,0.076,0.7871
O_2137.jpg,Organic,Organic,0.0283950958400964,0.0778288170695304,0.8937761187553406,1.0,1.0,0.387,0.877,full_frame,False,0.0283950958400964,0.8937761187553406,0.0778288170695304,Organic,organic_sudah_benar,Organic,0.057,0.0036,0.9393,Electronic,0.3003,0.6295,0.0702
O_2138.jpg,Organic,Organic,0.0409020408987998,0.0390367433428764,0.9200612902641296,1.0,1.0,0.0,0.737,full_frame,True,0.1409020408987999,0.8200612902641297,0.0390366688370704,Organic,organic_sudah_benar,Organic,0.0078,0.0002,0.992,Organic,0.0499,0.1373,0.8128
O_214.jpg,Organic,Organic,0.0824904888868331,0.0376125238835811,0.879896879196167,0.581,0.392,0.611,0.47,perlu_cek_manual,False,0.0824904888868331,0.879896879196167,0.0376125238835811,Organic,organic_sudah_benar,Organic,0.3848,0.0002,0.615,Organic,0.0655,0.1274,0.807
O_2141.jpg,Organic,Organic,0.0435794703662395,0.0678340420126915,0.8885865211486816,1.0,1.0,0.546,0.771,full_frame,False,0.0435794703662395,0.8885865211486816,0.0678340420126915,Organic,organic_sudah_benar,Organic,0.0917,0.0023,0.906,Organic,0.1065,0.1481,0.7454
O_2142.jpg,Organic,Organic,0.0390819497406482,0.0964055508375167,0.8645125031471252,0.947,0.715,0.375,0.593,perlu_cek_manual,False,0.0390819497406482,0.8645125031471252,0.0964055508375167,Organic,organic_sudah_benar,Organic,0.0398,0.0003,0.9599,Organic,0.1065,0.0635,0.8301
O_2144.jpg,Organic,Organic,0.147882267832756,0.0882823541760444,0.7638354301452637,0.882,0.985,0.0,0.734,full_frame,True,0.247882267832756,0.6638354301452637,0.0882823020219802,Organic,organic_sudah_benar,Organic,0.0476,0.0028,0.9496,Organic,0.0189,0.0536,0.9274
O_2150.jpg,Organic,Organic,0.0303628947585821,0.0261239893734455,0.9435130953788756,0.4,0.921,0.484,0.411,perlu_cek_manual,False,0.0303628947585821,0.9435130953788756,0.0261239893734455,Organic,organic_sudah_benar,Organic,0.0793,0.0058,0.915,Organic,0.0587,0.327,0.6142
O_2152.jpg,Organic,Organic,0.0280530545860528,0.051967803388834,0.9199791550636292,0.211,0.248,0.239,0.18,background_terpisah,False,0.0280530545860528,0.9199791550636292,0.051967803388834,Organic,organic_sudah_benar,Organic,0.0419,0.0006,0.9575,Organic,0.0835,0.0721,0.8444
O_2155.jpg,Organic,Organic,0.0411335937678813,0.0489001460373401,0.9099662899971008,0.831,1.0,0.081,0.765,full_frame,True,0.1411335937678814,0.8099662899971009,0.0489001162350177,Organic,organic_sudah_benar,Organic,0.0138,0.0002,0.986,Organic,0.0176,0.0284,0.9539
O_2162.jpg,Organic,Organic,0.0335103198885917,0.0474799685180187,0.9190097451210022,0.677,0.958,0.349,0.673,full_frame,False,0.0335103198885917,0.9190097451210022,0.0474799685180187,Organic,organic_sudah_benar,Organic,0.0009,0.0001,0.999,Organic,0.0129,0.072,0.9151
O_2164.jpg,Organic,Organic,0.0127831678837537,0.0217357371002435,0.9654810428619384,0.087,0.307,0.624,0.313,background_terpisah,False,0.0127831678837537,0.9654810428619384,0.0217357371002435,Organic,organic_sudah_benar,Organic,0.0042,0.0005,0.9953,Organic,0.0063,0.0247,0.969
O_2174.jpg,Organic,Organic,0.1212355867028236,0.0491319447755813,0.8296324014663696,0.05,0.581,0.188,0.21,background_terpisah,False,0.1212355867028236,0.8296324014663696,0.0491319447755813,Organic,organic_sudah_benar,Organic,0.153,0.0029,0.8441,Organic,0.1027,0.1447,0.7526
O_2175.jpg,Organic,Organic,0.0304404105991125,0.0500647202134132,0.9194948077201844,0.348,1.0,0.571,0.487,perlu_cek_manual,False,0.0304404105991125,0.9194948077201844,0.0500647202134132,Organic,organic_sudah_benar,Organic,0.0955,0.0014,0.9031,Organic,0.0251,0.1195,0.8555
O_2182.jpg,Organic,Organic,0.0728158429265022,0.0476047247648239,0.8795793652534485,0.0,-0.0,0.237,0.047,background_terpisah,False,0.0728158429265022,0.8795793652534485,0.0476047247648239,Organic,organic_sudah_benar,Organic,0.0783,0.0002,0.9215,Organic,0.0404,0.164,0.7957
O_2184.jpg,Organic,Organic,0.0223875753581523,0.0405436493456363,0.9370688199996948,0.691,0.912,0.257,0.644,perlu_cek_manual,False,0.0223875753581523,0.9370688199996948,0.0405436493456363,Organic,organic_sudah_benar,Organic,0.0052,0.0001,0.9947,Organic,0.0037,0.0358,0.9605
O_2190.jpg,Organic,Organic,0.0115202525630593,0.0282586049288511,0.9602211117744446,1.0,1.0,0.0,0.752,full_frame,True,0.1115202525630593,0.8602211117744446,0.028258635662496,Organic,organic_sudah_benar,Organic,0.0006,0.0,0.9993,Organic,0.0543,0.1596,0.7861
O_2191.jpg,Organic,Organic,0.0135175259783864,0.0462402999401092,0.9402421116828918,0.362,0.423,0.42,0.358,perlu_cek_manual,False,0.0135175259783864,0.9402421116828918,0.0462402999401092,Organic,organic_sudah_benar,Organic,0.0431,0.001,0.9559,Organic,0.0862,0.229,0.6849
O_2192.jpg,Organic,Organic,0.0682373642921447,0.0144886756315827,0.9172739386558532,0.742,0.721,0.346,0.446,perlu_cek_manual,False,0.0682373642921447,0.9172739386558532,0.0144886756315827,Organic,organic_sudah_benar,Organic,0.0795,0.0066,0.914,Organic,0.0946,0.3372,0.5681
O_2197.jpg,Organic,Organic,0.0194652155041694,0.0229872297495603,0.9575476050376892,1.0,1.0,0.041,0.808,full_frame,True,0.1194652155041694,0.8575476050376892,0.0229871794581413,Organic,organic_sudah_benar,Organic,0.0045,0.0002,0.9953,Organic,0.018,0.2097,0.7723
O_2199.jpg,Organic,Organic,0.0360986590385437,0.0322093777358531,0.9316920042037964,0.879,0.942,0.424,0.754,full_frame,False,0.0360986590385437,0.9316920042037964,0.0322093777358531,Organic,organic_sudah_benar,Organic,0.0278,0.0003,0.9719,Organic,0.0438,0.1985,0.7577
O_2200.jpg,Organic,Organic,0.0327671431005001,0.0570182502269744,0.9102145433425904,0.073,0.128,0.331,0.141,background_terpisah,False,0.0327671431005001,0.9102145433425904,0.0570182502269744,Organic,organic_sudah_benar,Organic,0.0701,0.0016,0.9283,Organic,0.0544,0.3181,0.6275
O_2201.jpg,Organic,Organic,0.0529724508523941,0.0447188764810562,0.9023086428642272,0.325,0.43,0.196,0.311,background_terpisah,False,0.0529724508523941,0.9023086428642272,0.0447188764810562,Organic,organic_sudah_benar,Organic,0.0391,0.0008,0.9601,Electronic,0.079,0.4751,0.4459
O_2202.jpg,Organic,Organic,0.016573492437601,0.0244630817323923,0.9589633941650392,0.525,0.419,0.493,0.396,perlu_cek_manual,False,0.016573492437601,0.9589633941650392,0.0244630817323923,Organic,organic_sudah_benar,Organic,0.0254,0.0002,0.9744,Organic,0.0203,0.0975,0.8823
O_2210.jpg,Organic,Organic,0.0266743674874305,0.0354211330413818,0.9379045367240906,0.851,0.983,0.41,0.783,full_frame,False,0.0266743674874305,0.9379045367240906,0.0354211330413818,Organic,organic_sudah_benar,Organic,0.003,0.0008,0.9962,Organic,0.041,0.0331,0.9259
O_2213.jpg,Organic,Organic,0.0136908646672964,0.0377888903021812,0.9485202431678772,0.189,0.699,0.385,0.302,background_terpisah,False,0.0136908646672964,0.9485202431678772,0.0377888903021812,Organic,organic_sudah_benar,Organic,0.0873,0.0005,0.9122,Organic,0.0102,0.0617,0.928
O_2215.jpg,Organic,Organic,0.0267652235925197,0.0397429279983043,0.9334918856620787,1.0,0.96,0.351,0.756,full_frame,False,0.0267652235925197,0.9334918856620787,0.0397429279983043,Organic,organic_sudah_benar,Organic,0.0344,0.007,0.9586,Organic,0.0176,0.1911,0.7912
O_2216.jpg,Organic,Organic,0.0222303085029125,0.044782880693674,0.9329867362976074,0.167,0.359,0.341,0.267,background_terpisah,False,0.0222303085029125,0.9329867362976074,0.044782880693674,Organic,organic_sudah_benar,Organic,0.0067,0.0005,0.9928,Organic,0.032,0.4304,0.5376
O_2222.jpg,Organic,Organic,0.0264737419784069,0.0459835194051265,0.9275426864624025,0.689,0.959,0.476,0.494,perlu_cek_manual,False,0.0264737419784069,0.9275426864624025,0.0459835194051265,Organic,organic_sudah_benar,Organic,0.0617,0.0032,0.935,Organic,0.0094,0.0354,0.9553
O_2227.jpg,Organic,Organic,0.095412828028202,0.1439350545406341,0.7606520652770996,0.396,0.35,0.334,0.311,background_terpisah,False,0.095412828028202,0.7606520652770996,0.1439350545406341,Organic,organic_sudah_benar,Organic,0.1011,0.0001,0.8987,Organic,0.0125,0.1062,0.8813
O_2228.jpg,Organic,Organic,0.0362909659743309,0.0181129593402147,0.9455960988998412,1.0,0.958,0.0,0.715,full_frame,True,0.1362909659743309,0.8455960988998413,0.0181129351258277,Organic,organic_sudah_benar,Organic,0.035,0.0022,0.9628,Organic,0.2656,0.1718,0.5627
O_2230.jpg,Organic,Organic,0.0528256855905056,0.0477053523063659,0.8994688987731934,0.033,0.12,0.256,0.102,background_terpisah,False,0.0528256855905056,0.8994688987731934,0.0477053523063659,Organic,organic_sudah_benar,Organic,0.3204,0.0063,0.6733,Organic,0.0151,0.0347,0.9502
O_2231.jpg,Organic,Organic,0.0212806295603513,0.0293938368558883,0.9493255615234376,0.591,0.958,0.372,0.645,perlu_cek_manual,False,0.0212806295603513,0.9493255615234376,0.0293938368558883,Organic,organic_sudah_benar,Organic,0.0079,0.0001,0.9921,Organic,0.283,0.1169,0.6001
O_2242.jpg,Organic,Organic,0.0420368015766143,0.0390263758599758,0.918936848640442,0.38,0.493,0.273,0.35,perlu_cek_manual,False,0.0420368015766143,0.918936848640442,0.0390263758599758,Organic,organic_sudah_benar,Organic,0.0042,0.0001,0.9957,Organic,0.0303,0.1831,0.7866
O_2244.jpg,Organic,Organic,0.0192748736590147,0.0618057064712047,0.9189194440841676,1.0,1.0,0.253,0.8,full_frame,True,0.1192748736590147,0.8189194440841675,0.0618056822568178,Organic,organic_sudah_benar,Organic,0.0042,0.0002,0.9955,Organic,0.0144,0.0251,0.9604
O_2253.jpg,Organic,Organic,0.0277214013040065,0.0257677547633647,0.9465107917785645,0.865,1.0,0.075,0.775,full_frame,True,0.1277214013040065,0.8465107917785645,0.0257678069174289,Organic,organic_sudah_benar,Organic,0.0162,0.007,0.9768,Electronic,0.1098,0.5601,0.3301
O_2261.jpg,Organic,Organic,0.0731982812285423,0.0362525582313537,0.8905491828918457,0.341,0.902,0.36,0.421,perlu_cek_manual,False,0.0731982812285423,0.8905491828918457,0.0362525582313537,Organic,organic_sudah_benar,Organic,0.1125,0.0021,0.8854,Organic,0.3856,0.1544,0.4599
O_2264.jpg,Organic,Organic,0.0335972122848033,0.0374145060777664,0.92898827791214,0.848,0.975,0.067,0.763,full_frame,True,0.1335972122848034,0.8289882779121399,0.0374145098030567,Organic,organic_sudah_benar,Organic,0.0103,0.0108,0.979,Organic,0.0704,0.288,0.6416
O_2272.jpg,Organic,Organic,0.0300172008574008,0.0567889213562011,0.9131938815116882,0.566,0.881,0.386,0.59,perlu_cek_manual,False,0.0300172008574008,0.9131938815116882,0.0567889213562011,Organic,organic_sudah_benar,Organic,0.0159,0.0022,0.9819,Organic,0.0399,0.0643,0.8957
O_2274.jpg,Organic,Organic,0.0813829004764556,0.0481075569987297,0.8705095648765564,1.0,0.93,0.098,0.69,full_frame,True,0.1813829004764557,0.7705095648765564,0.0481075346469879,Organic,organic_sudah_benar,Organic,0.074,0.0323,0.8937,Organic,0.0368,0.1998,0.7635
O_2277.jpg,Organic,Organic,0.0254306998103857,0.0118929771706461,0.9626764059066772,0.361,0.899,0.406,0.669,full_frame,False,0.0254306998103857,0.9626764059066772,0.0118929771706461,Organic,organic_sudah_benar,Organic,0.0006,0.0004,0.999,Organic,0.1422,0.1089,0.7488
O_2286.jpg,Organic,Organic,0.0256173871457576,0.0296881515532732,0.944694459438324,0.55,0.908,0.262,0.54,perlu_cek_manual,False,0.0256173871457576,0.944694459438324,0.0296881515532732,Organic,organic_sudah_benar,Organic,0.0156,0.0012,0.9831,Organic,0.0079,0.037,0.9552
O_2289.jpg,Organic,Organic,0.0358506329357624,0.0264337137341499,0.937715709209442,1.0,0.997,0.474,0.874,full_frame,False,0.0358506329357624,0.937715709209442,0.0264337137341499,Organic,organic_sudah_benar,Organic,0.002,0.0003,0.9977,Organic,0.0631,0.2513,0.6856
O_2292.jpg,Organic,Organic,0.0603368617594242,0.0422123223543167,0.8974508047103882,1.0,0.999,0.284,0.833,full_frame,True,0.1603368617594242,0.7974508047103882,0.0422123335301876,Organic,organic_sudah_benar,Organic,0.0108,0.0025,0.9867,Electronic,0.0947,0.6584,0.2468
O_2293.jpg,Organic,Organic,0.01830430701375,0.0491849556565284,0.932510793209076,0.84,0.987,0.285,0.795,full_frame,True,0.11830430701375,0.832510793209076,0.0491848997771739,Organic,organic_sudah_benar,Organic,0.0013,0.0001,0.9986,Organic,0.2177,0.1398,0.6426
O_2301.jpg,Organic,Organic,0.0122963599860668,0.021537359803915,0.966166377067566,0.979,0.983,0.0,0.699,full_frame,True,0.1122963599860668,0.8661663770675659,0.0215372629463672,Organic,organic_sudah_benar,Organic,0.1165,0.006,0.8776,Organic,0.1193,0.4081,0.4725
O_2310.jpg,Organic,Organic,0.0324759408831596,0.0329433009028434,0.9345808625221252,0.828,0.996,0.349,0.817,full_frame,True,0.1324759408831596,0.8345808625221253,0.0329431965947151,Organic,organic_sudah_benar,Organic,0.0019,0.0,0.9981,Organic,0.1618,0.2416,0.5966
O_2325.jpg,Organic,Organic,0.0119176749140024,0.015633525326848,0.9724488258361816,1.0,1.0,0.0,0.784,full_frame,True,0.1119176749140024,0.8724488258361817,0.0156334992498159,Organic,organic_sudah_benar,Organic,0.1262,0.0006,0.8732,Organic,0.1101,0.0698,0.8202
O_2328.jpg,Organic,Organic,0.0590637698769569,0.0540973879396915,0.8868388533592224,0.516,0.969,0.332,0.512,perlu_cek_manual,False,0.0590637698769569,0.8868388533592224,0.0540973879396915,Organic,organic_sudah_benar,Organic,0.2355,0.0037,0.7608,Organic,0.0695,0.1976,0.7329
O_233.jpg,Organic,Organic,0.0411353111267089,0.0182694494724273,0.9405953288078308,0.888,0.998,0.179,0.741,full_frame,True,0.141135311126709,0.8405953288078308,0.0182693600654602,Organic,organic_sudah_benar,Organic,0.0231,0.0003,0.9766,Recyclable,0.5376,0.1917,0.2708
O_2341.jpg,Organic,Organic,0.0395378246903419,0.0367973521351814,0.9236647486686708,0.085,0.638,0.39,0.248,background_terpisah,False,0.0395378246903419,0.9236647486686708,0.0367973521351814,Organic,organic_sudah_benar,Organic,0.077,0.0002,0.9227,Recyclable,0.5169,0.1955,0.2876
O_235.jpg,Organic,Organic,0.0348169840872287,0.0806880444288253,0.8844949007034302,0.07,0.146,0.595,0.233,background_terpisah,False,0.0348169840872287,0.8844949007034302,0.0806880444288253,Organic,organic_sudah_benar,Organic,0.0061,0.0,0.9939,Organic,0.0168,0.0439,0.9393
O_2367.jpg,Organic,Organic,0.021573344245553,0.0372144617140293,0.9412121772766112,1.0,1.0,0.0,0.5,perlu_cek_manual,False,0.021573344245553,0.9412121772766112,0.0372144617140293,Organic,organic_sudah_benar,Organic,0.0392,0.015,0.9458,Electronic,0.3072,0.3658,0.327
O_2371.jpg,Organic,Organic,0.0142692178487777,0.0172276943922042,0.9685030579566956,1.0,1.0,0.0,0.8,full_frame,True,0.1142692178487777,0.8685030579566956,0.0172277241945266,Organic,organic_sudah_benar,Organic,0.004,0.0,0.996,Organic,0.0888,0.2206,0.6906
O_2372.jpg,Organic,Organic,0.0266419369727373,0.0297143142670393,0.9436437487602234,0.176,0.433,0.231,0.241,background_terpisah,False,0.0266419369727373,0.9436437487602234,0.0297143142670393,Organic,organic_sudah_benar,Organic,0.0668,0.0008,0.9324,Organic,0.0257,0.0306,0.9437
O_2373.jpg,Organic,Organic,0.0751800239086151,0.1114750877022743,0.8133449554443359,0.92,0.968,0.209,0.632,perlu_cek_manual,False,0.0751800239086151,0.8133449554443359,0.1114750877022743,Organic,organic_sudah_benar,Organic,0.0112,0.0006,0.9882,Electronic,0.1272,0.5389,0.334
O_238.jpg,Organic,Organic,0.0208673533052206,0.0108511392027139,0.9682815074920654,0.503,0.518,0.299,0.478,perlu_cek_manual,False,0.0208673533052206,0.9682815074920654,0.0108511392027139,Organic,organic_sudah_benar,Organic,0.0998,0.0011,0.899,Organic,0.05,0.1127,0.8374
O_2383.jpg,Organic,Organic,0.087575539946556,0.061503242701292,0.8509212732315063,0.269,0.221,0.187,0.171,background_terpisah,False,0.087575539946556,0.8509212732315063,0.061503242701292,Organic,organic_sudah_benar,Organic,0.0616,0.001,0.9374,Organic,0.2009,0.0898,0.7094
O_2389.jpg,Organic,Organic,0.0244618263095617,0.0444995947182178,0.9310385584831238,0.159,0.259,0.167,0.186,background_terpisah,False,0.0244618263095617,0.9310385584831238,0.0444995947182178,Organic,organic_sudah_benar,Organic,0.093,0.0052,0.9018,Organic,0.1565,0.315,0.5285
O_2394.jpg,Organic,Organic,0.1652636080980301,0.0403592064976692,0.7943770885467529,0.971,0.995,0.0,0.79,full_frame,True,0.26526360809803,0.694377088546753,0.0403593033552169,Organic,organic_sudah_benar,Organic,0.0051,0.0002,0.9947,Organic,0.2651,0.3072,0.4276
O_2399.jpg,Organic,Organic,0.0228065606206655,0.038466677069664,0.9387267827987672,1.0,1.0,0.0,0.793,full_frame,True,0.1228065606206655,0.8387267827987671,0.0384666565805673,Organic,organic_sudah_benar,Organic,0.0091,0.0012,0.9897,Organic,0.0339,0.1377,0.8284
O_2408.jpg,Organic,Organic,0.1013062074780464,0.0479729138314724,0.8507208824157715,1.0,0.998,0.206,0.692,full_frame,True,0.2013062074780464,0.7507208824157715,0.0479729101061821,Organic,organic_sudah_benar,Organic,0.0065,0.0025,0.991,Organic,0.0818,0.1257,0.7925
O_2410.jpg,Organic,Organic,0.1047064810991287,0.0359103307127952,0.859383225440979,0.967,1.0,0.0,0.79,full_frame,True,0.2047064810991287,0.759383225440979,0.0359102934598922,Organic,organic_sudah_benar,Organic,0.0171,0.0083,0.9746,Electronic,0.1859,0.4725,0.3416
O_2412.jpg,Organic,Organic,0.037389226257801,0.0376446321606636,0.9249660968780518,1.0,1.0,0.0,0.793,full_frame,True,0.137389226257801,0.8249660968780518,0.0376446768641471,Organic,organic_sudah_benar,Organic,0.032,0.0008,0.9671,Organic,0.0332,0.102,0.8647
O_2423.jpg,Organic,Organic,0.091465950012207,0.0335172675549984,0.8750167489051819,0.745,0.97,0.14,0.735,full_frame,True,0.191465950012207,0.7750167489051819,0.033517301082611,Organic,organic_sudah_benar,Organic,0.0005,0.0,0.9995,Organic,0.0429,0.1993,0.7578
O_2426.jpg,Organic,Organic,0.019726488739252,0.0263227615505456,0.9539507627487184,0.318,0.923,0.11,0.302,background_terpisah,False,0.019726488739252,0.9539507627487184,0.0263227615505456,Organic,organic_sudah_benar,Organic,0.2237,0.0253,0.751,Organic,0.1163,0.0967,0.787
O_2433.jpg,Organic,Organic,0.0319167450070381,0.0773824080824852,0.8907009363174438,0.043,0.13,0.323,0.115,background_terpisah,False,0.0319167450070381,0.8907009363174438,0.0773824080824852,Organic,organic_sudah_benar,Organic,0.1248,0.0008,0.8744,Organic,0.0711,0.1146,0.8143
O_2434.jpg,Organic,Organic,0.0150080751627683,0.0233783852308988,0.9616134762763976,0.898,1.0,0.199,0.809,full_frame,True,0.1150080751627683,0.8616134762763977,0.0233784485608339,Organic,organic_sudah_benar,Organic,0.0193,0.0068,0.9739,Electronic,0.2482,0.4122,0.3395
O_2436.jpg,Organic,Organic,0.0366543121635913,0.0337105393409729,0.9296351075172424,1.0,0.989,0.382,0.86,full_frame,False,0.0366543121635913,0.9296351075172424,0.0337105393409729,Organic,organic_sudah_benar,Organic,0.0046,0.0002,0.9952,Organic,0.0497,0.0489,0.9014
O_2440.jpg,Organic,Organic,0.0695693343877792,0.0548422411084175,0.8755884170532227,0.342,0.767,0.414,0.441,perlu_cek_manual,False,0.0695693343877792,0.8755884170532227,0.0548422411084175,Organic,organic_sudah_benar,Organic,0.0929,0.0224,0.8847,Organic,0.0098,0.0567,0.9335
O_2441.jpg,Organic,Organic,0.0123239699751138,0.0384462960064411,0.9492297172546388,0.302,0.892,0.212,0.315,background_terpisah,False,0.0123239699751138,0.9492297172546388,0.0384462960064411,Organic,organic_sudah_benar,Organic,0.0142,0.0009,0.9849,Organic,0.0679,0.1051,0.8271
O_245.jpg,Organic,Organic,0.0928377583622932,0.0450695231556892,0.8620927333831787,1.0,0.579,0.429,0.589,perlu_cek_manual,False,0.0928377583622932,0.8620927333831787,0.0450695231556892,Organic,organic_sudah_benar,Organic,0.0133,0.0165,0.9702,Organic,0.159,0.1259,0.715
O_2450.jpg,Organic,Organic,0.0494300834834575,0.0520973280072212,0.8984725475311279,0.277,0.33,0.229,0.246,background_terpisah,False,0.0494300834834575,0.8984725475311279,0.0520973280072212,Organic,organic_sudah_benar,Organic,0.1213,0.0014,0.8773,Organic,0.0636,0.1151,0.8213
O_2451.jpg,Organic,Organic,0.1850741803646087,0.0864230170845985,0.7285028100013733,0.978,0.984,0.151,0.789,full_frame,True,0.2850741803646087,0.6285028100013733,0.0864230096340179,Organic,organic_sudah_benar,Organic,0.1277,0.0264,0.8459,Electronic,0.2129,0.5416,0.2456
O_2454.jpg,Organic,Organic,0.0234530922025442,0.0321513637900352,0.9443956017494202,0.881,0.981,0.208,0.75,full_frame,True,0.1234530922025442,0.8443956017494202,0.0321513060480356,Organic,organic_sudah_benar,Organic,0.0062,0.0001,0.9937,Organic,0.0074,0.0143,0.9783
O_246.jpg,Organic,Organic,0.0171307269483804,0.0243575796484947,0.9585117101669312,1.0,0.558,0.529,0.607,perlu_cek_manual,False,0.0171307269483804,0.9585117101669312,0.0243575796484947,Organic,organic_sudah_benar,Organic,0.0092,0.0005,0.9903,Electronic,0.1848,0.4191,0.3961
O_2477.jpg,Organic,Organic,0.04949302226305,0.0224211551249027,0.9280858635902404,1.0,0.993,0.0,0.791,full_frame,True,0.14949302226305,0.8280858635902405,0.0224211141467094,Organic,organic_sudah_benar,Organic,0.0205,0.0025,0.977,Organic,0.0437,0.2152,0.7411
O_2478.jpg,Organic,Organic,0.0120673468336462,0.0316949859261512,0.9562376141548156,0.278,0.456,0.543,0.422,perlu_cek_manual,False,0.0120673468336462,0.9562376141548156,0.0316949859261512,Organic,organic_sudah_benar,Organic,0.1202,0.0084,0.8713,Organic,0.0915,0.2737,0.6348
O_2486.jpg,Organic,Organic,0.0069382935762405,0.0169243700802326,0.9761373400688172,0.754,0.838,0.029,0.518,perlu_cek_manual,False,0.0069382935762405,0.9761373400688172,0.0169243700802326,Organic,organic_sudah_benar,Organic,0.1168,0.0052,0.878,Organic,0.1999,0.1214,0.6787
O_249.jpg,Organic,Organic,0.1413300633430481,0.0860210359096527,0.7726488709449768,0.042,0.186,0.304,0.136,background_terpisah,False,0.1413300633430481,0.7726488709449768,0.0860210359096527,Organic,organic_sudah_benar,Organic,0.0408,0.0001,0.9591,Organic,0.0048,0.0267,0.9685
O_250.jpg,Organic,Organic,0.0369828455150127,0.1773694604635238,0.7856477499008179,0.531,0.838,0.545,0.572,perlu_cek_manual,False,0.0369828455150127,0.7856477499008179,0.1773694604635238,Organic,organic_sudah_benar,Organic,0.0016,0.0,0.9984,Organic,0.0832,0.0603,0.8565
O_2507.jpg,Organic,Organic,0.0877299681305885,0.329814463853836,0.5824555158615112,0.731,0.968,0.0,0.659,full_frame,True,0.1877299681305885,0.4824555158615112,0.3298145160079002,Organic,organic_sudah_benar,Organic,0.0047,0.0003,0.995,Organic,0.0102,0.1129,0.8768
O_2509.jpg,Organic,Organic,0.0299733579158782,0.0831827819347381,0.8868439197540283,0.013,0.108,0.234,0.093,background_terpisah,False,0.0299733579158782,0.8868439197540283,0.0831827819347381,Organic,organic_sudah_benar,Organic,0.0131,0.0003,0.9866,Organic,0.0908,0.1736,0.7356
O_2528.jpg,Organic,Organic,0.0134396618232131,0.0178109593689441,0.9687493443489076,0.973,0.99,0.0,0.74,full_frame,True,0.1134396618232131,0.8687493443489075,0.0178109938278794,Organic,organic_sudah_benar,Organic,0.0024,0.0003,0.9972,Organic,0.0546,0.3879,0.5575
O_2544.jpg,Organic,Organic,0.1637497693300247,0.0984736979007721,0.737776517868042,1.0,1.0,0.28,0.827,full_frame,True,0.2637497693300247,0.637776517868042,0.0984737128019332,Organic,organic_sudah_benar,Organic,0.1008,0.0158,0.8834,Organic,0.2648,0.3076,0.4276
O_256.jpg,Organic,Organic,0.015629518777132,0.0136617077514529,0.9707087874412536,0.166,0.551,0.43,0.285,background_terpisah,False,0.015629518777132,0.9707087874412536,0.0136617077514529,Organic,organic_sudah_benar,Organic,0.019,0.0032,0.9778,Organic,0.1542,0.2566,0.5892
O_2564.jpg,Organic,Organic,0.1334016174077987,0.0634306520223617,0.8031677603721619,0.602,0.571,0.322,0.367,perlu_cek_manual,False,0.1334016174077987,0.8031677603721619,0.0634306520223617,Organic,organic_sudah_benar,Organic,0.0536,0.0006,0.9457,Organic,0.1129,0.3693,0.5179
O_2572.jpg,Organic,Organic,0.0277024451643228,0.0230417177081108,0.9492559432983398,1.0,1.0,0.399,0.88,full_frame,False,0.0277024451643228,0.9492559432983398,0.0230417177081108,Organic,organic_sudah_benar,Organic,0.0051,0.0002,0.9947,Organic,0.3385,0.0856,0.576
O_2576.jpg,Organic,Organic,0.0374949946999549,0.0458284504711627,0.9166765809059144,0.113,0.808,0.473,0.32,background_terpisah,False,0.0374949946999549,0.9166765809059144,0.0458284504711627,Organic,organic_sudah_benar,Organic,0.0193,0.0015,0.9792,Organic,0.0025,0.0047,0.9928
O_2579.jpg,Organic,Organic,0.0590696595609188,0.0777630880475044,0.8631672263145447,0.557,0.935,0.354,0.544,perlu_cek_manual,False,0.0590696595609188,0.8631672263145447,0.0777630880475044,Organic,organic_sudah_benar,Organic,0.0098,0.0001,0.9901,Organic,0.0698,0.211,0.7191
O_2583.jpg,Organic,Organic,0.1236881762742996,0.0472342111170291,0.8290776014328003,0.312,0.47,0.222,0.28,background_terpisah,False,0.1236881762742996,0.8290776014328003,0.0472342111170291,Organic,organic_sudah_benar,Organic,0.0355,0.0003,0.9643,Organic,0.2834,0.2749,0.4417
O_2612.jpg,Organic,Organic,0.0138090774416923,0.0720284059643745,0.914162576198578,0.087,0.249,0.283,0.205,background_terpisah,False,0.0138090774416923,0.914162576198578,0.0720284059643745,Organic,organic_sudah_benar,Organic,0.02,0.0009,0.9792,Organic,0.0069,0.0059,0.9872
O_2615.jpg,Organic,Organic,0.0288977306336164,0.0226824283599853,0.9484198689460754,0.969,0.972,0.0,0.731,full_frame,True,0.1288977306336164,0.8484198689460755,0.0226824004203081,Organic,organic_sudah_benar,Organic,0.0193,0.0003,0.9804,Electronic,0.1424,0.5048,0.3528
O_2621.jpg,Organic,Organic,0.0907237604260444,0.0480480082333087,0.8612282872200012,0.253,0.431,0.113,0.302,background_terpisah,False,0.0907237604260444,0.8612282872200012,0.0480480082333087,Organic,organic_sudah_benar,Organic,0.0041,0.0002,0.9957,Electronic,0.1972,0.5525,0.2503
O_2626.jpg,Organic,Organic,0.1797255575656891,0.0359643660485744,0.7843101024627686,0.685,0.23,0.448,0.368,perlu_cek_manual,False,0.1797255575656891,0.7843101024627686,0.0359643660485744,Organic,organic_sudah_benar,Organic,0.0071,0.001,0.9919,Organic,0.0193,0.1887,0.7919
O_2638.jpg,Organic,Organic,0.0204348135739564,0.0340389311313629,0.9455263018608092,0.879,0.989,0.0,0.736,full_frame,True,0.1204348135739565,0.8455263018608093,0.0340388845652341,Organic,organic_sudah_benar,Organic,0.0025,0.0001,0.9974,Organic,0.047,0.0309,0.9221
O_264.jpg,Organic,Organic,0.0706629455089569,0.0405005700886249,0.8888365030288696,0.902,0.915,0.259,0.737,full_frame,True,0.1706629455089569,0.7888365030288697,0.0405005514621734,Organic,organic_sudah_benar,Organic,0.0039,0.0005,0.9956,Organic,0.1815,0.0428,0.7757
O_2640.jpg,Organic,Organic,0.1007817313075065,0.0563836507499218,0.8428345918655396,0.045,0.209,0.369,0.164,background_terpisah,False,0.1007817313075065,0.8428345918655396,0.0563836507499218,Organic,organic_sudah_benar,Organic,0.0082,0.0004,0.9914,Organic,0.0443,0.1646,0.791
O_2655.jpg,Organic,Organic,0.0302133858203887,0.0370417796075344,0.9327448606491088,0.729,0.977,0.0,0.714,full_frame,True,0.1302133858203888,0.8327448606491089,0.0370417535305023,Organic,organic_sudah_benar,Organic,0.0115,0.0037,0.9848,Electronic,0.1184,0.4815,0.4001
O_2662.jpg,Organic,Organic,0.1250521093606948,0.0679729357361793,0.8069750666618347,0.337,0.319,0.101,0.265,background_terpisah,False,0.1250521093606948,0.8069750666618347,0.0679729357361793,Organic,organic_sudah_benar,Organic,0.0917,0.0103,0.8981,Organic,0.0715,0.3651,0.5634
O_2671.jpg,Organic,Organic,0.0471218563616275,0.0249809268862009,0.9278971552848816,0.897,0.953,0.391,0.727,full_frame,False,0.0471218563616275,0.9278971552848816,0.0249809268862009,Organic,organic_sudah_benar,Organic,0.0366,0.002,0.9613,Organic,0.0295,0.1327,0.8378
O_2678.jpg,Organic,Organic,0.0297045744955539,0.1713115572929382,0.7989838123321533,1.0,1.0,0.008,0.802,full_frame,True,0.1297045744955539,0.6989838123321533,0.1713116131722927,Organic,organic_sudah_benar,Organic,0.1374,0.0057,0.8569,Organic,0.0204,0.0894,0.8902
O_2684.jpg,Organic,Organic,0.0174020715057849,0.0722425505518913,0.9103553891181946,0.524,0.937,0.348,0.714,full_frame,False,0.0174020715057849,0.9103553891181946,0.0722425505518913,Organic,organic_sudah_benar,Organic,0.0216,0.0004,0.978,Organic,0.0873,0.1582,0.7545
O_2685.jpg,Organic,Organic,0.0914473086595535,0.0508726388216018,0.8576800227165222,1.0,0.985,0.215,0.812,full_frame,True,0.1914473086595535,0.7576800227165222,0.0508726686239242,Organic,organic_sudah_benar,Organic,0.0064,0.0003,0.9933,Organic,0.0788,0.1145,0.8067
O_2690.jpg,Organic,Organic,0.1758767664432525,0.0168760269880294,0.8072472214698792,1.0,1.0,0.0,0.717,full_frame,True,0.2758767664432525,0.7072472214698792,0.0168760120868682,Organic,organic_sudah_benar,Organic,0.002,0.0003,0.9977,Organic,0.0909,0.073,0.8361
O_2693.jpg,Organic,Organic,0.0462882295250892,0.0535406805574893,0.9001711010932922,1.0,0.948,0.0,0.759,full_frame,True,0.1462882295250892,0.8001711010932923,0.0535406693816185,Organic,organic_sudah_benar,Organic,0.384,0.0089,0.6071,Organic,0.045,0.4554,0.4996
O_2695.jpg,Organic,Organic,0.0532646775245666,0.0883822962641716,0.8583530783653259,1.0,0.953,0.241,0.773,full_frame,True,0.1532646775245666,0.758353078365326,0.0883822441101074,Organic,organic_sudah_benar,Organic,0.0076,0.0031,0.9893,Organic,0.1834,0.2799,0.5367
O_2697.jpg,Organic,Organic,0.0930829644203186,0.037657618522644,0.8692594170570374,1.0,1.0,0.05,0.744,full_frame,True,0.1930829644203186,0.7692594170570374,0.037657618522644,Organic,organic_sudah_benar,Organic,0.0228,0.0003,0.977,Organic,0.0115,0.0598,0.9287
O_270.jpg,Organic,Organic,0.0632725656032562,0.0241172183305025,0.9126101732254028,1.0,1.0,0.567,0.913,full_frame,False,0.0632725656032562,0.9126101732254028,0.0241172183305025,Organic,organic_sudah_benar,Organic,0.0969,0.0002,0.903,Organic,0.3817,0.1577,0.4606
O_2715.jpg,Organic,Organic,0.0114641701802611,0.0173253901302814,0.971210479736328,0.611,0.936,0.002,0.561,perlu_cek_manual,False,0.0114641701802611,0.971210479736328,0.0173253901302814,Organic,organic_sudah_benar,Organic,0.0086,0.0034,0.988,Organic,0.0729,0.038,0.8891
O_272.jpg,Organic,Organic,0.0415255166590213,0.0319193489849567,0.9265551567077636,0.005,0.704,0.132,0.169,background_terpisah,False,0.0415255166590213,0.9265551567077636,0.0319193489849567,Organic,organic_sudah_benar,Organic,0.0471,0.0078,0.9451,Recyclable,0.4201,0.2933,0.2866
O_2722.jpg,Organic,Organic,0.0513772442936897,0.066268466413021,0.8823543190956116,1.0,0.802,0.405,0.691,full_frame,False,0.0513772442936897,0.8823543190956116,0.066268466413021,Organic,organic_sudah_benar,Organic,0.0466,0.0004,0.9531,Organic,0.0349,0.0517,0.9134
O_2739.jpg,Organic,Organic,0.0278978925198316,0.0297117587178945,0.9423902630805968,1.0,1.0,0.107,0.754,full_frame,True,0.1278978925198316,0.842390263080597,0.0297118443995714,Organic,organic_sudah_benar,Organic,0.0083,0.0001,0.9916,Organic,0.005,0.0176,0.9775
O_2746.jpg,Organic,Organic,0.0079950643703341,0.0187862329185009,0.9732186794281006,1.0,1.0,0.196,0.67,full_frame,True,0.1079950643703341,0.8732186794281006,0.0187862562015652,Organic,organic_sudah_benar,Organic,0.0444,0.0099,0.9457,Organic,0.1221,0.3533,0.5246
O_275.jpg,Organic,Organic,0.0825951471924781,0.0609927363693714,0.8564121723175049,0.15,0.725,0.276,0.324,background_terpisah,False,0.0825951471924781,0.8564121723175049,0.0609927363693714,Organic,organic_sudah_benar,Organic,0.011,0.0112,0.9777,Organic,0.1232,0.0429,0.834
O_2752.jpg,Organic,Organic,0.044185321778059,0.0704161748290062,0.8853985071182251,1.0,1.0,0.455,0.89,full_frame,False,0.044185321778059,0.8853985071182251,0.0704161748290062,Organic,organic_sudah_benar,Organic,0.0083,0.0002,0.9915,Organic,0.2171,0.1183,0.6646
O_2756.jpg,Organic,Organic,0.0672767758369445,0.0250952299684286,0.9076279401779176,1.0,1.0,0.0,0.799,full_frame,True,0.1672767758369445,0.8076279401779175,0.0250952839851379,Organic,organic_sudah_benar,Organic,0.0048,0.0006,0.9947,Organic,0.0998,0.1121,0.7881
O_2757.jpg,Organic,Organic,0.0260999072343111,0.0411168746650218,0.9327831864356996,1.0,0.991,0.48,0.765,full_frame,False,0.0260999072343111,0.9327831864356996,0.0411168746650218,Organic,organic_sudah_benar,Organic,0.002,0.0002,0.9978,Organic,0.0698,0.0704,0.8598
O_2784.jpg,Organic,Organic,0.0491587780416011,0.0850790217518806,0.8657621741294861,0.882,0.976,0.145,0.734,full_frame,True,0.1491587780416012,0.7657621741294861,0.0850790478289127,Organic,organic_sudah_benar,Organic,0.0144,0.0001,0.9855,Organic,0.0228,0.0484,0.9288
O_2802.jpg,Organic,Organic,0.016586510464549,0.0170328486710786,0.9663805961608888,1.0,1.0,0.296,0.791,full_frame,True,0.116586510464549,0.8663805961608887,0.0170328933745622,Organic,organic_sudah_benar,Organic,0.1083,0.0026,0.8891,Organic,0.0749,0.3683,0.5567
O_2805.jpg,Organic,Organic,0.0312993600964546,0.0542164780199527,0.9144841432571412,0.981,0.967,0.436,0.705,full_frame,False,0.0312993600964546,0.9144841432571412,0.0542164780199527,Organic,organic_sudah_benar,Organic,0.0015,0.0001,0.9984,Organic,0.0093,0.0182,0.9725
O_2812.jpg,Organic,Organic,0.0759866759181022,0.0340042859315872,0.8900089859962463,0.942,0.938,0.389,0.708,full_frame,False,0.0759866759181022,0.8900089859962463,0.0340042859315872,Organic,organic_sudah_benar,Organic,0.0512,0.0055,0.9433,Electronic,0.0753,0.4779,0.4468
O_2815.jpg,Organic,Organic,0.0513348020613193,0.032662633806467,0.9160025715827942,0.662,0.961,0.0,0.602,perlu_cek_manual,False,0.0513348020613193,0.9160025715827942,0.032662633806467,Organic,organic_sudah_benar,Organic,0.0926,0.0091,0.8983,Organic,0.0317,0.1591,0.8092
O_2826.jpg,Organic,Organic,0.0399945676326751,0.0589398369193077,0.901065468788147,1.0,0.99,0.01,0.78,full_frame,True,0.1399945676326751,0.801065468788147,0.0589399635791778,Organic,organic_sudah_benar,Organic,0.0045,0.0002,0.9952,Organic,0.0645,0.3017,0.6338
O_2836.jpg,Organic,Organic,0.0142612308263778,0.0282881669700145,0.9574506282806396,0.716,0.939,0.451,0.621,perlu_cek_manual,False,0.0142612308263778,0.9574506282806396,0.0282881669700145,Organic,organic_sudah_benar,Organic,0.0066,0.0003,0.9931,Organic,0.0074,0.0702,0.9224
O_2839.jpg,Organic,Organic,0.0461974963545799,0.0221605375409126,0.9316419959068298,1.0,0.981,0.0,0.682,full_frame,True,0.1461974963545799,0.8316419959068299,0.0221605077385902,Organic,organic_sudah_benar,Organic,0.0264,0.0012,0.9723,Organic,0.0164,0.0159,0.9676
O_2846.jpg,Organic,Organic,0.0345689058303833,0.0340032801032066,0.9314277768135072,0.61,0.927,0.292,0.553,perlu_cek_manual,False,0.0345689058303833,0.9314277768135072,0.0340032801032066,Organic,organic_sudah_benar,Organic,0.0759,0.0253,0.8988,Organic,0.0309,0.0383,0.9308
O_2850.jpg,Organic,Organic,0.0297169182449579,0.0763955116271972,0.8938875198364258,0.43,0.425,0.292,0.335,background_terpisah,False,0.0297169182449579,0.8938875198364258,0.0763955116271972,Organic,organic_sudah_benar,Organic,0.0272,0.0005,0.9723,Organic,0.0523,0.1991,0.7486
O_2860.jpg,Organic,Organic,0.0195300951600074,0.0428343825042247,0.9376355409622192,0.374,0.871,0.333,0.653,full_frame,False,0.0195300951600074,0.9376355409622192,0.0428343825042247,Organic,organic_sudah_benar,Organic,0.0746,0.0008,0.9246,Organic,0.0253,0.0232,0.9515
O_2864.jpg,Organic,Organic,0.0153972059488296,0.0227999407798051,0.9618028402328492,0.761,0.898,0.407,0.707,full_frame,False,0.0153972059488296,0.9618028402328492,0.0227999407798051,Organic,organic_sudah_benar,Organic,0.003,0.0001,0.9969,Organic,0.0181,0.0633,0.9186
O_2871.jpg,Organic,Organic,0.0231288876384496,0.0138380620628595,0.9630330204963684,0.65,0.732,0.254,0.56,perlu_cek_manual,False,0.0231288876384496,0.9630330204963684,0.0138380620628595,Organic,organic_sudah_benar,Organic,0.0008,0.0001,0.9991,Electronic,0.0857,0.7492,0.1652
O_2875.jpg,Organic,Organic,0.1285855174064636,0.0366701632738113,0.8347443342208862,1.0,1.0,0.262,0.552,perlu_cek_manual,False,0.1285855174064636,0.8347443342208862,0.0366701632738113,Organic,organic_sudah_benar,Organic,0.0711,0.0157,0.9132,Organic,0.2843,0.2817,0.434
O_2877.jpg,Organic,Organic,0.0121564297005534,0.0141199259087443,0.9737236499786376,1.0,1.0,0.0,0.722,full_frame,True,0.1121564297005534,0.8737236499786377,0.0141199203208088,Organic,organic_sudah_benar,Organic,0.0035,0.0008,0.9957,Organic,0.0611,0.1471,0.7918
O_2881.jpg,Organic,Organic,0.0661070793867111,0.0910045504570007,0.842888355255127,0.952,0.997,0.0,0.734,full_frame,True,0.1661070793867111,0.742888355255127,0.0910045653581619,Organic,organic_sudah_benar,Organic,0.0858,0.0004,0.9138,Organic,0.0222,0.0535,0.9243
O_2883.jpg,Organic,Organic,0.0397444181144237,0.0392071045935153,0.9210485219955444,1.0,1.0,0.013,0.775,full_frame,True,0.1397444181144237,0.8210485219955445,0.0392070598900318,Organic,organic_sudah_benar,Organic,0.0032,0.0001,0.9968,Organic,0.0628,0.2263,0.7109
O_2894.jpg,Organic,Organic,0.0194821506738662,0.0483147576451301,0.9322030544281006,0.873,0.984,0.374,0.765,full_frame,False,0.0194821506738662,0.9322030544281006,0.0483147576451301,Organic,organic_sudah_benar,Organic,0.0668,0.001,0.9321,Organic,0.1254,0.3568,0.5178
O_2895.jpg,Organic,Organic,0.0200524739921093,0.1174589619040489,0.8624885678291321,0.838,0.938,0.396,0.595,perlu_cek_manual,False,0.0200524739921093,0.8624885678291321,0.1174589619040489,Organic,organic_sudah_benar,Organic,0.0166,0.0009,0.9824,Organic,0.0544,0.0508,0.8948
O_2897.jpg,Organic,Organic,0.2783362567424774,0.1221623569726944,0.5995014309883118,1.0,0.994,0.595,0.785,full_frame,False,0.2783362567424774,0.5995014309883118,0.1221623569726944,Organic,organic_sudah_benar,Organic,0.322,0.0012,0.6769,Organic,0.0447,0.1269,0.8284
O_2929.jpg,Organic,Organic,0.0226715244352817,0.0583785139024257,0.9189499616622924,0.907,0.994,0.33,0.752,full_frame,True,0.1226715244352817,0.8189499616622925,0.0583785139024257,Organic,organic_sudah_benar,Organic,0.0105,0.0001,0.9894,Organic,0.0168,0.0387,0.9445
O_2931.jpg,Organic,Organic,0.0329854078590869,0.0310026034712791,0.9360119104385376,1.0,0.907,0.643,0.871,full_frame,False,0.0329854078590869,0.9360119104385376,0.0310026034712791,Organic,organic_sudah_benar,Organic,0.0087,0.0003,0.991,Organic,0.0055,0.0147,0.9797
O_2937.jpg,Organic,Organic,0.0202452354133129,0.023933595046401,0.9558212161064148,1.0,0.688,0.526,0.604,perlu_cek_manual,False,0.0202452354133129,0.9558212161064148,0.023933595046401,Organic,organic_sudah_benar,Organic,0.0307,0.0045,0.9648,Organic,0.0356,0.1844,0.78
O_2951.jpg,Organic,Organic,0.0312094502151012,0.0148974806070327,0.9538930654525756,0.936,0.761,0.376,0.701,full_frame,False,0.0312094502151012,0.9538930654525756,0.0148974806070327,Organic,organic_sudah_benar,Organic,0.1205,0.0011,0.8783,Organic,0.0375,0.2413,0.7212
O_296.jpg,Organic,Organic,0.0993462353944778,0.0655071958899498,0.8351465463638306,0.125,0.151,0.529,0.196,background_terpisah,False,0.0993462353944778,0.8351465463638306,0.0655071958899498,Organic,organic_sudah_benar,Recyclable,0.7744,0.0003,0.2253,Organic,0.1113,0.1366,0.7521
O_2965.jpg,Organic,Organic,0.0249632634222507,0.0178765282034873,0.9571601748466492,0.785,0.555,0.585,0.56,perlu_cek_manual,False,0.0249632634222507,0.9571601748466492,0.0178765282034873,Organic,organic_sudah_benar,Organic,0.0468,0.0014,0.9518,Organic,0.0046,0.0782,0.9172
O_2966.jpg,Organic,Organic,0.0236629974097013,0.0177534762769937,0.9585835933685304,0.605,0.613,0.317,0.502,perlu_cek_manual,False,0.0236629974097013,0.9585835933685304,0.0177534762769937,Organic,organic_sudah_benar,Organic,0.2311,0.0005,0.7683,Organic,0.0429,0.4339,0.5232
O_2973.jpg,Organic,Organic,0.1219536215066909,0.0494585372507572,0.8285878896713257,0.178,0.284,0.455,0.286,background_terpisah,False,0.1219536215066909,0.8285878896713257,0.0494585372507572,Organic,organic_sudah_benar,Recyclable,0.7638,0.0094,0.2268,Organic,0.1885,0.3778,0.4337
O_298.jpg,Organic,Organic,0.0260636620223522,0.0085786245763301,0.9653577208518982,1.0,1.0,0.494,0.899,full_frame,False,0.0260636620223522,0.9653577208518982,0.0085786245763301,Organic,organic_sudah_benar,Organic,0.0183,0.0008,0.9808,Organic,0.1011,0.2511,0.6477
O_2996.jpg,Organic,Organic,0.0634542629122734,0.0465041138231754,0.8900415897369385,1.0,0.988,0.0,0.713,full_frame,True,0.1634542629122734,0.7900415897369385,0.0465041473507881,Organic,organic_sudah_benar,Organic,0.0951,0.026,0.8789,Organic,0.03,0.2804,0.6896
O_3001.jpg,Organic,Organic,0.0378495827317237,0.0159251298755407,0.9462252855300904,0.004,0.04,0.564,0.125,background_terpisah,False,0.0378495827317237,0.9462252855300904,0.0159251298755407,Organic,organic_sudah_benar,Organic,0.0201,0.0002,0.9796,Organic,0.141,0.3929,0.4661
O_3003.jpg,Organic,Organic,0.0732786133885383,0.0591477416455745,0.8675736784934998,0.258,0.818,0.552,0.44,perlu_cek_manual,False,0.0732786133885383,0.8675736784934998,0.0591477416455745,Organic,organic_sudah_benar,Organic,0.1058,0.0018,0.8924,Organic,0.0131,0.1112,0.8757
O_3009.jpg,Organic,Organic,0.0103937378153204,0.009858613833785,0.9797476530075072,0.209,0.43,0.311,0.277,background_terpisah,False,0.0103937378153204,0.9797476530075072,0.009858613833785,Organic,organic_sudah_benar,Organic,0.1784,0.0046,0.8171,Organic,0.0162,0.1202,0.8636
O_3032.jpg,Organic,Organic,0.032891921699047,0.0365367755293846,0.9305713176727296,0.151,0.251,0.395,0.236,background_terpisah,False,0.032891921699047,0.9305713176727296,0.0365367755293846,Organic,organic_sudah_benar,Organic,0.4498,0.0002,0.55,Organic,0.0772,0.2533,0.6696
O_3036.jpg,Organic,Organic,0.055610217154026,0.0422165542840957,0.9021732211112976,1.0,0.956,0.401,0.685,full_frame,False,0.055610217154026,0.9021732211112976,0.0422165542840957,Organic,organic_sudah_benar,Organic,0.0202,0.0006,0.9791,Organic,0.3444,0.2076,0.448
O_3051.jpg,Organic,Organic,0.036448698490858,0.0338670909404754,0.929684281349182,1.0,0.996,0.437,0.78,full_frame,False,0.036448698490858,0.929684281349182,0.0338670909404754,Organic,organic_sudah_benar,Organic,0.2284,0.009,0.7625,Organic,0.0518,0.1773,0.7709
O_3060.jpg,Organic,Organic,0.0304207373410463,0.0203511901199817,0.9492281079292296,0.513,0.475,0.354,0.49,perlu_cek_manual,False,0.0304207373410463,0.9492281079292296,0.0203511901199817,Organic,organic_sudah_benar,Organic,0.271,0.0022,0.7268,Organic,0.0826,0.2943,0.6231
O_3063.jpg,Organic,Organic,0.085398145020008,0.0766222178936004,0.8379796743392944,0.544,0.842,0.426,0.463,perlu_cek_manual,False,0.085398145020008,0.8379796743392944,0.0766222178936004,Organic,organic_sudah_benar,Organic,0.2696,0.0026,0.7277,Organic,0.0931,0.2933,0.6136
O_3070.jpg,Organic,Organic,0.0173224173486232,0.0300527997314929,0.9526248574256896,0.829,0.966,0.418,0.669,full_frame,False,0.0173224173486232,0.9526248574256896,0.0300527997314929,Organic,organic_sudah_benar,Organic,0.0314,0.0005,0.9682,Organic,0.0548,0.4422,0.503
O_3073.jpg,Organic,Organic,0.0433357171714305,0.0914427116513252,0.8652216196060181,0.374,0.348,0.571,0.382,perlu_cek_manual,False,0.0433357171714305,0.8652216196060181,0.0914427116513252,Organic,organic_sudah_benar,Organic,0.2025,0.0015,0.796,Organic,0.0291,0.2427,0.7283
O_3074.jpg,Organic,Organic,0.0616377107799053,0.043918989598751,0.8944432735443115,0.952,0.642,0.617,0.838,full_frame,False,0.0616377107799053,0.8944432735443115,0.043918989598751,Organic,organic_sudah_benar,Organic,0.4919,0.0018,0.5062,Electronic,0.1102,0.5914,0.2984
O_3076.jpg,Organic,Organic,0.0477821417152881,0.1185740530490875,0.8336437940597534,0.386,0.484,0.541,0.413,perlu_cek_manual,False,0.0477821417152881,0.8336437940597534,0.1185740530490875,Organic,organic_sudah_benar,Organic,0.2545,0.0069,0.7387,Organic,0.0445,0.3141,0.6414
O_3078.jpg,Organic,Organic,0.0375711433589458,0.030889444053173,0.9315393567085266,0.0,0.012,0.472,0.097,background_terpisah,False,0.0375711433589458,0.9315393567085266,0.030889444053173,Organic,organic_sudah_benar,Organic,0.0782,0.0002,0.9216,Organic,0.0953,0.384,0.5207
O_3079.jpg,Organic,Organic,0.0330459922552108,0.0711826160550117,0.8957713842391968,0.369,0.835,0.362,0.489,perlu_cek_manual,False,0.0330459922552108,0.8957713842391968,0.0711826160550117,Organic,organic_sudah_benar,Organic,0.1666,0.0032,0.8302,Organic,0.1124,0.2595,0.6281
O_308.jpg,Organic,Organic,0.1055748686194419,0.0601188726723194,0.8343062400817871,1.0,1.0,0.214,0.843,full_frame,True,0.205574868619442,0.7343062400817871,0.0601188912987709,Organic,organic_sudah_benar,Organic,0.1306,0.0355,0.8338,Electronic,0.1055,0.5326,0.3618
O_3082.jpg,Organic,Organic,0.0726339593529701,0.0311008095741271,0.8962651491165161,1.0,1.0,0.0,0.754,full_frame,True,0.1726339593529701,0.7962651491165161,0.0311008915305137,Organic,organic_sudah_benar,Organic,0.1393,0.0007,0.8599,Organic,0.1663,0.111,0.7227
O_3083.jpg,Organic,Organic,0.0294875651597976,0.0196323618292808,0.9508799910545348,0.718,0.628,0.549,0.537,perlu_cek_manual,False,0.0294875651597976,0.9508799910545348,0.0196323618292808,Organic,organic_sudah_benar,Organic,0.0774,0.001,0.9216,Electronic,0.0248,0.5826,0.3926
O_3085.jpg,Organic,Organic,0.0400427803397178,0.0167118981480598,0.9432453513145448,1.0,0.986,0.521,0.87,full_frame,False,0.0400427803397178,0.9432453513145448,0.0167118981480598,Organic,organic_sudah_benar,Organic,0.1063,0.0074,0.8863,Organic,0.0594,0.3689,0.5717
O_3089.jpg,Organic,Organic,0.0350875370204448,0.0249182246625423,0.939994215965271,1.0,1.0,0.631,0.89,full_frame,False,0.0350875370204448,0.939994215965271,0.0249182246625423,Organic,organic_sudah_benar,Organic,0.0227,0.0001,0.9772,Organic,0.1218,0.348,0.5302
O_3091.jpg,Organic,Organic,0.0371962413191795,0.0455609709024429,0.9172427654266356,0.34,0.472,0.482,0.367,perlu_cek_manual,False,0.0371962413191795,0.9172427654266356,0.0455609709024429,Organic,organic_sudah_benar,Organic,0.145,0.0011,0.8539,Organic,0.017,0.3318,0.6512
O_3093.jpg,Organic,Organic,0.0688966214656829,0.0794625878334045,0.8516408801078796,1.0,0.951,0.007,0.626,perlu_cek_manual,False,0.0688966214656829,0.8516408801078796,0.0794625878334045,Organic,organic_sudah_benar,Organic,0.0565,0.3432,0.6004,Organic,0.0482,0.1193,0.8326
O_3095.jpg,Organic,Organic,0.0506563521921634,0.0256174579262733,0.923726201057434,0.903,0.986,0.365,0.635,perlu_cek_manual,False,0.0506563521921634,0.923726201057434,0.0256174579262733,Organic,organic_sudah_benar,Organic,0.0874,0.0038,0.9088,Organic,0.1397,0.2324,0.628
O_3096.jpg,Organic,Organic,0.0502010099589824,0.0466014482080936,0.9031975269317628,1.0,1.0,0.42,0.664,full_frame,False,0.0502010099589824,0.9031975269317628,0.0466014482080936,Organic,organic_sudah_benar,Organic,0.1109,0.0014,0.8878,Organic,0.0232,0.0652,0.9116
O_3105.jpg,Organic,Organic,0.074374996125698,0.0348508618772029,0.890774130821228,0.451,0.903,0.399,0.504,perlu_cek_manual,False,0.074374996125698,0.890774130821228,0.0348508618772029,Organic,organic_sudah_benar,Organic,0.0337,0.0022,0.964,Electronic,0.0491,0.5422,0.4087
O_3110.jpg,Organic,Organic,0.0322861783206462,0.0652675032615661,0.9024463295936584,0.482,0.417,0.538,0.391,perlu_cek_manual,False,0.0322861783206462,0.9024463295936584,0.0652675032615661,Organic,organic_sudah_benar,Organic,0.1316,0.0021,0.8663,Organic,0.0422,0.4434,0.5144
O_3121.jpg,Organic,Organic,0.1058674678206443,0.0797010958194732,0.8144314289093018,1.0,0.942,0.454,0.672,full_frame,False,0.1058674678206443,0.8144314289093018,0.0797010958194732,Organic,organic_sudah_benar,Organic,0.2943,0.0093,0.6964,Organic,0.0791,0.0998,0.821
O_3129.jpg,Organic,Organic,0.0631887018680572,0.0460004843771457,0.8908108472824097,0.0,0.0,0.48,0.096,background_terpisah,False,0.0631887018680572,0.8908108472824097,0.0460004843771457,Organic,organic_sudah_benar,Organic,0.3261,0.0023,0.6716,Organic,0.3189,0.3267,0.3544
O_3133.jpg,Organic,Organic,0.035054612904787,0.0269529074430465,0.9379924535751344,1.0,0.982,0.375,0.731,full_frame,False,0.035054612904787,0.9379924535751344,0.0269529074430465,Organic,organic_sudah_benar,Organic,0.0797,0.0172,0.9031,Organic,0.1904,0.2185,0.5911
O_3140.jpg,Organic,Organic,0.0604608841240406,0.060394812375307,0.8791442513465881,0.639,0.95,0.545,0.636,perlu_cek_manual,False,0.0604608841240406,0.8791442513465881,0.060394812375307,Organic,organic_sudah_benar,Recyclable,0.5139,0.0025,0.4836,Organic,0.0397,0.2934,0.6669
O_3141.jpg,Organic,Organic,0.0357953682541847,0.0352315939962863,0.9289729595184326,1.0,0.996,0.0,0.783,full_frame,True,0.1357953682541847,0.8289729595184326,0.0352316722273826,Organic,organic_sudah_benar,Organic,0.1414,0.0005,0.8581,Organic,0.0754,0.3802,0.5445
O_3146.jpg,Organic,Organic,0.031192347407341,0.0169100631028413,0.9518976211547852,1.0,0.976,0.392,0.696,full_frame,False,0.031192347407341,0.9518976211547852,0.0169100631028413,Organic,organic_sudah_benar,Recyclable,0.6345,0.0107,0.3548,Organic,0.0708,0.2958,0.6334
O_3169.jpg,Organic,Organic,0.0298358965665102,0.0158524140715599,0.954311728477478,0.834,0.957,0.379,0.807,full_frame,False,0.0298358965665102,0.954311728477478,0.0158524140715599,Organic,organic_sudah_benar,Organic,0.2585,0.0029,0.7386,Electronic,0.0365,0.5801,0.3834
O_3173.jpg,Organic,Organic,0.0655776709318161,0.0198500249534845,0.914572298526764,0.803,0.948,0.384,0.729,full_frame,False,0.0655776709318161,0.914572298526764,0.0198500249534845,Organic,organic_sudah_benar,Organic,0.0149,0.0059,0.9792,Organic,0.0834,0.0949,0.8217
O_3181.jpg,Organic,Organic,0.0341335013508796,0.0171284265816211,0.9487380385398864,1.0,1.0,0.453,0.71,full_frame,False,0.0341335013508796,0.9487380385398864,0.0171284265816211,Organic,organic_sudah_benar,Organic,0.1247,0.0093,0.866,Organic,0.0379,0.1967,0.7654
O_3183.jpg,Organic,Organic,0.0342265479266643,0.0380459129810333,0.9277275204658508,1.0,1.0,0.462,0.892,full_frame,False,0.0342265479266643,0.9277275204658508,0.0380459129810333,Organic,organic_sudah_benar,Organic,0.0761,0.004,0.9199,Electronic,0.1361,0.4737,0.3902
O_3184.jpg,Organic,Organic,0.0751377120614051,0.0463091507554054,0.8785532116889954,0.515,0.756,0.64,0.55,perlu_cek_manual,False,0.0751377120614051,0.8785532116889954,0.0463091507554054,Organic,organic_sudah_benar,Organic,0.1996,0.002,0.7984,Organic,0.3013,0.1725,0.5262
O_3191.jpg,Organic,Organic,0.016429865732789,0.0373231060802936,0.9462470412254332,0.617,0.911,0.522,0.601,perlu_cek_manual,False,0.016429865732789,0.9462470412254332,0.0373231060802936,Organic,organic_sudah_benar,Organic,0.1597,0.0036,0.8367,Organic,0.3077,0.1163,0.576
O_3207.jpg,Organic,Organic,0.0238449443131685,0.0721994340419769,0.9039556384086608,0.988,1.0,0.641,0.919,full_frame,False,0.0238449443131685,0.9039556384086608,0.0721994340419769,Organic,organic_sudah_benar,Organic,0.1495,0.0015,0.849,Organic,0.0189,0.1965,0.7846
O_3210.jpg,Organic,Organic,0.0173870306462049,0.0385936424136161,0.944019377231598,0.659,0.861,0.466,0.552,perlu_cek_manual,False,0.0173870306462049,0.944019377231598,0.0385936424136161,Organic,organic_sudah_benar,Organic,0.086,0.0019,0.9121,Organic,0.0488,0.2335,0.7176
O_3215.jpg,Organic,Organic,0.0186437256634235,0.0306761860847473,0.9506801962852478,0.719,0.908,0.472,0.578,perlu_cek_manual,False,0.0186437256634235,0.9506801962852478,0.0306761860847473,Organic,organic_sudah_benar,Organic,0.0742,0.001,0.9248,Recyclable,0.4691,0.1696,0.3614
O_3232.jpg,Organic,Organic,0.0514871925115585,0.0248923040926456,0.9236204028129578,0.86,0.961,0.007,0.644,perlu_cek_manual,False,0.0514871925115585,0.9236204028129578,0.0248923040926456,Organic,organic_sudah_benar,Recyclable,0.6939,0.0255,0.2805,Organic,0.0091,0.0333,0.9576
O_3233.jpg,Organic,Organic,0.0404186248779296,0.0891740396618843,0.8704073429107666,0.155,0.42,0.456,0.258,background_terpisah,False,0.0404186248779296,0.8704073429107666,0.0891740396618843,Organic,organic_sudah_benar,Organic,0.3265,0.0017,0.6718,Electronic,0.1317,0.4614,0.4069
O_3245.jpg,Organic,Organic,0.04082603007555,0.0248203892260789,0.9343535900115968,0.991,1.0,0.467,0.828,full_frame,False,0.04082603007555,0.9343535900115968,0.0248203892260789,Organic,organic_sudah_benar,Organic,0.1673,0.001,0.8317,Organic,0.2551,0.1068,0.6382
O_3249.jpg,Organic,Organic,0.076277919113636,0.0303178839385509,0.8934043049812317,0.632,0.934,0.34,0.553,perlu_cek_manual,False,0.076277919113636,0.8934043049812317,0.0303178839385509,Organic,organic_sudah_benar,Organic,0.0136,0.0006,0.9858,Organic,0.0199,0.2916,0.6885
O_3256.jpg,Organic,Organic,0.1019555404782295,0.0168738476932048,0.8811706304550171,0.817,0.968,0.297,0.647,perlu_cek_manual,False,0.1019555404782295,0.8811706304550171,0.0168738476932048,Organic,organic_sudah_benar,Recyclable,0.6432,0.0025,0.3543,Electronic,0.2008,0.4513,0.3479
O_3258.jpg,Organic,Organic,0.0384431034326553,0.0322277769446373,0.9293291568756104,1.0,0.779,0.445,0.772,full_frame,False,0.0384431034326553,0.9293291568756104,0.0322277769446373,Organic,organic_sudah_benar,Organic,0.0567,0.0004,0.9429,Organic,0.0653,0.3927,0.542
O_3264.jpg,Organic,Organic,0.0708211511373519,0.0824122875928878,0.8467666506767273,0.726,0.989,0.288,0.627,perlu_cek_manual,False,0.0708211511373519,0.8467666506767273,0.0824122875928878,Organic,organic_sudah_benar,Organic,0.1897,0.1497,0.6606,Recyclable,0.3996,0.3034,0.297
O_3265.jpg,Organic,Organic,0.0106590874493122,0.008935329504311,0.980405569076538,0.858,0.954,0.409,0.672,full_frame,False,0.0106590874493122,0.980405569076538,0.008935329504311,Organic,organic_sudah_benar,Organic,0.027,0.0045,0.9685,Organic,0.0144,0.1433,0.8424
O_3267.jpg,Organic,Organic,0.0343687757849693,0.0251209549605846,0.9405103325843812,0.897,0.984,0.125,0.763,full_frame,True,0.1343687757849693,0.8405103325843811,0.0251208916306495,Organic,organic_sudah_benar,Organic,0.1168,0.0003,0.8829,Organic,0.0195,0.1523,0.8283
O_3274.jpg,Organic,Organic,0.0557017214596271,0.0777846425771713,0.8665136694908142,0.536,0.705,0.481,0.508,perlu_cek_manual,False,0.0557017214596271,0.8665136694908142,0.0777846425771713,Organic,organic_sudah_benar,Organic,0.1366,0.0021,0.8613,Electronic,0.1661,0.6012,0.2327
O_3275.jpg,Organic,Organic,0.0663972571492195,0.0427152961492538,0.8908874988555908,1.0,0.972,0.503,0.744,full_frame,False,0.0663972571492195,0.8908874988555908,0.0427152961492538,Organic,organic_sudah_benar,Organic,0.3966,0.0018,0.6015,Organic,0.0271,0.3505,0.6224
O_3278.jpg,Organic,Organic,0.0370743013918399,0.0165869947522878,0.9463386535644532,0.857,0.985,0.459,0.76,full_frame,False,0.0370743013918399,0.9463386535644532,0.0165869947522878,Organic,organic_sudah_benar,Organic,0.1166,0.0006,0.8828,Electronic,0.0821,0.4606,0.4574
O_3279.jpg,Organic,Organic,0.0452247783541679,0.0306083150207996,0.9241668581962584,1.0,1.0,0.555,0.836,full_frame,False,0.0452247783541679,0.9241668581962584,0.0306083150207996,Organic,organic_sudah_benar,Organic,0.3116,0.0078,0.6806,Organic,0.0623,0.1507,0.787
O_3284.jpg,Organic,Organic,0.0215400774031877,0.0177777409553527,0.960682213306427,0.976,0.811,0.361,0.701,full_frame,False,0.0215400774031877,0.960682213306427,0.0177777409553527,Organic,organic_sudah_benar,Organic,0.1783,0.0004,0.8213,Organic,0.0702,0.4509,0.4789
O_3286.jpg,Organic,Organic,0.0198289398103952,0.0257567930966615,0.9544141888618468,1.0,0.968,0.628,0.819,full_frame,False,0.0198289398103952,0.9544141888618468,0.0257567930966615,Organic,organic_sudah_benar,Organic,0.0086,0.0075,0.9839,Organic,0.0337,0.3578,0.6085
O_3292.jpg,Organic,Organic,0.0552678294479846,0.044167473912239,0.9005647897720337,0.775,0.848,0.161,0.634,perlu_cek_manual,False,0.0552678294479846,0.9005647897720337,0.044167473912239,Organic,organic_sudah_benar,Organic,0.0167,0.0163,0.9671,Electronic,0.0135,0.8244,0.1621
O_3293.jpg,Organic,Organic,0.0442009009420871,0.0481595657765865,0.9076394438743592,0.487,0.956,0.47,0.708,full_frame,False,0.0442009009420871,0.9076394438743592,0.0481595657765865,Organic,organic_sudah_benar,Recyclable,0.5454,0.0077,0.447,Organic,0.2757,0.0945,0.6298
O_3294.jpg,Organic,Organic,0.1287283897399902,0.0428137741982936,0.8284578323364258,0.951,0.843,0.615,0.737,full_frame,False,0.1287283897399902,0.8284578323364258,0.0428137741982936,Organic,organic_sudah_benar,Organic,0.0901,0.001,0.909,Electronic,0.0612,0.5001,0.4387
O_3295.jpg,Organic,Organic,0.0581077449023723,0.016517037525773,0.92537522315979,0.256,0.764,0.498,0.453,perlu_cek_manual,False,0.0581077449023723,0.92537522315979,0.016517037525773,Organic,organic_sudah_benar,Organic,0.0585,0.0213,0.9202,Organic,0.018,0.3091,0.6729
O_3299.jpg,Organic,Organic,0.0446039624512195,0.0832138806581497,0.8721821904182434,0.028,0.079,0.588,0.15,background_terpisah,False,0.0446039624512195,0.8721821904182434,0.0832138806581497,Organic,organic_sudah_benar,Organic,0.449,0.0054,0.5456,Organic,0.0384,0.3905,0.5711
O_3305.jpg,Organic,Organic,0.0798764750361442,0.0125514743849635,0.9075720906257628,0.333,0.37,0.479,0.318,background_terpisah,False,0.0798764750361442,0.9075720906257628,0.0125514743849635,Organic,organic_sudah_benar,Recyclable,0.6345,0.0009,0.3646,Electronic,0.0963,0.6776,0.226
O_3311.jpg,Organic,Organic,0.0507841035723686,0.0495589599013328,0.8996568918228149,0.865,1.0,0.026,0.727,full_frame,True,0.1507841035723686,0.799656891822815,0.0495590046048164,Organic,organic_sudah_benar,Organic,0.0781,0.0075,0.9144,Organic,0.061,0.1927,0.7463
O_332.jpg,Organic,Organic,0.0538748428225517,0.0420663282275199,0.9040589332580566,1.0,1.0,0.0,0.8,full_frame,True,0.1538748428225517,0.8040589332580567,0.0420662239193916,Organic,organic_sudah_benar,Organic,0.0115,0.004,0.9845,Organic,0.0495,0.0371,0.9134
O_3346.jpg,Organic,Organic,0.0406466089189052,0.0658329427242279,0.8935204744338989,1.0,0.996,0.0,0.749,full_frame,True,0.1406466089189052,0.793520474433899,0.0658329166471958,Organic,organic_sudah_benar,Organic,0.1697,0.0495,0.7807,Organic,0.046,0.0849,0.8691
O_3348.jpg,Organic,Organic,0.2435530126094818,0.0332632362842559,0.7231837511062622,0.588,0.436,0.462,0.432,perlu_cek_manual,False,0.2435530126094818,0.7231837511062622,0.0332632362842559,Organic,organic_sudah_benar,Recyclable,0.6408,0.0155,0.3436,Organic,0.3377,0.181,0.4813
O_3358.jpg,Organic,Organic,0.1091820001602172,0.0676155537366867,0.8232024312019348,0.56,0.822,0.398,0.558,perlu_cek_manual,False,0.1091820001602172,0.8232024312019348,0.0676155537366867,Organic,organic_sudah_benar,Recyclable,0.5137,0.0051,0.4813,Electronic,0.182,0.4924,0.3255
O_3362.jpg,Organic,Organic,0.2403160482645034,0.0582982972264289,0.7013856172561646,0.556,0.971,0.315,0.604,perlu_cek_manual,False,0.2403160482645034,0.7013856172561646,0.0582982972264289,Organic,organic_sudah_benar,Organic,0.1892,0.0071,0.8038,Organic,0.0636,0.124,0.8124
O_3368.jpg,Organic,Organic,0.0357563532888889,0.1033192723989486,0.8609244227409363,0.146,0.344,0.547,0.32,background_terpisah,False,0.0357563532888889,0.8609244227409363,0.1033192723989486,Organic,organic_sudah_benar,Organic,0.0584,0.0019,0.9397,Organic,0.1086,0.3312,0.5602
O_337.jpg,Organic,Organic,0.0487265437841415,0.0305463578552007,0.9207271933555604,0.2,0.406,0.511,0.333,background_terpisah,False,0.0487265437841415,0.9207271933555604,0.0305463578552007,Organic,organic_sudah_benar,Organic,0.0081,0.0017,0.9902,Organic,0.0535,0.1597,0.7867
O_3371.jpg,Organic,Organic,0.0405066907405853,0.0424123480916023,0.9170809388160706,1.0,0.696,0.699,0.78,full_frame,False,0.0405066907405853,0.9170809388160706,0.0424123480916023,Organic,organic_sudah_benar,Organic,0.1134,0.0002,0.8864,Organic,0.0748,0.1093,0.816
O_3382.jpg,Organic,Organic,0.0146098313853144,0.0258366130292415,0.9595535397529602,0.077,0.194,0.389,0.176,background_terpisah,False,0.0146098313853144,0.9595535397529602,0.0258366130292415,Organic,organic_sudah_benar,Organic,0.0453,0.0002,0.9545,Organic,0.0456,0.4045,0.55
O_3383.jpg,Organic,Organic,0.0405411720275878,0.0287132393568754,0.9307456016540528,1.0,1.0,0.0,0.782,full_frame,True,0.1405411720275879,0.8307456016540528,0.0287132263183593,Organic,organic_sudah_benar,Organic,0.1245,0.0012,0.8743,Organic,0.0187,0.132,0.8493
O_3385.jpg,Organic,Organic,0.026914894580841,0.0230020880699157,0.9500830173492432,0.933,0.835,0.619,0.71,full_frame,False,0.026914894580841,0.9500830173492432,0.0230020880699157,Organic,organic_sudah_benar,Organic,0.0149,0.007,0.9781,Organic,0.0595,0.1551,0.7854
O_3389.jpg,Organic,Organic,0.0275009833276271,0.0165154952555894,0.9559835195541382,1.0,0.973,0.228,0.657,full_frame,True,0.1275009833276272,0.8559835195541382,0.0165154971182346,Organic,organic_sudah_benar,Organic,0.303,0.0025,0.6945,Organic,0.094,0.1517,0.7543
O_341.jpg,Organic,Organic,0.0513488240540027,0.0300684534013271,0.9185826778411864,0.0,0.027,0.575,0.12,background_terpisah,False,0.0513488240540027,0.9185826778411864,0.0300684534013271,Organic,organic_sudah_benar,Organic,0.0097,0.0003,0.99,Electronic,0.1026,0.722,0.1755
O_3420.jpg,Organic,Organic,0.0938378497958183,0.0596168264746665,0.8465453386306763,1.0,0.974,0.0,0.771,full_frame,True,0.1938378497958183,0.7465453386306763,0.0596168115735054,Organic,organic_sudah_benar,Organic,0.0115,0.0168,0.9718,Organic,0.063,0.3368,0.6003
O_3422.jpg,Organic,Organic,0.0087495483458042,0.0227175001055002,0.968532919883728,1.0,0.99,0.358,0.789,full_frame,False,0.0087495483458042,0.968532919883728,0.0227175001055002,Organic,organic_sudah_benar,Organic,0.0273,0.0002,0.9725,Organic,0.0908,0.1997,0.7095
O_3430.jpg,Organic,Organic,0.029674582183361,0.0408245436847209,0.9295008778572084,1.0,1.0,0.272,0.78,full_frame,True,0.129674582183361,0.8295008778572083,0.0408245399594306,Organic,organic_sudah_benar,Organic,0.1606,0.0102,0.8293,Organic,0.0353,0.3812,0.5835
O_3444.jpg,Organic,Organic,0.0159552488476037,0.019607339054346,0.9644374251365662,1.0,0.963,0.149,0.715,full_frame,True,0.1159552488476038,0.8644374251365662,0.01960732601583,Organic,organic_sudah_benar,Organic,0.2559,0.0586,0.6855,Electronic,0.1337,0.5057,0.3606
O_3447.jpg,Organic,Organic,0.0493826903402805,0.0343036577105522,0.9163137078285216,1.0,0.99,0.374,0.805,full_frame,False,0.0493826903402805,0.9163137078285216,0.0343036577105522,Organic,organic_sudah_benar,Organic,0.2918,0.0064,0.7018,Electronic,0.1055,0.6017,0.2928
O_3464.jpg,Organic,Organic,0.0415111370384693,0.0269525311887264,0.9315363764762878,0.837,0.988,0.023,0.668,full_frame,True,0.1415111370384693,0.8315363764762879,0.0269524864852428,Organic,organic_sudah_benar,Organic,0.1046,0.006,0.8894,Organic,0.0211,0.4497,0.5292
O_347.jpg,Organic,Organic,0.033571433275938,0.0233757887035608,0.9430528879165648,0.711,0.954,0.499,0.77,full_frame,False,0.033571433275938,0.9430528879165648,0.0233757887035608,Organic,organic_sudah_benar,Organic,0.0101,0.0004,0.9895,Electronic,0.153,0.6433,0.2037
O_3471.jpg,Organic,Organic,0.0775927752256393,0.0566671080887317,0.8657401204109192,0.513,0.936,0.414,0.583,perlu_cek_manual,False,0.0775927752256393,0.8657401204109192,0.0566671080887317,Organic,organic_sudah_benar,Organic,0.3122,0.0222,0.6656,Organic,0.094,0.0476,0.8584
O_3475.jpg,Organic,Organic,0.0961945578455925,0.0707967802882194,0.8330085873603821,0.071,0.664,0.471,0.293,background_terpisah,False,0.0961945578455925,0.8330085873603821,0.0707967802882194,Organic,organic_sudah_benar,Organic,0.1754,0.0084,0.8162,Organic,0.1749,0.2398,0.5853
O_3477.jpg,Organic,Organic,0.1632414907217025,0.1512740105390548,0.6854844689369202,0.004,0.508,0.44,0.191,background_terpisah,False,0.1632414907217025,0.6854844689369202,0.1512740105390548,Organic,organic_sudah_benar,Organic,0.1589,0.0301,0.8111,Organic,0.0213,0.2287,0.75
O_3480.jpg,Organic,Organic,0.0364753752946853,0.0159300416707992,0.9475946426391602,0.563,0.951,0.469,0.66,full_frame,False,0.0364753752946853,0.9475946426391602,0.0159300416707992,Organic,organic_sudah_benar,Organic,0.1782,0.0003,0.8215,Organic,0.0744,0.1385,0.7871
O_3481.jpg,Organic,Organic,0.060929100960493,0.0378491841256618,0.901221752166748,1.0,0.992,0.501,0.755,full_frame,False,0.060929100960493,0.901221752166748,0.0378491841256618,Organic,organic_sudah_benar,Organic,0.1573,0.0031,0.8396,Organic,0.3163,0.2035,0.4802
O_3483.jpg,Organic,Organic,0.0310786217451095,0.0266589578241109,0.9422624111175536,1.0,0.937,0.689,0.793,full_frame,False,0.0310786217451095,0.9422624111175536,0.0266589578241109,Organic,organic_sudah_benar,Organic,0.0103,0.0007,0.989,Organic,0.007,0.0765,0.9165
O_3485.jpg,Organic,Organic,0.0527944192290306,0.0475677587091922,0.8996378183364868,0.449,0.74,0.488,0.525,perlu_cek_manual,False,0.0527944192290306,0.8996378183364868,0.0475677587091922,Organic,organic_sudah_benar,Organic,0.3676,0.0014,0.631,Organic,0.1141,0.3567,0.5293
O_3490.jpg,Organic,Organic,0.0107651036232709,0.0470547825098037,0.9421800971031188,0.497,0.793,0.351,0.522,perlu_cek_manual,False,0.0107651036232709,0.9421800971031188,0.0470547825098037,Organic,organic_sudah_benar,Organic,0.1605,0.0005,0.839,Organic,0.0645,0.0636,0.8718
O_3493.jpg,Organic,Organic,0.0257216747850179,0.03339434415102,0.9408839344978333,1.0,1.0,0.527,0.797,full_frame,False,0.0257216747850179,0.9408839344978333,0.03339434415102,Organic,organic_sudah_benar,Organic,0.1005,0.0014,0.8981,Organic,0.0381,0.2561,0.7058
O_3494.jpg,Organic,Organic,0.0280665718019008,0.0357945375144481,0.9361388087272644,1.0,0.998,0.266,0.728,full_frame,True,0.1280665718019008,0.8361388087272644,0.0357946194708347,Organic,organic_sudah_benar,Organic,0.4348,0.0112,0.554,Organic,0.0742,0.4157,0.5101
O_3498.jpg,Organic,Organic,0.0123837180435657,0.0232314597815275,0.9643847346305848,0.826,0.98,0.514,0.755,full_frame,False,0.0123837180435657,0.9643847346305848,0.0232314597815275,Organic,organic_sudah_benar,Organic,0.0465,0.0059,0.9476,Organic,0.0407,0.2608,0.6985
O_3504.jpg,Organic,Organic,0.0467006526887416,0.0201236419379711,0.9331756234169006,0.006,0.232,0.446,0.149,background_terpisah,False,0.0467006526887416,0.9331756234169006,0.0201236419379711,Organic,organic_sudah_benar,Organic,0.0902,0.1023,0.8075,Organic,0.1123,0.4052,0.4824
O_3514.jpg,Organic,Organic,0.0183149687945842,0.0418165102601051,0.9398684501647948,0.781,0.971,0.48,0.62,perlu_cek_manual,False,0.0183149687945842,0.9398684501647948,0.0418165102601051,Organic,organic_sudah_benar,Organic,0.1335,0.009,0.8576,Organic,0.009,0.0289,0.962
O_3523.jpg,Organic,Organic,0.0428339578211307,0.0551341846585273,0.9020318984985352,0.844,0.478,0.608,0.59,perlu_cek_manual,False,0.0428339578211307,0.9020318984985352,0.0551341846585273,Organic,organic_sudah_benar,Organic,0.1399,0.0074,0.8527,Organic,0.08,0.3088,0.6112
O_3524.jpg,Organic,Organic,0.0902892500162124,0.0678470358252525,0.841863751411438,1.0,0.955,0.31,0.674,full_frame,True,0.1902892500162124,0.741863751411438,0.0678469985723495,Organic,organic_sudah_benar,Recyclable,0.5203,0.0021,0.4777,Organic,0.0476,0.033,0.9194
O_3526.jpg,Organic,Organic,0.0245328024029731,0.0215416941791772,0.9539254903793336,0.303,0.412,0.57,0.472,perlu_cek_manual,False,0.0245328024029731,0.9539254903793336,0.0215416941791772,Organic,organic_sudah_benar,Recyclable,0.5134,0.004,0.4826,Electronic,0.1628,0.448,0.3892
O_3528.jpg,Organic,Organic,0.0312071926891803,0.0225600581616163,0.9462327361106871,0.71,0.92,0.568,0.662,full_frame,False,0.0312071926891803,0.9462327361106871,0.0225600581616163,Organic,organic_sudah_benar,Organic,0.0331,0.0041,0.9627,Organic,0.0833,0.2079,0.7088
O_3538.jpg,Organic,Organic,0.1007816046476364,0.022560192272067,0.8766582012176514,0.968,1.0,0.0,0.791,full_frame,True,0.2007816046476364,0.7766582012176514,0.0225601941347122,Organic,organic_sudah_benar,Organic,0.0987,0.0011,0.9003,Organic,0.0528,0.3381,0.6091
O_3545.jpg,Organic,Organic,0.1563953757286071,0.0901468992233276,0.7534577250480652,0.005,0.124,0.435,0.113,background_terpisah,False,0.1563953757286071,0.7534577250480652,0.0901468992233276,Organic,organic_sudah_benar,Organic,0.3107,0.0029,0.6864,Organic,0.2998,0.3193,0.3809
O_3548.jpg,Organic,Organic,0.0114188138395547,0.0269086733460426,0.9616724252700806,0.667,0.937,0.387,0.596,perlu_cek_manual,False,0.0114188138395547,0.9616724252700806,0.0269086733460426,Organic,organic_sudah_benar,Organic,0.1721,0.0007,0.8272,Organic,0.0573,0.0799,0.8627
O_3553.jpg,Organic,Organic,0.0416977740824222,0.0801105126738548,0.8781916499137878,0.984,0.881,0.57,0.742,full_frame,False,0.0416977740824222,0.8781916499137878,0.0801105126738548,Organic,organic_sudah_benar,Organic,0.1851,0.0023,0.8126,Electronic,0.043,0.7218,0.2352
O_3558.jpg,Organic,Organic,0.044767715036869,0.0253930352628231,0.929839253425598,1.0,0.979,0.419,0.774,full_frame,False,0.044767715036869,0.929839253425598,0.0253930352628231,Organic,organic_sudah_benar,Organic,0.1319,0.0038,0.8643,Organic,0.0587,0.4584,0.483
O_3559.jpg,Organic,Organic,0.299392431974411,0.1696833372116089,0.5309242010116577,1.0,0.666,0.447,0.704,full_frame,False,0.299392431974411,0.5309242010116577,0.1696833372116089,Organic,organic_sudah_benar,Organic,0.1759,0.0264,0.7977,Organic,0.1338,0.1603,0.7059
O_3560.jpg,Organic,Organic,0.1695987582206726,0.0403639413416385,0.7900372743606567,1.0,0.909,0.602,0.713,full_frame,False,0.1695987582206726,0.7900372743606567,0.0403639413416385,Organic,organic_sudah_benar,Organic,0.2451,0.0006,0.7543,Organic,0.0566,0.21,0.7334
O_3568.jpg,Organic,Organic,0.0555240176618099,0.0575731471180915,0.8869028091430664,0.26,0.898,0.512,0.36,perlu_cek_manual,False,0.0555240176618099,0.8869028091430664,0.0575731471180915,Organic,organic_sudah_benar,Organic,0.1849,0.0094,0.8057,Organic,0.2818,0.2999,0.4183
O_3588.jpg,Organic,Organic,0.0545329302549362,0.0465825758874416,0.8988845348358154,0.172,0.359,0.397,0.267,background_terpisah,False,0.0545329302549362,0.8988845348358154,0.0465825758874416,Organic,organic_sudah_benar,Recyclable,0.6917,0.0012,0.3071,Organic,0.0684,0.2304,0.7012
O_3602.jpg,Organic,Organic,0.117936797440052,0.0568277426064014,0.8252354860305786,0.817,0.986,0.294,0.781,full_frame,True,0.217936797440052,0.7252354860305786,0.0568277165293693,Organic,organic_sudah_benar,Organic,0.1124,0.0007,0.887,Organic,0.0273,0.2163,0.7564
O_3609.jpg,Organic,Organic,0.0442120321094989,0.0230439137667417,0.932744026184082,0.3,0.877,0.447,0.478,perlu_cek_manual,False,0.0442120321094989,0.932744026184082,0.0230439137667417,Organic,organic_sudah_benar,Organic,0.0437,0.0043,0.952,Organic,0.0633,0.2138,0.7229
O_3611.jpg,Organic,Organic,0.0298501439392566,0.0278315208852291,0.942318320274353,1.0,0.926,0.003,0.749,full_frame,True,0.1298501439392566,0.842318320274353,0.0278315357863903,Organic,organic_sudah_benar,Organic,0.0405,0.0009,0.9587,Organic,0.0628,0.2487,0.6884
O_3626.jpg,Organic,Organic,0.0229799412190914,0.0243130885064601,0.9527069926261902,0.923,1.0,0.09,0.676,full_frame,True,0.1229799412190914,0.8527069926261902,0.0243130661547184,Organic,organic_sudah_benar,Organic,0.0735,0.0051,0.9214,Electronic,0.0272,0.5293,0.4435
O_3627.jpg,Organic,Organic,0.0539670251309871,0.0470842793583869,0.8989487886428833,1.0,0.994,0.438,0.701,full_frame,False,0.0539670251309871,0.8989487886428833,0.0470842793583869,Organic,organic_sudah_benar,Organic,0.1371,0.0206,0.8422,Organic,0.1277,0.0828,0.7895
O_3651.jpg,Organic,Organic,0.0142734739929437,0.0375938154757022,0.9481326937675476,0.676,0.958,0.434,0.665,full_frame,False,0.0142734739929437,0.9481326937675476,0.0375938154757022,Organic,organic_sudah_benar,Organic,0.4752,0.0122,0.5126,Organic,0.1056,0.214,0.6804
O_3656.jpg,Organic,Organic,0.1547337174415588,0.0374664552509784,0.8077998161315918,1.0,1.0,0.673,0.935,full_frame,False,0.1547337174415588,0.8077998161315918,0.0374664552509784,Organic,organic_sudah_benar,Organic,0.2508,0.0111,0.7382,Organic,0.0689,0.1613,0.7698
O_3661.jpg,Organic,Organic,0.0189352203160524,0.0252651926130056,0.9557995200157166,1.0,0.873,0.558,0.71,full_frame,False,0.0189352203160524,0.9557995200157166,0.0252651926130056,Organic,organic_sudah_benar,Organic,0.088,0.0079,0.904,Organic,0.2009,0.1422,0.6568
O_3673.jpg,Organic,Organic,0.097088448703289,0.0620132647454738,0.8408982753753662,0.393,0.37,0.497,0.345,background_terpisah,False,0.097088448703289,0.8408982753753662,0.0620132647454738,Organic,organic_sudah_benar,Recyclable,0.8665,0.0029,0.1307,Organic,0.0024,0.0229,0.9747
O_3680.jpg,Organic,Organic,0.0311878472566604,0.0303623490035533,0.9384497404098512,1.0,1.0,0.63,0.812,full_frame,False,0.0311878472566604,0.9384497404098512,0.0303623490035533,Organic,organic_sudah_benar,Organic,0.0591,0.0004,0.9404,Organic,0.021,0.0719,0.9071
O_3695.jpg,Organic,Organic,0.24173603951931,0.1328619867563247,0.6254019737243652,0.595,0.979,0.032,0.676,full_frame,False,0.24173603951931,0.6254019737243652,0.1328619867563247,Organic,organic_sudah_benar,Organic,0.3666,0.2014,0.432,Electronic,0.1111,0.4478,0.4411
O_3696.jpg,Organic,Organic,0.3177953362464905,0.0392614156007766,0.6429431438446045,1.0,0.989,0.217,0.804,full_frame,True,0.4177953362464904,0.5429431438446045,0.039261519908905,Organic,organic_sudah_benar,Organic,0.1077,0.0347,0.8576,Electronic,0.0452,0.5333,0.4215
O_37.jpg,Organic,Organic,0.1020037233829498,0.1505250483751297,0.7474712133407593,0.039,0.681,0.211,0.19,background_terpisah,False,0.1020037233829498,0.7474712133407593,0.1505250483751297,Organic,organic_sudah_benar,Organic,0.0971,0.0015,0.9014,Organic,0.3008,0.2187,0.4804
O_3705.jpg,Organic,Organic,0.0224984157830476,0.0485089682042598,0.9289925694465636,1.0,1.0,0.0,0.8,full_frame,True,0.1224984157830476,0.8289925694465637,0.0485090147703886,Organic,organic_sudah_benar,Organic,0.1132,0.0001,0.8867,Organic,0.0416,0.2948,0.6636
O_371.jpg,Organic,Organic,0.0572029687464237,0.0606067553162574,0.8821902871131897,0.187,0.309,0.457,0.509,perlu_cek_manual,False,0.0572029687464237,0.8821902871131897,0.0606067553162574,Organic,organic_sudah_benar,Organic,0.0071,0.0006,0.9924,Organic,0.3362,0.1637,0.5
O_3712.jpg,Organic,Organic,0.2600480914115906,0.0298770330846309,0.7100749015808105,0.766,0.742,0.42,0.584,perlu_cek_manual,False,0.2600480914115906,0.7100749015808105,0.0298770330846309,Organic,organic_sudah_benar,Organic,0.2201,0.0468,0.7332,Organic,0.3159,0.251,0.4332
O_3732.jpg,Organic,Organic,0.0471491254866123,0.0277452655136585,0.9251055121421814,1.0,1.0,0.439,0.767,full_frame,False,0.0471491254866123,0.9251055121421814,0.0277452655136585,Organic,organic_sudah_benar,Organic,0.0476,0.0021,0.9504,Organic,0.0217,0.3968,0.5815
O_3733.jpg,Organic,Organic,0.0177540890872478,0.0261587295681238,0.9560872316360474,1.0,0.888,0.023,0.708,full_frame,True,0.1177540890872478,0.8560872316360474,0.0261586792767047,Organic,organic_sudah_benar,Organic,0.0132,0.0012,0.9856,Organic,0.1727,0.2251,0.6022
O_3737.jpg,Organic,Organic,0.0301335472613573,0.0163701064884662,0.9534963369369508,1.0,1.0,0.404,0.701,full_frame,False,0.0301335472613573,0.9534963369369508,0.0163701064884662,Organic,organic_sudah_benar,Organic,0.0483,0.0009,0.9509,Organic,0.0374,0.0925,0.8701
O_3743.jpg,Organic,Organic,0.1758300215005874,0.0152000496163964,0.8089699149131775,1.0,1.0,0.028,0.748,full_frame,True,0.2758300215005874,0.7089699149131775,0.015200063586235,Organic,organic_sudah_benar,Recyclable,0.8698,0.0076,0.1226,Electronic,0.0333,0.5285,0.4382
O_3750.jpg,Organic,Organic,0.0816233158111572,0.062912717461586,0.855463981628418,0.886,0.961,0.408,0.734,full_frame,False,0.0816233158111572,0.855463981628418,0.062912717461586,Organic,organic_sudah_benar,Organic,0.0316,0.0001,0.9682,Organic,0.2263,0.213,0.5607
O_3752.jpg,Organic,Organic,0.0847529098391532,0.0460700877010822,0.869176983833313,0.878,0.985,0.518,0.795,full_frame,False,0.0847529098391532,0.869176983833313,0.0460700877010822,Organic,organic_sudah_benar,Organic,0.1138,0.0033,0.8829,Organic,0.1088,0.4029,0.4883
O_377.jpg,Organic,Organic,0.0496250875294208,0.0542167425155639,0.8961582183837891,1.0,0.743,0.472,0.698,full_frame,False,0.0496250875294208,0.8961582183837891,0.0542167425155639,Organic,organic_sudah_benar,Organic,0.2632,0.0004,0.7364,Organic,0.0446,0.1734,0.782
O_3772.jpg,Organic,Organic,0.0363951958715915,0.0304368752986192,0.9331678748130798,0.754,0.931,0.302,0.685,full_frame,True,0.1363951958715915,0.8331678748130799,0.0304369293153285,Organic,organic_sudah_benar,Organic,0.0032,0.0,0.9968,Electronic,0.1199,0.6276,0.2525
O_3775.jpg,Organic,Organic,0.0544747225940227,0.0629975572228431,0.8825276494026184,0.962,0.995,0.0,0.696,full_frame,True,0.1544747225940227,0.7825276494026184,0.0629976280033588,Organic,organic_sudah_benar,Organic,0.1512,0.0112,0.8376,Organic,0.0318,0.1717,0.7965
O_3780.jpg,Organic,Organic,0.147061750292778,0.0892168506979942,0.7637214660644531,0.0,0.09,0.484,0.115,background_terpisah,False,0.147061750292778,0.7637214660644531,0.0892168506979942,Organic,organic_sudah_benar,Organic,0.4099,0.0046,0.5855,Organic,0.0829,0.2429,0.6741
O_3788.jpg,Organic,Organic,0.0138284740969538,0.0283969268202781,0.9577745199203492,0.918,0.992,0.0,0.744,full_frame,True,0.1138284740969538,0.8577745199203491,0.028397005982697,Organic,organic_sudah_benar,Organic,0.1226,0.0271,0.8504,Organic,0.0509,0.3328,0.6164
O_3791.jpg,Organic,Organic,0.0250970646739006,0.0289487279951572,0.9459541440010072,1.0,1.0,0.0,0.676,full_frame,True,0.1250970646739006,0.8459541440010071,0.0289487913250923,Organic,organic_sudah_benar,Organic,0.2765,0.0799,0.6436,Electronic,0.0312,0.5224,0.4464
O_3793.jpg,Organic,Organic,0.1423395276069641,0.0528214834630489,0.8048390746116638,1.0,0.976,0.351,0.807,full_frame,False,0.1423395276069641,0.8048390746116638,0.0528214834630489,Organic,organic_sudah_benar,Organic,0.3209,0.0237,0.6554,Organic,0.0414,0.1483,0.8102
O_3794.jpg,Organic,Organic,0.1526724249124527,0.108797088265419,0.7385304570198059,1.0,0.984,0.013,0.799,full_frame,True,0.2526724249124527,0.6385304570198059,0.1087971180677414,Organic,organic_sudah_benar,Recyclable,0.8082,0.0104,0.1814,Organic,0.0506,0.119,0.8304
O_3798.jpg,Organic,Organic,0.0409806370735168,0.0183470640331506,0.9406722784042358,1.0,0.987,0.46,0.789,full_frame,False,0.0409806370735168,0.9406722784042358,0.0183470640331506,Organic,organic_sudah_benar,Organic,0.2328,0.0465,0.7207,Organic,0.0048,0.0159,0.9792
O_3800.jpg,Organic,Organic,0.1182112172245979,0.0173820666968822,0.8644067049026489,0.381,0.902,0.369,0.669,full_frame,False,0.1182112172245979,0.8644067049026489,0.0173820666968822,Organic,organic_sudah_benar,Organic,0.0816,0.0206,0.8978,Electronic,0.0676,0.717,0.2154
O_3803.jpg,Organic,Organic,0.1816112697124481,0.0312027987092733,0.7871859669685364,1.0,1.0,0.282,0.679,full_frame,True,0.2816112697124481,0.6871859669685364,0.0312027633190155,Organic,organic_sudah_benar,Recyclable,0.6341,0.0075,0.3584,Organic,0.0284,0.0987,0.8729
O_3805.jpg,Organic,Organic,0.0226070210337638,0.0356083959341049,0.9417845606803894,1.0,0.966,0.24,0.736,full_frame,True,0.1226070210337638,0.8417845606803894,0.0356084182858467,Organic,organic_sudah_benar,Organic,0.0269,0.0505,0.9226,Organic,0.1532,0.4215,0.4253
O_3810.jpg,Organic,Organic,0.054045882076025,0.0217188782989978,0.9242352843284608,1.0,0.999,0.394,0.812,full_frame,False,0.054045882076025,0.9242352843284608,0.0217188782989978,Organic,organic_sudah_benar,Organic,0.0401,0.0117,0.9482,Organic,0.0216,0.1464,0.8319
O_3811.jpg,Organic,Organic,0.069019004702568,0.0299770198762416,0.9010039567947388,1.0,1.0,0.014,0.803,full_frame,True,0.169019004702568,0.8010039567947388,0.0299770385026931,Organic,organic_sudah_benar,Organic,0.1412,0.029,0.8298,Organic,0.143,0.4208,0.4363
O_3815.jpg,Organic,Organic,0.0319350585341453,0.0192838218063116,0.948781192302704,0.931,0.999,0.0,0.775,full_frame,True,0.1319350585341453,0.8487811923027039,0.0192837491631507,Organic,organic_sudah_benar,Recyclable,0.604,0.0035,0.3925,Organic,0.0299,0.1852,0.7849
O_3839.jpg,Organic,Organic,0.0737384632229805,0.0755175128579139,0.8507440090179443,1.0,0.786,0.373,0.719,full_frame,False,0.0737384632229805,0.8507440090179443,0.0755175128579139,Organic,organic_sudah_benar,Organic,0.0836,0.0126,0.9038,Organic,0.1288,0.3201,0.5511
O_3840.jpg,Organic,Organic,0.0228818971663713,0.0082672080025076,0.9688509702682496,1.0,0.937,0.621,0.877,full_frame,False,0.0228818971663713,0.9688509702682496,0.0082672080025076,Organic,organic_sudah_benar,Organic,0.0049,0.0021,0.993,Organic,0.0152,0.1138,0.871
O_3852.jpg,Organic,Organic,0.0811940133571624,0.0445556975901126,0.8742502927780151,0.873,1.0,0.576,0.835,full_frame,False,0.0811940133571624,0.8742502927780151,0.0445556975901126,Organic,organic_sudah_benar,Organic,0.1732,0.0141,0.8127,Organic,0.0968,0.2156,0.6876
O_3859.jpg,Organic,Organic,0.0755550488829612,0.0534146018326282,0.8710302710533142,0.779,0.946,0.338,0.567,perlu_cek_manual,False,0.0755550488829612,0.8710302710533142,0.0534146018326282,Organic,organic_sudah_benar,Organic,0.1057,0.0023,0.8919,Organic,0.0233,0.2085,0.7682
O_3861.jpg,Organic,Organic,0.107803963124752,0.0682535395026207,0.8239424824714661,0.86,0.947,0.405,0.807,full_frame,False,0.107803963124752,0.8239424824714661,0.0682535395026207,Organic,organic_sudah_benar,Organic,0.0602,0.0025,0.9373,Organic,0.2015,0.3246,0.4739
O_3866.jpg,Organic,Organic,0.0417524091899395,0.0162210874259471,0.9420265555381776,0.49,0.856,0.474,0.517,perlu_cek_manual,False,0.0417524091899395,0.9420265555381776,0.0162210874259471,Organic,organic_sudah_benar,Organic,0.0082,0.0002,0.9917,Organic,0.1792,0.212,0.6088
O_3867.jpg,Organic,Organic,0.043368611484766,0.0275923404842615,0.9290390014648438,0.218,0.834,0.403,0.33,background_terpisah,False,0.043368611484766,0.9290390014648438,0.0275923404842615,Organic,organic_sudah_benar,Organic,0.2132,0.0044,0.7824,Organic,0.1091,0.2304,0.6605
O_3869.jpg,Organic,Organic,0.1563392132520675,0.0304688569158315,0.8131920099258423,0.161,0.32,0.529,0.282,background_terpisah,False,0.1563392132520675,0.8131920099258423,0.0304688569158315,Organic,organic_sudah_benar,Organic,0.115,0.0066,0.8784,Organic,0.1009,0.2706,0.6286
O_3871.jpg,Organic,Organic,0.0728905200958252,0.0260612219572067,0.9010482430458068,0.715,0.965,0.301,0.755,full_frame,True,0.1728905200958252,0.8010482430458069,0.0260612368583679,Organic,organic_sudah_benar,Organic,0.0722,0.026,0.9018,Electronic,0.0305,0.5272,0.4422
O_3873.jpg,Organic,Organic,0.0425646565854549,0.0443325936794281,0.9131028056144714,0.531,0.921,0.509,0.499,perlu_cek_manual,False,0.0425646565854549,0.9131028056144714,0.0443325936794281,Organic,organic_sudah_benar,Organic,0.0053,0.0025,0.9922,Organic,0.1226,0.3403,0.5371
O_3874.jpg,Organic,Organic,0.0638772845268249,0.0408122353255748,0.8953104615211487,0.954,0.992,0.0,0.672,full_frame,True,0.1638772845268249,0.7953104615211487,0.0408122539520263,Organic,organic_sudah_benar,Organic,0.1405,0.01,0.8495,Organic,0.1316,0.1963,0.6722
O_3883.jpg,Organic,Organic,0.0481220223009586,0.0351455956697464,0.916732370853424,0.93,0.987,0.222,0.772,full_frame,True,0.1481220223009586,0.8167323708534241,0.0351456068456172,Organic,organic_sudah_benar,Organic,0.1875,0.001,0.8116,Organic,0.025,0.1057,0.8693
O_3888.jpg,Organic,Organic,0.0354666411876678,0.0285725109279155,0.9359608292579652,0.525,0.833,0.536,0.508,perlu_cek_manual,False,0.0354666411876678,0.9359608292579652,0.0285725109279155,Organic,organic_sudah_benar,Organic,0.054,0.0152,0.9308,Organic,0.0103,0.2973,0.6924
O_3889.jpg,Organic,Organic,0.0359722785651683,0.0332068391144275,0.930820882320404,0.745,0.966,0.046,0.726,full_frame,True,0.1359722785651684,0.8308208823204041,0.0332068391144275,Organic,organic_sudah_benar,Organic,0.1061,0.0116,0.8823,Organic,0.0192,0.1234,0.8573
O_389.jpg,Organic,Organic,0.0798652246594429,0.1334398239850998,0.7866950035095215,0.166,0.204,0.586,0.333,background_terpisah,False,0.0798652246594429,0.7866950035095215,0.1334398239850998,Organic,organic_sudah_benar,Organic,0.0896,0.0025,0.9079,Organic,0.0671,0.0662,0.8667
O_3894.jpg,Organic,Organic,0.0338450036942958,0.0488708950579166,0.9172840714454652,1.0,0.99,0.415,0.704,full_frame,False,0.0338450036942958,0.9172840714454652,0.0488708950579166,Organic,organic_sudah_benar,Organic,0.1248,0.0061,0.8691,Organic,0.0179,0.4183,0.5638
O_3896.jpg,Organic,Organic,0.059619702398777,0.0362019650638103,0.904178261756897,1.0,1.0,0.425,0.848,full_frame,False,0.059619702398777,0.904178261756897,0.0362019650638103,Organic,organic_sudah_benar,Organic,0.0618,0.0017,0.9366,Electronic,0.0673,0.6076,0.325
O_3902.jpg,Organic,Organic,0.0117559852078557,0.0448187850415706,0.9434252381324768,1.0,1.0,0.048,0.69,full_frame,True,0.1117559852078557,0.8434252381324768,0.0448187766596674,Organic,organic_sudah_benar,Organic,0.0738,0.0102,0.916,Organic,0.0252,0.0913,0.8835
O_3903.jpg,Organic,Organic,0.0278967823833227,0.0517819225788116,0.92032128572464,0.353,0.853,0.378,0.449,perlu_cek_manual,False,0.0278967823833227,0.92032128572464,0.0517819225788116,Organic,organic_sudah_benar,Organic,0.0179,0.0002,0.9819,Organic,0.0179,0.0601,0.9219
O_3911.jpg,Organic,Organic,0.0157164763659238,0.0236570760607719,0.9606264233589172,1.0,0.921,0.391,0.71,full_frame,False,0.0157164763659238,0.9606264233589172,0.0236570760607719,Organic,organic_sudah_benar,Organic,0.0908,0.0048,0.9043,Organic,0.1413,0.1899,0.6687
O_3916.jpg,Organic,Organic,0.067179687321186,0.0977854877710342,0.8350348472595215,1.0,0.912,0.32,0.637,perlu_cek_manual,False,0.067179687321186,0.8350348472595215,0.0977854877710342,Organic,organic_sudah_benar,Organic,0.2773,0.0178,0.7049,Organic,0.0569,0.1197,0.8233
O_393.jpg,Organic,Organic,0.0176538750529289,0.045896578580141,0.936449646949768,0.011,0.117,0.443,0.136,background_terpisah,False,0.0176538750529289,0.936449646949768,0.045896578580141,Organic,organic_sudah_benar,Organic,0.0248,0.0003,0.9749,Organic,0.0544,0.1028,0.8428
O_3931.jpg,Organic,Organic,0.0340988487005233,0.0181841868907213,0.947717010974884,0.739,0.922,0.365,0.603,perlu_cek_manual,False,0.0340988487005233,0.947717010974884,0.0181841868907213,Organic,organic_sudah_benar,Organic,0.0034,0.0007,0.9959,Organic,0.0523,0.1406,0.8071
O_3944.jpg,Organic,Organic,0.020444244146347,0.0182063840329647,0.9613493084907532,0.838,0.746,0.368,0.661,full_frame,False,0.020444244146347,0.9613493084907532,0.0182063840329647,Organic,organic_sudah_benar,Organic,0.1346,0.02,0.8454,Organic,0.0067,0.2236,0.7697
O_3945.jpg,Organic,Organic,0.0355414412915706,0.02316415309906,0.9412943124771118,1.0,0.94,0.0,0.704,full_frame,True,0.1355414412915706,0.8412943124771118,0.0231642462313175,Organic,organic_sudah_benar,Organic,0.0095,0.0012,0.9892,Electronic,0.1075,0.4733,0.4192
O_3952.jpg,Organic,Organic,0.0554363690316677,0.0336426049470901,0.910921037197113,0.616,0.426,0.375,0.405,perlu_cek_manual,False,0.0554363690316677,0.910921037197113,0.0336426049470901,Organic,organic_sudah_benar,Organic,0.0353,0.0001,0.9646,Organic,0.0389,0.4441,0.517
O_3961.jpg,Organic,Organic,0.0224819593131542,0.0292100124061107,0.9483080506324768,0.267,0.848,0.424,0.386,perlu_cek_manual,False,0.0224819593131542,0.9483080506324768,0.0292100124061107,Organic,organic_sudah_benar,Organic,0.0202,0.0067,0.9732,Organic,0.0261,0.2246,0.7493
O_3971.jpg,Organic,Organic,0.1928842663764953,0.0640100166201591,0.7431057095527649,1.0,0.987,0.441,0.745,full_frame,False,0.1928842663764953,0.7431057095527649,0.0640100166201591,Organic,organic_sudah_benar,Organic,0.3887,0.0014,0.6099,Organic,0.039,0.1314,0.8296
O_3981.jpg,Organic,Organic,0.0544613227248191,0.0371709018945694,0.9083678126335144,0.878,0.986,0.475,0.556,perlu_cek_manual,False,0.0544613227248191,0.9083678126335144,0.0371709018945694,Organic,organic_sudah_benar,Recyclable,0.7813,0.012,0.2068,Organic,0.0215,0.014,0.9645
O_3995.jpg,Organic,Organic,0.0667941197752952,0.0385745391249656,0.8946313858032227,0.685,0.765,0.547,0.627,perlu_cek_manual,False,0.0667941197752952,0.8946313858032227,0.0385745391249656,Organic,organic_sudah_benar,Organic,0.1501,0.0051,0.8448,Electronic,0.0623,0.5988,0.3389
O_3999.jpg,Organic,Organic,0.0790150389075279,0.0862500071525573,0.8347349762916565,0.278,0.3,0.536,0.27,background_terpisah,False,0.0790150389075279,0.8347349762916565,0.0862500071525573,Organic,organic_sudah_benar,Organic,0.4103,0.0104,0.5793,Organic,0.175,0.1382,0.6868
O_4000.jpg,Organic,Organic,0.1383241117000579,0.0470528826117515,0.8146229982376099,0.714,0.996,0.629,0.678,full_frame,False,0.1383241117000579,0.8146229982376099,0.0470528826117515,Organic,organic_sudah_benar,Organic,0.3864,0.0235,0.59,Electronic,0.1686,0.4191,0.4123
O_4001.jpg,Organic,Organic,0.0628664195537567,0.0319828204810619,0.9051507711410522,1.0,0.988,0.543,0.773,full_frame,False,0.0628664195537567,0.9051507711410522,0.0319828204810619,Organic,organic_sudah_benar,Organic,0.1997,0.0664,0.7339,Organic,0.0391,0.0437,0.9172
O_4009.jpg,Organic,Organic,0.0592590346932411,0.040353950113058,0.9003870487213135,1.0,0.985,0.549,0.85,full_frame,False,0.0592590346932411,0.9003870487213135,0.040353950113058,Organic,organic_sudah_benar,Organic,0.0721,0.001,0.9269,Organic,0.0409,0.1143,0.8448
O_4014.jpg,Organic,Organic,0.0174546651542186,0.0459493398666381,0.9365959763526917,0.728,0.942,0.15,0.524,perlu_cek_manual,False,0.0174546651542186,0.9365959763526917,0.0459493398666381,Organic,organic_sudah_benar,Organic,0.0412,0.0087,0.9501,Organic,0.05,0.2539,0.696
O_4019.jpg,Organic,Organic,0.0674860849976539,0.0507198236882686,0.8817940354347229,0.977,0.974,0.311,0.657,full_frame,True,0.1674860849976539,0.7817940354347229,0.0507198795676231,Organic,organic_sudah_benar,Organic,0.051,0.0161,0.9329,Organic,0.0459,0.0876,0.8665
O_4022.jpg,Organic,Organic,0.0232999119907617,0.031563427299261,0.9451366066932678,1.0,0.994,0.36,0.799,full_frame,False,0.0232999119907617,0.9451366066932678,0.031563427299261,Organic,organic_sudah_benar,Organic,0.0639,0.0004,0.9357,Electronic,0.1266,0.5205,0.3529
O_4051.jpg,Organic,Organic,0.0461677424609661,0.0265239290893077,0.9273083209991456,0.918,0.998,0.0,0.773,full_frame,True,0.1461677424609661,0.8273083209991455,0.0265239365398883,Organic,organic_sudah_benar,Organic,0.1206,0.0832,0.7962,Electronic,0.1403,0.6215,0.2382
O_4054.jpg,Organic,Organic,0.0399559028446674,0.0483260415494442,0.9117181301116944,0.185,0.763,0.382,0.347,background_terpisah,False,0.0399559028446674,0.9117181301116944,0.0483260415494442,Organic,organic_sudah_benar,Organic,0.0307,0.0001,0.9692,Organic,0.0147,0.0314,0.9539
O_4057.jpg,Organic,Organic,0.0141489040106534,0.0089201759546995,0.9769309163093568,0.921,0.982,0.138,0.732,full_frame,True,0.1141489040106535,0.8769309163093567,0.0089201796799898,Organic,organic_sudah_benar,Organic,0.155,0.0088,0.8362,Electronic,0.0269,0.6051,0.368
O_4063.jpg,Organic,Organic,0.2735176384449005,0.0281631425023078,0.6983191967010498,0.691,0.731,0.563,0.589,perlu_cek_manual,False,0.2735176384449005,0.6983191967010498,0.0281631425023078,Organic,organic_sudah_benar,Organic,0.2807,0.0996,0.6197,Organic,0.0431,0.1378,0.819
O_4089.jpg,Organic,Organic,0.0340626053512096,0.0575045086443424,0.908432960510254,0.608,0.95,0.481,0.672,full_frame,False,0.0340626053512096,0.908432960510254,0.0575045086443424,Organic,organic_sudah_benar,Organic,0.085,0.0284,0.8866,Organic,0.1706,0.4121,0.4173
O_4090.jpg,Organic,Organic,0.1936300992965698,0.0703705698251724,0.7359992861747742,1.0,1.0,0.555,0.876,full_frame,False,0.1936300992965698,0.7359992861747742,0.0703705698251724,Organic,organic_sudah_benar,Organic,0.4904,0.0004,0.5093,Electronic,0.1077,0.4761,0.4162
O_4098.jpg,Organic,Organic,0.0549098029732704,0.0442967377603054,0.900793433189392,0.823,0.976,0.157,0.774,full_frame,True,0.1549098029732704,0.8007934331893921,0.0442967638373374,Organic,organic_sudah_benar,Organic,0.0115,0.0,0.9884,Electronic,0.125,0.4526,0.4224
O_4100.jpg,Organic,Organic,0.0477568693459034,0.022805081680417,0.929438054561615,0.512,0.935,0.415,0.604,perlu_cek_manual,False,0.0477568693459034,0.929438054561615,0.022805081680417,Organic,organic_sudah_benar,Organic,0.031,0.0017,0.9673,Organic,0.1048,0.3931,0.5022
O_4104.jpg,Organic,Organic,0.0577877722680568,0.0391146205365657,0.9030975699424744,1.0,0.987,0.512,0.728,full_frame,False,0.0577877722680568,0.9030975699424744,0.0391146205365657,Organic,organic_sudah_benar,Organic,0.0669,0.002,0.9311,Organic,0.0417,0.0877,0.8706
O_4106.jpg,Organic,Organic,0.0183602012693882,0.0301232356578111,0.951516568660736,0.972,0.999,0.0,0.774,full_frame,True,0.1183602012693882,0.8515165686607361,0.0301232300698757,Organic,organic_sudah_benar,Recyclable,0.5916,0.0031,0.4053,Organic,0.0036,0.0535,0.9429
O_4109.jpg,Organic,Organic,0.0947003215551376,0.0914188027381897,0.8138808608055115,1.0,0.971,0.361,0.635,perlu_cek_manual,False,0.0947003215551376,0.8138808608055115,0.0914188027381897,Organic,organic_sudah_benar,Organic,0.0795,0.0536,0.8669,Organic,0.0067,0.0393,0.954
O_411.jpg,Organic,Organic,0.1893917918205261,0.3687424957752228,0.4418657422065735,1.0,0.824,0.381,0.702,full_frame,False,0.1893917918205261,0.4418657422065735,0.3687424957752228,Organic,organic_sudah_benar,Organic,0.0443,0.0013,0.9544,Electronic,0.2896,0.5279,0.1825
O_4115.jpg,Organic,Organic,0.0468549542129039,0.0169281940907239,0.9362167716026306,1.0,1.0,0.56,0.827,full_frame,False,0.0468549542129039,0.9362167716026306,0.0169281940907239,Organic,organic_sudah_benar,Organic,0.1472,0.0922,0.7606,Organic,0.1671,0.0873,0.7456
O_4131.jpg,Organic,Organic,0.0132355336099863,0.0245605316013097,0.962203860282898,0.689,0.984,0.421,0.649,perlu_cek_manual,False,0.0132355336099863,0.962203860282898,0.0245605316013097,Organic,organic_sudah_benar,Organic,0.0054,0.0011,0.9935,Organic,0.0163,0.1716,0.8121
O_4141.jpg,Organic,Organic,0.0803218856453895,0.0144767798483371,0.9052013754844666,0.6,0.861,0.469,0.58,perlu_cek_manual,False,0.0803218856453895,0.9052013754844666,0.0144767798483371,Organic,organic_sudah_benar,Organic,0.0497,0.0011,0.9493,Organic,0.1342,0.0972,0.7686
O_4153.jpg,Organic,Organic,0.0851692780852317,0.0754496529698371,0.8393810391426086,1.0,0.996,0.391,0.643,perlu_cek_manual,False,0.0851692780852317,0.8393810391426086,0.0754496529698371,Organic,organic_sudah_benar,Organic,0.4096,0.0097,0.5808,Organic,0.0528,0.0936,0.8536
O_4156.jpg,Organic,Organic,0.0179431103169918,0.0257526710629463,0.9563042521476746,0.009,0.16,0.528,0.148,background_terpisah,False,0.0179431103169918,0.9563042521476746,0.0257526710629463,Organic,organic_sudah_benar,Organic,0.0139,0.0001,0.986,Organic,0.0376,0.1196,0.8429
O_4161.jpg,Organic,Organic,0.109397679567337,0.222162976861,0.6684393286705017,0.662,0.722,0.479,0.439,perlu_cek_manual,False,0.109397679567337,0.6684393286705017,0.222162976861,Organic,organic_sudah_benar,Recyclable,0.7214,0.0296,0.249,Organic,0.0264,0.0748,0.8988
O_4166.jpg,Organic,Organic,0.0379481166601181,0.0475357919931411,0.9145160913467408,1.0,0.839,0.419,0.702,full_frame,False,0.0379481166601181,0.9145160913467408,0.0475357919931411,Organic,organic_sudah_benar,Organic,0.0618,0.0009,0.9373,Organic,0.0081,0.1221,0.8697
O_4172.jpg,Organic,Organic,0.1205293983221054,0.0289164911955595,0.8505540490150452,0.869,0.95,0.288,0.709,full_frame,True,0.2205293983221054,0.7505540490150452,0.0289165526628494,Organic,organic_sudah_benar,Organic,0.1335,0.0149,0.8516,Electronic,0.0994,0.4805,0.42
O_4174.jpg,Organic,Organic,0.0456294007599353,0.0294975973665714,0.9248730540275574,1.0,0.977,0.432,0.691,full_frame,False,0.0456294007599353,0.9248730540275574,0.0294975973665714,Organic,organic_sudah_benar,Organic,0.0587,0.0005,0.9407,Organic,0.0056,0.0136,0.9807
O_419.jpg,Organic,Organic,0.0404500067234039,0.0701121985912323,0.8894377946853638,0.111,0.755,0.435,0.295,background_terpisah,False,0.0404500067234039,0.8894377946853638,0.0701121985912323,Organic,organic_sudah_benar,Organic,0.3031,0.0027,0.6942,Organic,0.0284,0.0443,0.9273
O_4194.jpg,Organic,Organic,0.1174629107117652,0.0772744119167327,0.8052627444267273,1.0,1.0,0.523,0.905,full_frame,False,0.1174629107117652,0.8052627444267273,0.0772744119167327,Organic,organic_sudah_benar,Organic,0.1708,0.0023,0.827,Organic,0.0219,0.1775,0.8005
O_4195.jpg,Organic,Organic,0.0400905273854732,0.0282466374337673,0.9316627979278564,1.0,0.893,0.606,0.703,full_frame,False,0.0400905273854732,0.9316627979278564,0.0282466374337673,Organic,organic_sudah_benar,Organic,0.0072,0.0013,0.9914,Organic,0.003,0.0425,0.9545
O_4201.jpg,Organic,Organic,0.0516854301095008,0.059096161276102,0.8892183899879456,0.805,0.983,0.15,0.659,full_frame,True,0.1516854301095009,0.7892183899879456,0.0590961799025535,Organic,organic_sudah_benar,Organic,0.0387,0.0054,0.9559,Organic,0.0402,0.221,0.7388
O_4203.jpg,Organic,Organic,0.0535656102001667,0.0232667289674282,0.9231677055358888,0.628,0.928,0.508,0.631,perlu_cek_manual,False,0.0535656102001667,0.9231677055358888,0.0232667289674282,Organic,organic_sudah_benar,Organic,0.0325,0.0776,0.8898,Organic,0.017,0.2059,0.7771
O_4207.jpg,Organic,Organic,0.0278871674090623,0.0204211305826902,0.951691746711731,1.0,1.0,0.537,0.907,full_frame,False,0.0278871674090623,0.951691746711731,0.0204211305826902,Organic,organic_sudah_benar,Organic,0.1706,0.0123,0.8171,Organic,0.0269,0.2047,0.7684
O_421.jpg,Organic,Organic,0.0498593673110008,0.0334607027471065,0.9166799783706664,0.418,0.919,0.44,0.697,full_frame,False,0.0498593673110008,0.9166799783706664,0.0334607027471065,Organic,organic_sudah_benar,Organic,0.0039,0.0001,0.9961,Organic,0.0249,0.1178,0.8573
O_4231.jpg,Organic,Organic,0.0143103934824466,0.0167570356279611,0.9689326286315918,0.343,0.509,0.464,0.382,perlu_cek_manual,False,0.0143103934824466,0.9689326286315918,0.0167570356279611,Organic,organic_sudah_benar,Organic,0.0012,0.0,0.9988,Organic,0.0306,0.1754,0.794
O_4232.jpg,Organic,Organic,0.0689587518572807,0.0371473655104637,0.893893837928772,1.0,0.992,0.0,0.738,full_frame,True,0.1689587518572807,0.793893837928772,0.0371474102139472,Organic,organic_sudah_benar,Organic,0.0104,0.0045,0.985,Organic,0.0138,0.2346,0.7515
O_4240.jpg,Organic,Organic,0.0458963215351104,0.0284921042621135,0.9256116151809692,0.845,1.0,0.373,0.803,full_frame,False,0.0458963215351104,0.9256116151809692,0.0284921042621135,Organic,organic_sudah_benar,Organic,0.0224,0.0,0.9776,Organic,0.0271,0.0579,0.9151
O_4249.jpg,Organic,Organic,0.058033037930727,0.0337078534066677,0.9082591533660888,0.049,0.704,0.379,0.231,background_terpisah,False,0.058033037930727,0.9082591533660888,0.0337078534066677,Organic,organic_sudah_benar,Organic,0.0816,0.0042,0.9142,Organic,0.1195,0.1357,0.7447
O_4257.jpg,Organic,Organic,0.0219736322760581,0.0231244005262851,0.954901933670044,0.727,0.935,0.535,0.657,full_frame,False,0.0219736322760581,0.954901933670044,0.0231244005262851,Organic,organic_sudah_benar,Organic,0.0767,0.0109,0.9124,Organic,0.0443,0.0315,0.9243
O_4271.jpg,Organic,Organic,0.1246928498148918,0.0933817476034164,0.78192538022995,0.547,0.935,0.5,0.504,perlu_cek_manual,False,0.1246928498148918,0.78192538022995,0.0933817476034164,Organic,organic_sudah_benar,Organic,0.1661,0.0118,0.8221,Organic,0.0071,0.0508,0.9421
O_4283.jpg,Organic,Organic,0.0140871219336986,0.0093685500323772,0.9765442609786988,1.0,0.956,0.32,0.67,full_frame,True,0.1140871219336986,0.8765442609786988,0.0093686170876026,Organic,organic_sudah_benar,Organic,0.0127,0.0009,0.9864,Organic,0.0817,0.1136,0.8047
O_4293.jpg,Organic,Organic,0.0371709242463111,0.115819901227951,0.8470091819763184,0.71,0.971,0.32,0.744,full_frame,True,0.1371709242463112,0.7470091819763184,0.1158198937773704,Organic,organic_sudah_benar,Recyclable,0.5488,0.0417,0.4095,Organic,0.0869,0.1813,0.7318
O_4294.jpg,Organic,Organic,0.0805768370628357,0.0160749461501836,0.9033482074737548,1.0,0.865,0.019,0.701,full_frame,True,0.1805768370628357,0.8033482074737549,0.0160749554634094,Organic,organic_sudah_benar,Recyclable,0.5292,0.209,0.2618,Organic,0.0424,0.3925,0.5651
O_4298.jpg,Organic,Organic,0.0419332571327686,0.0542424917221069,0.903824269771576,1.0,0.99,0.312,0.724,full_frame,True,0.1419332571327686,0.803824269771576,0.0542424730956554,Organic,organic_sudah_benar,Organic,0.0768,0.0114,0.9118,Organic,0.0081,0.1312,0.8607
O_4309.jpg,Organic,Organic,0.0373203232884407,0.0426544696092605,0.9200252294540404,1.0,1.0,0.294,0.779,full_frame,True,0.1373203232884407,0.8200252294540405,0.0426544472575187,Organic,organic_sudah_benar,Organic,0.0243,0.0006,0.9751,Organic,0.0674,0.4611,0.4716
O_4315.jpg,Organic,Organic,0.1142480373382568,0.0369363762438297,0.8488155603408813,0.485,0.612,0.452,0.49,perlu_cek_manual,False,0.1142480373382568,0.8488155603408813,0.0369363762438297,Organic,organic_sudah_benar,Recyclable,0.6189,0.0036,0.3775,Organic,0.0776,0.2234,0.699
O_4326.jpg,Organic,Organic,0.0372591949999332,0.0217387080192565,0.941002070903778,0.914,0.99,0.0,0.77,full_frame,True,0.1372591949999332,0.8410020709037781,0.0217387340962886,Organic,organic_sudah_benar,Organic,0.2531,0.0081,0.7388,Organic,0.0478,0.2761,0.6761
O_4341.jpg,Organic,Organic,0.1700378954410553,0.0498953387141227,0.7800667881965637,1.0,1.0,0.011,0.754,full_frame,True,0.2700378954410553,0.6800667881965637,0.0498953163623809,Organic,organic_sudah_benar,Organic,0.4494,0.0181,0.5325,Electronic,0.072,0.6148,0.3131
O_4351.jpg,Organic,Organic,0.0513572730123996,0.0579659789800643,0.890676736831665,0.665,0.933,0.473,0.56,perlu_cek_manual,False,0.0513572730123996,0.890676736831665,0.0579659789800643,Organic,organic_sudah_benar,Organic,0.273,0.0253,0.7017,Organic,0.0319,0.175,0.7932
O_4352.jpg,Organic,Organic,0.0246487241238355,0.0233828891068696,0.9519683718681335,0.663,0.963,0.46,0.557,perlu_cek_manual,False,0.0246487241238355,0.9519683718681335,0.0233828891068696,Organic,organic_sudah_benar,Organic,0.0186,0.0069,0.9745,Organic,0.0494,0.0596,0.891
O_4353.jpg,Organic,Organic,0.0285610239952802,0.0448729619383811,0.9265660047531128,1.0,0.974,0.267,0.677,full_frame,True,0.1285610239952802,0.8265660047531128,0.0448729712516069,Organic,organic_sudah_benar,Organic,0.1029,0.0023,0.8948,Organic,0.0521,0.0948,0.8531
O_4377.jpg,Organic,Organic,0.0294983517378568,0.01529146078974,0.9552101492881776,0.295,0.548,0.426,0.576,perlu_cek_manual,False,0.0294983517378568,0.9552101492881776,0.01529146078974,Organic,organic_sudah_benar,Recyclable,0.7596,0.0085,0.2319,Organic,0.0721,0.1877,0.7402
O_4388.jpg,Organic,Organic,0.071925550699234,0.0398086085915565,0.8882657885551453,1.0,1.0,0.485,0.738,full_frame,False,0.071925550699234,0.8882657885551453,0.0398086085915565,Organic,organic_sudah_benar,Recyclable,0.7731,0.0657,0.1612,Organic,0.0081,0.0489,0.943
O_4393.jpg,Organic,Organic,0.1576119363307953,0.0322863981127738,0.8101016283035278,0.198,0.786,0.259,0.321,background_terpisah,False,0.1576119363307953,0.8101016283035278,0.0322863981127738,Organic,organic_sudah_benar,Recyclable,0.707,0.0323,0.2607,Organic,0.0361,0.0522,0.9116
O_4397.jpg,Organic,Organic,0.0477902255952358,0.0754981562495231,0.8767116665840149,1.0,0.991,0.626,0.907,full_frame,False,0.0477902255952358,0.8767116665840149,0.0754981562495231,Organic,organic_sudah_benar,Organic,0.1252,0.0902,0.7846,Electronic,0.0692,0.7153,0.2155
O_4402.jpg,Organic,Organic,0.0360433682799339,0.0137084098532795,0.9502482414245604,0.943,0.986,0.636,0.835,full_frame,False,0.0360433682799339,0.9502482414245604,0.0137084098532795,Organic,organic_sudah_benar,Organic,0.1322,0.0311,0.8367,Organic,0.0085,0.0624,0.9291
O_4407.jpg,Organic,Organic,0.1207495108246803,0.0283200070261955,0.8509305119514465,0.749,1.0,0.323,0.69,full_frame,True,0.2207495108246803,0.7509305119514466,0.0283199772238731,Organic,organic_sudah_benar,Organic,0.0044,0.0072,0.9885,Organic,0.0076,0.0563,0.9362
O_4413.jpg,Organic,Organic,0.0556992776691913,0.0420332364737987,0.9022674560546876,1.0,0.955,0.249,0.708,full_frame,True,0.1556992776691913,0.8022674560546875,0.0420332662761211,Organic,organic_sudah_benar,Organic,0.0602,0.009,0.9308,Organic,0.0127,0.2553,0.7319
O_4416.jpg,Organic,Organic,0.0720899552106857,0.0275854729115962,0.9003245234489441,1.0,0.993,0.518,0.701,full_frame,False,0.0720899552106857,0.9003245234489441,0.0275854729115962,Organic,organic_sudah_benar,Organic,0.0321,0.0282,0.9397,Organic,0.056,0.0989,0.8452
O_4420.jpg,Organic,Organic,0.0599820762872695,0.0308775901794433,0.9091402292251588,1.0,0.986,0.0,0.652,full_frame,True,0.1599820762872696,0.8091402292251587,0.0308776944875717,Organic,organic_sudah_benar,Recyclable,0.4925,0.0631,0.4444,Organic,0.0079,0.0348,0.9573
O_4438.jpg,Organic,Organic,0.0238369032740592,0.0267338473349809,0.949429214000702,0.76,0.927,0.354,0.625,perlu_cek_manual,False,0.0238369032740592,0.949429214000702,0.0267338473349809,Organic,organic_sudah_benar,Organic,0.0258,0.0277,0.9466,Organic,0.0155,0.4307,0.5538
O_4439.jpg,Organic,Organic,0.0786348208785057,0.0373824685811996,0.8839827179908752,1.0,0.784,0.23,0.664,full_frame,True,0.1786348208785057,0.7839827179908753,0.037382461130619,Organic,organic_sudah_benar,Organic,0.045,0.0003,0.9548,Organic,0.007,0.0591,0.934
O_4441.jpg,Organic,Organic,0.1257753223180771,0.0281080435961484,0.8461166620254517,0.864,0.987,0.004,0.699,full_frame,True,0.2257753223180771,0.7461166620254517,0.0281080156564712,Organic,organic_sudah_benar,Recyclable,0.6419,0.0058,0.3524,Organic,0.005,0.0409,0.9541
O_445.jpg,Organic,Organic,0.0491149574518203,0.0209211017936468,0.9299638867378236,0.269,0.379,0.286,0.285,background_terpisah,False,0.0491149574518203,0.9299638867378236,0.0209211017936468,Organic,organic_sudah_benar,Organic,0.1845,0.0003,0.8152,Organic,0.0756,0.2566,0.6678
O_4452.jpg,Organic,Organic,0.0604840032756328,0.0388710312545299,0.9006449580192566,1.0,0.967,0.456,0.707,full_frame,False,0.0604840032756328,0.9006449580192566,0.0388710312545299,Organic,organic_sudah_benar,Organic,0.0626,0.0206,0.9169,Organic,0.0194,0.3129,0.6676
O_4456.jpg,Organic,Organic,0.0297447647899389,0.0264890044927597,0.943766176700592,0.702,0.962,0.203,0.701,full_frame,True,0.1297447647899389,0.8437661767005921,0.026489058509469,Organic,organic_sudah_benar,Organic,0.0703,0.0019,0.9278,Organic,0.0446,0.0754,0.8801
O_4457.jpg,Organic,Organic,0.0601691827178001,0.0219813771545887,0.9178494811058044,0.811,0.9,0.348,0.651,full_frame,True,0.1601691827178001,0.8178494811058045,0.0219813361763954,Organic,organic_sudah_benar,Organic,0.0139,0.0035,0.9826,Organic,0.0238,0.2438,0.7325
O_4461.jpg,Organic,Organic,0.0651219189167022,0.0387647747993469,0.8961132764816284,1.0,0.943,0.618,0.765,full_frame,False,0.0651219189167022,0.8961132764816284,0.0387647747993469,Organic,organic_sudah_benar,Organic,0.3469,0.0073,0.6458,Organic,0.0046,0.044,0.9514
O_4465.jpg,Organic,Organic,0.0264722239226102,0.0673757940530777,0.9061520099639891,0.754,0.945,0.629,0.677,full_frame,False,0.0264722239226102,0.9061520099639891,0.0673757940530777,Organic,organic_sudah_benar,Organic,0.01,0.0,0.99,Organic,0.0036,0.0322,0.9642
O_4483.jpg,Organic,Organic,0.0449565015733242,0.0276687741279602,0.9273747205734252,1.0,1.0,0.0,0.67,full_frame,True,0.1449565015733242,0.8273747205734253,0.0276687778532505,Organic,organic_sudah_benar,Organic,0.006,0.0003,0.9936,Organic,0.1686,0.1022,0.7292
O_4484.jpg,Organic,Organic,0.0172597970813512,0.0229050926864147,0.959835171699524,0.851,0.982,0.328,0.745,full_frame,True,0.1172597970813512,0.859835171699524,0.0229050312191247,Organic,organic_sudah_benar,Organic,0.061,0.0002,0.9388,Organic,0.0451,0.1636,0.7913
O_4490.jpg,Organic,Organic,0.0285975392907857,0.029472904279828,0.941929578781128,1.0,0.93,0.258,0.695,full_frame,True,0.1285975392907858,0.841929578781128,0.0294728819280862,Organic,organic_sudah_benar,Organic,0.0014,0.0001,0.9985,Organic,0.0496,0.1177,0.8326
O_4491.jpg,Organic,Organic,0.1538128107786178,0.0546692162752151,0.791517972946167,0.085,0.226,0.452,0.185,background_terpisah,False,0.1538128107786178,0.791517972946167,0.0546692162752151,Organic,organic_sudah_benar,Organic,0.0262,0.0,0.9738,Organic,0.0293,0.0314,0.9393
O_4492.jpg,Organic,Organic,0.0369550548493862,0.0223376527428627,0.9407073259353638,0.727,0.966,0.616,0.625,perlu_cek_manual,False,0.0369550548493862,0.9407073259353638,0.0223376527428627,Organic,organic_sudah_benar,Organic,0.0009,0.0,0.999,Organic,0.008,0.0196,0.9724
O_4501.jpg,Organic,Organic,0.0315171740949153,0.0461321175098419,0.9223507046699524,1.0,1.0,0.38,0.77,full_frame,False,0.0315171740949153,0.9223507046699524,0.0461321175098419,Organic,organic_sudah_benar,Organic,0.0018,0.0001,0.9981,Organic,0.0773,0.2094,0.7133
O_4504.jpg,Organic,Organic,0.1033796891570091,0.0897521153092384,0.8068682551383972,0.125,0.473,0.428,0.296,background_terpisah,False,0.1033796891570091,0.8068682551383972,0.0897521153092384,Organic,organic_sudah_benar,Organic,0.012,0.0114,0.9765,Organic,0.2697,0.0918,0.6385
O_4510.jpg,Organic,Organic,0.0533596575260162,0.0421762876212596,0.9044641256332396,0.944,0.966,0.229,0.644,perlu_cek_manual,False,0.0533596575260162,0.9044641256332396,0.0421762876212596,Organic,organic_sudah_benar,Organic,0.0763,0.0004,0.9233,Organic,0.0067,0.0346,0.9588
O_4511.jpg,Organic,Organic,0.0337479375302791,0.0616596974432468,0.9045923948287964,1.0,0.915,0.0,0.654,full_frame,True,0.1337479375302791,0.8045923948287964,0.0616596676409244,Organic,organic_sudah_benar,Organic,0.0079,0.0001,0.992,Organic,0.151,0.3128,0.5362
O_4512.jpg,Organic,Organic,0.0150061165913939,0.0264105126261711,0.9585833549499512,1.0,1.0,0.279,0.797,full_frame,True,0.1150061165913939,0.8585833549499512,0.0264105284586548,Organic,organic_sudah_benar,Organic,0.0085,0.0001,0.9914,Organic,0.0176,0.0855,0.8969
O_455.jpg,Organic,Organic,0.0061435927636921,0.0188119746744632,0.9750444889068604,0.732,0.599,0.403,0.676,full_frame,False,0.0061435927636921,0.9750444889068604,0.0188119746744632,Organic,organic_sudah_benar,Organic,0.0849,0.0016,0.9135,Electronic,0.0321,0.8877,0.0802
O_4554.jpg,Organic,Organic,0.1292731165885925,0.0755680724978447,0.7951588034629822,1.0,0.987,0.213,0.828,full_frame,True,0.2292731165885925,0.6951588034629822,0.0755680799484252,Organic,organic_sudah_benar,Organic,0.006,0.0001,0.9939,Organic,0.0113,0.1664,0.8223
O_4570.jpg,Organic,Organic,0.4156671464443207,0.0445467345416545,0.539786159992218,1.0,0.997,0.0,0.724,full_frame,False,0.4156671464443207,0.539786159992218,0.0445467345416545,Organic,organic_sudah_benar,Organic,0.0041,0.0001,0.9959,Organic,0.0979,0.1434,0.7587
O_4578.jpg,Organic,Organic,0.012944838963449,0.0135381650179624,0.9735170006752014,1.0,0.959,0.091,0.81,full_frame,True,0.112944838963449,0.8735170006752014,0.0135381603613495,Organic,organic_sudah_benar,Organic,0.0164,0.0013,0.9823,Organic,0.0356,0.1154,0.8489
O_4582.jpg,Organic,Organic,0.1112330332398414,0.0402499809861183,0.8485170006752014,0.41,0.76,0.386,0.417,perlu_cek_manual,False,0.1112330332398414,0.8485170006752014,0.0402499809861183,Organic,organic_sudah_benar,Organic,0.0347,0.0001,0.9652,Organic,0.0893,0.0769,0.8339
O_4590.jpg,Organic,Organic,0.1601927429437637,0.0660479813814163,0.7737593054771423,0.857,0.917,0.233,0.651,full_frame,True,0.2601927429437637,0.6737593054771424,0.0660479515790939,Organic,organic_sudah_benar,Organic,0.0056,0.0042,0.9902,Organic,0.307,0.0832,0.6098
O_4595.jpg,Organic,Organic,0.0630574151873588,0.0712940618395805,0.8656484484672546,1.0,0.28,0.337,0.446,perlu_cek_manual,False,0.0630574151873588,0.8656484484672546,0.0712940618395805,Organic,organic_sudah_benar,Organic,0.0041,0.0001,0.9958,Organic,0.0366,0.0745,0.8889
O_4599.jpg,Organic,Organic,0.0594836249947547,0.0272208582609891,0.913295567035675,0.813,0.913,0.489,0.666,full_frame,False,0.0594836249947547,0.913295567035675,0.0272208582609891,Organic,organic_sudah_benar,Organic,0.0054,0.0001,0.9945,Organic,0.0591,0.1292,0.8117
O_460.jpg,Organic,Organic,0.0434178411960601,0.0543683320283889,0.9022138118743896,0.986,0.977,0.237,0.838,full_frame,True,0.1434178411960602,0.8022138118743897,0.0543683469295501,Organic,organic_sudah_benar,Organic,0.0039,0.0001,0.996,Organic,0.1544,0.3153,0.5304
O_4635.jpg,Organic,Organic,0.1731085181236267,0.0810886099934578,0.7458028793334961,0.19,0.42,0.555,0.252,background_terpisah,False,0.1731085181236267,0.7458028793334961,0.0810886099934578,Organic,organic_sudah_benar,Organic,0.3603,0.0005,0.6393,Organic,0.2149,0.2358,0.5493
O_4644.jpg,Organic,Organic,0.03847536444664,0.0280218739062547,0.9335027933120728,1.0,0.988,0.454,0.69,full_frame,False,0.03847536444664,0.9335027933120728,0.0280218739062547,Organic,organic_sudah_benar,Organic,0.0053,0.0025,0.9922,Organic,0.0252,0.0835,0.8913
O_4645.jpg,Organic,Organic,0.179457738995552,0.0610706061124801,0.7594717144966125,1.0,1.0,0.0,0.8,full_frame,True,0.279457738995552,0.6594717144966126,0.0610705465078353,Organic,organic_sudah_benar,Organic,0.0117,0.0093,0.979,Organic,0.0871,0.3569,0.556
O_4648.jpg,Organic,Organic,0.0263948310166597,0.0189140811562538,0.9546911120414734,0.598,0.379,0.34,0.439,perlu_cek_manual,False,0.0263948310166597,0.9546911120414734,0.0189140811562538,Organic,organic_sudah_benar,Organic,0.026,0.0025,0.9715,Organic,0.1846,0.2886,0.5268
O_4650.jpg,Organic,Organic,0.110092207789421,0.1256453543901443,0.7642624378204346,1.0,0.999,0.398,0.744,full_frame,False,0.110092207789421,0.7642624378204346,0.1256453543901443,Organic,organic_sudah_benar,Organic,0.0024,0.0001,0.9975,Organic,0.1086,0.066,0.8254
O_4656.jpg,Organic,Organic,0.0355717055499553,0.0524999313056468,0.911928415298462,0.687,0.971,0.431,0.628,perlu_cek_manual,False,0.0355717055499553,0.911928415298462,0.0524999313056468,Organic,organic_sudah_benar,Organic,0.0809,0.0003,0.9187,Organic,0.0865,0.0664,0.8471
O_4661.jpg,Organic,Organic,0.138432040810585,0.0756855085492134,0.7858824133872986,1.0,1.0,0.108,0.786,full_frame,True,0.238432040810585,0.6858824133872986,0.0756855458021164,Organic,organic_sudah_benar,Organic,0.1088,0.0024,0.8888,Organic,0.0006,0.0045,0.995
O_4662.jpg,Organic,Organic,0.1877649426460266,0.0342399105429649,0.777995228767395,0.78,0.958,0.167,0.535,perlu_cek_manual,False,0.1877649426460266,0.777995228767395,0.0342399105429649,Organic,organic_sudah_benar,Organic,0.0158,0.0032,0.981,Recyclable,0.4178,0.2269,0.3553
O_4671.jpg,Organic,Organic,0.1083322763442993,0.0329046361148357,0.8587630391120911,0.439,0.788,0.36,0.505,perlu_cek_manual,False,0.1083322763442993,0.8587630391120911,0.0329046361148357,Organic,organic_sudah_benar,Organic,0.0193,0.0008,0.9799,Organic,0.0281,0.0603,0.9117
O_4686.jpg,Organic,Organic,0.1704827547073364,0.0217511113733053,0.8077661395072937,0.854,0.987,0.316,0.694,full_frame,True,0.2704827547073364,0.7077661395072937,0.0217511057853698,Organic,organic_sudah_benar,Organic,0.0262,0.0023,0.9716,Organic,0.0911,0.0996,0.8093
O_4690.jpg,Organic,Organic,0.105930395424366,0.0254822075366973,0.8685874342918396,0.098,0.818,0.401,0.294,background_terpisah,False,0.105930395424366,0.8685874342918396,0.0254822075366973,Organic,organic_sudah_benar,Organic,0.1495,0.0004,0.8501,Organic,0.1604,0.1456,0.694
O_4695.jpg,Organic,Organic,0.0733094215393066,0.0405534133315086,0.8861371874809265,1.0,0.974,0.0,0.708,full_frame,True,0.1733094215393066,0.7861371874809265,0.0405533909797668,Organic,organic_sudah_benar,Organic,0.0039,0.0797,0.9164,Organic,0.3847,0.1495,0.4657
O_4698.jpg,Organic,Organic,0.0299870148301124,0.0267044864594936,0.9433085322380066,0.615,0.768,0.478,0.576,perlu_cek_manual,False,0.0299870148301124,0.9433085322380066,0.0267044864594936,Organic,organic_sudah_benar,Organic,0.045,0.0002,0.9547,Organic,0.1027,0.4256,0.4717
O_4719.jpg,Organic,Organic,0.0277631506323814,0.0134458066895604,0.9587910771369934,0.735,0.975,0.638,0.819,full_frame,False,0.0277631506323814,0.9587910771369934,0.0134458066895604,Organic,organic_sudah_benar,Organic,0.01,0.0001,0.9899,Electronic,0.1,0.451,0.449
O_4723.jpg,Organic,Organic,0.0808897167444229,0.0446622818708419,0.8744479417800903,0.368,0.626,0.244,0.422,perlu_cek_manual,False,0.0808897167444229,0.8744479417800903,0.0446622818708419,Organic,organic_sudah_benar,Organic,0.0078,0.0,0.9922,Organic,0.003,0.0398,0.9572
O_4730.jpg,Organic,Organic,0.0491537041962146,0.0299679599702358,0.920878291130066,1.0,0.926,0.054,0.749,full_frame,True,0.1491537041962146,0.8208782911300659,0.0299680046737194,Organic,organic_sudah_benar,Organic,0.0335,0.0168,0.9497,Organic,0.0976,0.1544,0.748
O_4735.jpg,Organic,Organic,0.0602464936673641,0.0625177323818206,0.8772357702255249,0.288,0.744,0.546,0.432,perlu_cek_manual,False,0.0602464936673641,0.8772357702255249,0.0625177323818206,Organic,organic_sudah_benar,Organic,0.0108,0.0001,0.9891,Organic,0.0151,0.0474,0.9375
O_4743.jpg,Organic,Organic,0.0461405478417873,0.0350287929177284,0.9188306927680968,0.942,0.929,0.47,0.779,full_frame,False,0.0461405478417873,0.9188306927680968,0.0350287929177284,Organic,organic_sudah_benar,Organic,0.0263,0.0001,0.9736,Organic,0.1334,0.1715,0.6952
O_4745.jpg,Organic,Organic,0.05892900750041,0.0177160967141389,0.923354983329773,0.897,0.939,0.445,0.846,full_frame,False,0.05892900750041,0.923354983329773,0.0177160967141389,Organic,organic_sudah_benar,Organic,0.0066,0.0042,0.9892,Electronic,0.0519,0.8202,0.1279
O_4747.jpg,Organic,Organic,0.1853531897068023,0.03619971498847,0.7784470915794373,1.0,0.948,0.174,0.664,full_frame,True,0.2853531897068023,0.6784470915794373,0.0361997187137603,Organic,organic_sudah_benar,Organic,0.0268,0.0001,0.9731,Organic,0.0171,0.0609,0.9219
O_4764.jpg,Organic,Organic,0.2743438482284546,0.0601153895258903,0.6655408143997192,0.143,0.686,0.276,0.307,background_terpisah,False,0.2743438482284546,0.6655408143997192,0.0601153895258903,Organic,organic_sudah_benar,Electronic,0.4548,0.4877,0.0575,Organic,0.201,0.3934,0.4057
O_477.jpg,Organic,Organic,0.0527448393404483,0.0479234158992767,0.8993316888809204,1.0,1.0,0.241,0.848,full_frame,True,0.1527448393404483,0.7993316888809204,0.0479234717786312,Organic,organic_sudah_benar,Organic,0.0096,0.0002,0.9902,Organic,0.0524,0.1418,0.8059
O_4776.jpg,Organic,Organic,0.1135582849383354,0.031473197042942,0.8549686074256897,1.0,1.0,0.38,0.876,full_frame,False,0.1135582849383354,0.8549686074256897,0.031473197042942,Organic,organic_sudah_benar,Organic,0.0035,0.0001,0.9964,Organic,0.0736,0.1508,0.7756
O_4781.jpg,Organic,Organic,0.0235603414475917,0.0297191683202981,0.9467204809188844,1.0,0.955,0.299,0.692,full_frame,True,0.1235603414475917,0.8467204809188843,0.0297191776335239,Organic,organic_sudah_benar,Organic,0.3353,0.0002,0.6645,Organic,0.0468,0.0097,0.9435
O_4792.jpg,Organic,Organic,0.0090777836740016,0.0259002335369586,0.9650219678878784,1.0,0.995,0.14,0.747,full_frame,True,0.1090777836740017,0.8650219678878784,0.0259002484381198,Organic,organic_sudah_benar,Organic,0.0127,0.0004,0.9869,Electronic,0.2595,0.4329,0.3077
O_480.jpg,Organic,Organic,0.0850671678781509,0.0567215420305728,0.85821133852005,1.0,0.352,0.607,0.609,perlu_cek_manual,False,0.0850671678781509,0.85821133852005,0.0567215420305728,Organic,organic_sudah_benar,Organic,0.0447,0.0008,0.9546,Organic,0.1172,0.3607,0.5221
O_4804.jpg,Organic,Organic,0.054281610995531,0.0433936938643455,0.9023246169090272,0.95,0.99,0.006,0.711,full_frame,True,0.1542816109955311,0.8023246169090271,0.0433937720954418,Organic,organic_sudah_benar,Organic,0.0366,0.0001,0.9633,Organic,0.0614,0.0684,0.8703
O_4827.jpg,Organic,Organic,0.0467135272920131,0.1031976789236068,0.8500888347625732,0.141,0.712,0.344,0.291,background_terpisah,False,0.0467135272920131,0.8500888347625732,0.1031976789236068,Organic,organic_sudah_benar,Organic,0.0176,0.0001,0.9823,Organic,0.0135,0.0337,0.9527
O_4833.jpg,Organic,Organic,0.0286577194929122,0.0420256368815898,0.9293166995048524,0.025,0.095,0.491,0.175,background_terpisah,False,0.0286577194929122,0.9293166995048524,0.0420256368815898,Organic,organic_sudah_benar,Organic,0.0895,0.0003,0.9101,Organic,0.0427,0.0463,0.911
O_4834.jpg,Organic,Organic,0.0359061956405639,0.0274876691401004,0.9366061687469482,0.731,0.948,0.296,0.662,full_frame,True,0.1359061956405639,0.8366061687469483,0.0274876356124877,Organic,organic_sudah_benar,Organic,0.0021,0.0001,0.9978,Organic,0.0069,0.1086,0.8844
O_4843.jpg,Organic,Organic,0.058328554034233,0.0154448635876178,0.9262266755104064,0.903,1.0,0.295,0.83,full_frame,True,0.1583285540342331,0.8262266755104065,0.0154447704553604,Organic,organic_sudah_benar,Organic,0.0471,0.0046,0.9483,Electronic,0.1735,0.4509,0.3756
O_4844.jpg,Organic,Organic,0.2875501811504364,0.0851612091064453,0.6272886395454407,1.0,1.0,0.374,0.801,full_frame,False,0.2875501811504364,0.6272886395454407,0.0851612091064453,Organic,organic_sudah_benar,Organic,0.1259,0.0001,0.874,Organic,0.1648,0.1201,0.7151
O_4846.jpg,Organic,Organic,0.0379976220428943,0.1759648919105529,0.7860375046730042,0.376,0.86,0.527,0.625,perlu_cek_manual,False,0.0379976220428943,0.7860375046730042,0.1759648919105529,Organic,organic_sudah_benar,Organic,0.0189,0.0003,0.9808,Organic,0.1082,0.1885,0.7033
O_4853.jpg,Organic,Organic,0.059275072067976,0.0616478025913238,0.8790771961212158,1.0,1.0,0.247,0.813,full_frame,True,0.159275072067976,0.7790771961212158,0.0616477318108081,Organic,organic_sudah_benar,Organic,0.027,0.0196,0.9534,Organic,0.0507,0.2417,0.7075
O_486.jpg,Organic,Organic,0.4275025725364685,0.0525538101792335,0.5199435949325562,0.167,0.268,0.39,0.227,background_terpisah,False,0.4275025725364685,0.5199435949325562,0.0525538101792335,Organic,organic_sudah_benar,Recyclable,0.6884,0.0276,0.284,Organic,0.0418,0.0343,0.9239
O_4861.jpg,Organic,Organic,0.0060707475058734,0.0206628534942865,0.9732663631439208,1.0,0.974,0.59,0.698,full_frame,False,0.0060707475058734,0.9732663631439208,0.0206628534942865,Organic,organic_sudah_benar,Organic,0.0112,0.0022,0.9866,Organic,0.0718,0.0667,0.8615
O_4871.jpg,Organic,Organic,0.0299136489629745,0.0414805598556995,0.9286057949066162,0.563,0.848,0.536,0.563,perlu_cek_manual,False,0.0299136489629745,0.9286057949066162,0.0414805598556995,Organic,organic_sudah_benar,Organic,0.0022,0.0,0.9977,Organic,0.0311,0.1947,0.7742
O_4880.jpg,Organic,Organic,0.0256544258445501,0.0269567035138607,0.9473888278007508,0.333,0.931,0.666,0.555,perlu_cek_manual,False,0.0256544258445501,0.9473888278007508,0.0269567035138607,Organic,organic_sudah_benar,Organic,0.0227,0.0001,0.9772,Organic,0.0305,0.1302,0.8393
O_4884.jpg,Organic,Organic,0.1444547623395919,0.0582804046571254,0.7972648739814758,0.932,0.904,0.404,0.696,full_frame,False,0.1444547623395919,0.7972648739814758,0.0582804046571254,Organic,organic_sudah_benar,Organic,0.0095,0.0001,0.9904,Organic,0.0211,0.0704,0.9085
O_4887.jpg,Organic,Organic,0.0281780716031789,0.0193706229329109,0.9524512887001038,1.0,0.991,0.0,0.798,full_frame,True,0.1281780716031789,0.8524512887001038,0.0193706396967172,Organic,organic_sudah_benar,Organic,0.0111,0.0036,0.9853,Organic,0.079,0.0342,0.8869
O_4888.jpg,Organic,Organic,0.0391526259481906,0.0375618860125541,0.9232854843139648,1.0,1.0,0.194,0.839,full_frame,True,0.1391526259481907,0.8232854843139649,0.0375618897378444,Organic,organic_sudah_benar,Organic,0.0067,0.0,0.9933,Organic,0.1646,0.258,0.5774
O_4889.jpg,Organic,Organic,0.0629645735025405,0.0568980351090431,0.8801373839378357,0.368,0.865,0.268,0.451,perlu_cek_manual,False,0.0629645735025405,0.8801373839378357,0.0568980351090431,Organic,organic_sudah_benar,Organic,0.0529,0.0,0.9471,Organic,0.1485,0.1381,0.7134
O_4892.jpg,Organic,Organic,0.0306647960096597,0.0262110233306884,0.9431241154670716,0.931,0.997,0.0,0.779,full_frame,True,0.1306647960096597,0.8431241154670716,0.0262110885232687,Organic,organic_sudah_benar,Organic,0.0005,0.0,0.9995,Organic,0.03,0.2668,0.7032
O_4895.jpg,Organic,Organic,0.0228424929082393,0.0409301184117794,0.9362274408340454,1.0,1.0,0.023,0.789,full_frame,True,0.1228424929082393,0.8362274408340454,0.0409300662577152,Organic,organic_sudah_benar,Organic,0.0067,0.0001,0.9933,Organic,0.1051,0.4471,0.4478
O_4923.jpg,Organic,Organic,0.0623976700007915,0.0293606743216514,0.9082416296005248,1.0,0.986,0.208,0.601,perlu_cek_manual,False,0.0623976700007915,0.9082416296005248,0.0293606743216514,Organic,organic_sudah_benar,Organic,0.0381,0.0043,0.9576,Organic,0.0755,0.1704,0.754
O_493.jpg,Organic,Organic,0.0393137894570827,0.0673455446958541,0.8933406472206116,1.0,1.0,0.242,0.848,full_frame,True,0.1393137894570827,0.7933406472206116,0.0673455633223056,Organic,organic_sudah_benar,Organic,0.1459,0.0031,0.851,Organic,0.0725,0.0546,0.873
O_4936.jpg,Organic,Organic,0.0897465348243713,0.0848931670188903,0.8253602981567383,1.0,0.946,0.0,0.706,full_frame,True,0.1897465348243713,0.7253602981567383,0.0848931670188903,Organic,organic_sudah_benar,Organic,0.0108,0.0009,0.9884,Recyclable,0.4941,0.1444,0.3614
O_4956.jpg,Organic,Organic,0.0664420425891876,0.0917657911777496,0.8417921662330627,0.985,0.967,0.11,0.659,full_frame,True,0.1664420425891876,0.7417921662330628,0.0917657911777496,Organic,organic_sudah_benar,Organic,0.0345,0.0006,0.9649,Organic,0.0663,0.0972,0.8364
O_496.jpg,Organic,Organic,0.0466211922466754,0.0591571927070617,0.8942216038703918,0.533,0.883,0.374,0.517,perlu_cek_manual,False,0.0466211922466754,0.8942216038703918,0.0591571927070617,Organic,organic_sudah_benar,Organic,0.0216,0.0023,0.9761,Organic,0.377,0.1141,0.5089
O_4969.jpg,Organic,Organic,0.1097745299339294,0.0248935986310243,0.8653318881988525,1.0,0.869,0.519,0.743,full_frame,False,0.1097745299339294,0.8653318881988525,0.0248935986310243,Organic,organic_sudah_benar,Organic,0.1448,0.0004,0.8547,Organic,0.0426,0.0743,0.8831
O_4974.jpg,Organic,Organic,0.0391221642494201,0.0256067831069231,0.9352709650993348,0.512,0.772,0.537,0.539,perlu_cek_manual,False,0.0391221642494201,0.9352709650993348,0.0256067831069231,Organic,organic_sudah_benar,Organic,0.0123,0.0005,0.9872,Organic,0.2167,0.2944,0.4889
O_4976.jpg,Organic,Organic,0.0405362546443939,0.0481196977198123,0.9113441109657288,1.0,1.0,0.292,0.842,full_frame,True,0.1405362546443939,0.8113441109657288,0.0481196343898773,Organic,organic_sudah_benar,Organic,0.0427,0.0023,0.955,Organic,0.3547,0.0838,0.5615
O_4981.jpg,Organic,Organic,0.0867720767855644,0.0575801022350788,0.85564786195755,0.576,0.955,0.304,0.614,perlu_cek_manual,False,0.0867720767855644,0.85564786195755,0.0575801022350788,Organic,organic_sudah_benar,Organic,0.0025,0.0005,0.9971,Organic,0.0426,0.0232,0.9342
O_4991.jpg,Organic,Organic,0.055030345916748,0.0365722104907035,0.9083974361419678,0.326,0.843,0.465,0.418,perlu_cek_manual,False,0.055030345916748,0.9083974361419678,0.0365722104907035,Organic,organic_sudah_benar,Organic,0.0225,0.0001,0.9774,Organic,0.007,0.0247,0.9682
O_4993.jpg,Organic,Organic,0.0293662082403898,0.0318922735750675,0.9387415051460266,0.522,0.942,0.247,0.608,perlu_cek_manual,False,0.0293662082403898,0.9387415051460266,0.0318922735750675,Organic,organic_sudah_benar,Organic,0.0034,0.0001,0.9965,Organic,0.0634,0.0313,0.9053
O_4996.jpg,Organic,Organic,0.0368244983255863,0.0141915986314415,0.9489838480949402,0.71,0.959,0.054,0.645,perlu_cek_manual,False,0.0368244983255863,0.9489838480949402,0.0141915986314415,Organic,organic_sudah_benar,Organic,0.0367,0.014,0.9493,Organic,0.0473,0.1592,0.7936
O_4999.jpg,Organic,Organic,0.1408050209283828,0.1322599202394485,0.7269350290298462,1.0,1.0,0.016,0.803,full_frame,True,0.2408050209283828,0.6269350290298462,0.1322599500417709,Organic,organic_sudah_benar,Recyclable,0.5587,0.0006,0.4407,Electronic,0.118,0.4573,0.4247
O_5007.jpg,Organic,Organic,0.0298567675054073,0.031848631799221,0.9382945895195008,1.0,0.874,0.032,0.692,full_frame,True,0.1298567675054073,0.8382945895195008,0.0318486429750919,Organic,organic_sudah_benar,Organic,0.0132,0.0007,0.9861,Organic,0.0232,0.1847,0.7921
O_5008.jpg,Organic,Organic,0.1183990761637687,0.0344739258289337,0.8471269607543945,1.0,0.998,0.303,0.772,full_frame,True,0.2183990761637687,0.7471269607543946,0.0344739630818367,Organic,organic_sudah_benar,Organic,0.0013,0.0018,0.9969,Organic,0.0586,0.0631,0.8783
O_5011.jpg,Organic,Organic,0.2696224153041839,0.1249412968754768,0.6054362654685974,0.149,0.412,0.407,0.362,perlu_cek_manual,False,0.2696224153041839,0.6054362654685974,0.1249412968754768,Organic,organic_sudah_benar,Organic,0.1767,0.0001,0.8232,Organic,0.0616,0.0674,0.871
O_5018.jpg,Organic,Organic,0.0859245136380195,0.0358394086360931,0.8782360553741455,0.0,0.006,0.461,0.094,background_terpisah,False,0.0859245136380195,0.8782360553741455,0.0358394086360931,Organic,organic_sudah_benar,Organic,0.0044,0.001,0.9946,Organic,0.0929,0.0922,0.8149
O_5019.jpg,Organic,Organic,0.0201575811952352,0.0094660939648747,0.9703763723373412,0.99,0.947,0.071,0.767,full_frame,True,0.1201575811952352,0.8703763723373413,0.0094660464674234,Organic,organic_sudah_benar,Organic,0.0106,0.0003,0.9891,Electronic,0.157,0.7583,0.0847
O_5032.jpg,Organic,Organic,0.0562339797616004,0.034030046314001,0.9097359776496888,1.0,0.896,0.056,0.697,full_frame,True,0.1562339797616005,0.8097359776496887,0.0340300425887107,Organic,organic_sudah_benar,Organic,0.0291,0.0019,0.969,Organic,0.0402,0.2584,0.7014
O_5033.jpg,Organic,Organic,0.2556752562522888,0.0328718274831771,0.7114529013633728,0.883,0.973,0.581,0.696,full_frame,False,0.2556752562522888,0.7114529013633728,0.0328718274831771,Organic,organic_sudah_benar,Organic,0.3691,0.0017,0.6293,Organic,0.3459,0.1861,0.4679
O_5035.jpg,Organic,Organic,0.1011859476566314,0.1135614961385726,0.785252571105957,0.102,0.4,0.58,0.291,background_terpisah,False,0.1011859476566314,0.785252571105957,0.1135614961385726,Organic,organic_sudah_benar,Organic,0.0066,0.0003,0.9931,Organic,0.0835,0.0626,0.8539
O_5036.jpg,Organic,Organic,0.1073222085833549,0.0913280248641967,0.8013496994972229,1.0,0.44,0.25,0.644,perlu_cek_manual,False,0.1073222085833549,0.8013496994972229,0.0913280248641967,Organic,organic_sudah_benar,Organic,0.257,0.0001,0.7429,Organic,0.0516,0.0811,0.8673
O_5040.jpg,Organic,Organic,0.0248031169176101,0.0268221478909254,0.9483746290206908,0.86,0.981,0.382,0.677,full_frame,False,0.0248031169176101,0.9483746290206908,0.0268221478909254,Organic,organic_sudah_benar,Organic,0.4296,0.0096,0.5609,Organic,0.0256,0.0587,0.9157
O_5061.jpg,Organic,Organic,0.029335243627429,0.0242576003074646,0.9464070796966552,1.0,0.972,0.064,0.709,full_frame,True,0.129335243627429,0.8464070796966553,0.0242576766759157,Organic,organic_sudah_benar,Organic,0.2554,0.312,0.4326,Electronic,0.1585,0.561,0.2805
O_5066.jpg,Organic,Organic,0.0381671451032161,0.0423405170440673,0.9194923639297484,0.659,0.949,0.444,0.776,full_frame,False,0.0381671451032161,0.9194923639297484,0.0423405170440673,Organic,organic_sudah_benar,Organic,0.0053,0.0001,0.9946,Organic,0.0806,0.222,0.6975
O_5075.jpg,Organic,Organic,0.0445911027491092,0.1209257841110229,0.8344830870628357,1.0,0.964,0.471,0.587,perlu_cek_manual,False,0.0445911027491092,0.8344830870628357,0.1209257841110229,Organic,organic_sudah_benar,Organic,0.0065,0.0005,0.9931,Organic,0.0757,0.0379,0.8864
O_5080.jpg,Organic,Organic,0.0651670023798942,0.0254171229898929,0.9094158411026,0.896,0.985,0.425,0.798,full_frame,False,0.0651670023798942,0.9094158411026,0.0254171229898929,Organic,organic_sudah_benar,Organic,0.1156,0.0189,0.8655,Organic,0.2253,0.1593,0.6154
O_5082.jpg,Organic,Organic,0.0951147750020027,0.0335962884128093,0.8712889552116394,0.888,0.875,0.28,0.556,perlu_cek_manual,False,0.0951147750020027,0.8712889552116394,0.0335962884128093,Organic,organic_sudah_benar,Organic,0.1926,0.0577,0.7497,Organic,0.373,0.208,0.419
O_5087.jpg,Organic,Organic,0.037643939256668,0.0273666642606258,0.9349893927574158,0.999,0.986,0.553,0.833,full_frame,False,0.037643939256668,0.9349893927574158,0.0273666642606258,Organic,organic_sudah_benar,Organic,0.032,0.0006,0.9675,Organic,0.0793,0.0635,0.8572
O_509.jpg,Organic,Organic,0.0466012023389339,0.0955649837851524,0.8578338623046875,1.0,0.994,0.15,0.829,full_frame,True,0.1466012023389339,0.7578338623046875,0.0955649353563785,Organic,organic_sudah_benar,Organic,0.0656,0.0001,0.9343,Organic,0.0039,0.0331,0.9631
O_5097.jpg,Organic,Organic,0.0410264022648334,0.0379068069159984,0.9210667610168456,1.0,0.976,0.209,0.667,full_frame,True,0.1410264022648334,0.8210667610168457,0.0379068367183208,Organic,organic_sudah_benar,Recyclable,0.4878,0.0719,0.4403,Organic,0.3366,0.2218,0.4416
O_5099.jpg,Organic,Organic,0.0277835261076688,0.0251843761652708,0.9470320343971252,1.0,0.965,0.307,0.671,full_frame,True,0.1277835261076688,0.8470320343971253,0.0251844394952058,Organic,organic_sudah_benar,Organic,0.0203,0.0015,0.9782,Organic,0.0147,0.1239,0.8614
O_5103.jpg,Organic,Organic,0.0063086729496717,0.0358995087444782,0.957791805267334,1.0,1.0,0.235,0.847,full_frame,True,0.1063086729496717,0.857791805267334,0.0358995217829942,Organic,organic_sudah_benar,Organic,0.0162,0.0043,0.9795,Organic,0.2619,0.1717,0.5665
O_5107.jpg,Organic,Organic,0.108739323914051,0.0588403642177581,0.8324203491210938,1.0,0.924,0.159,0.634,perlu_cek_manual,False,0.108739323914051,0.8324203491210938,0.0588403642177581,Organic,organic_sudah_benar,Organic,0.0101,0.0021,0.9877,Organic,0.2455,0.1889,0.5656
O_5115.jpg,Organic,Organic,0.0758557841181755,0.0669024363160133,0.8572417497634888,1.0,0.974,0.494,0.646,perlu_cek_manual,False,0.0758557841181755,0.8572417497634888,0.0669024363160133,Organic,organic_sudah_benar,Organic,0.2541,0.0061,0.7398,Organic,0.2941,0.1091,0.5967
O_512.jpg,Organic,Organic,0.1304743736982345,0.1591922640800476,0.7103334069252014,0.78,0.486,0.657,0.562,perlu_cek_manual,False,0.1304743736982345,0.7103334069252014,0.1591922640800476,Organic,organic_sudah_benar,Recyclable,0.941,0.0014,0.0576,Organic,0.0916,0.1317,0.7767
O_5128.jpg,Organic,Organic,0.0385750457644462,0.054609477519989,0.906815469264984,0.447,0.595,0.175,0.333,background_terpisah,False,0.0385750457644462,0.906815469264984,0.054609477519989,Organic,organic_sudah_benar,Organic,0.0536,0.0009,0.9456,Organic,0.0132,0.0374,0.9494
O_5131.jpg,Organic,Organic,0.1280478835105896,0.1296099126338958,0.7423421144485474,0.0,0.045,0.341,0.077,background_terpisah,False,0.1280478835105896,0.7423421144485474,0.1296099126338958,Organic,organic_sudah_benar,Recyclable,0.6384,0.0246,0.3369,Organic,0.2674,0.2478,0.4848
O_5132.jpg,Organic,Organic,0.1078006774187088,0.0470122396945953,0.8451871275901794,0.875,0.855,0.391,0.512,perlu_cek_manual,False,0.1078006774187088,0.8451871275901794,0.0470122396945953,Organic,organic_sudah_benar,Recyclable,0.7555,0.0007,0.2437,Organic,0.2662,0.0697,0.6641
O_5161.jpg,Organic,Organic,0.0445628762245178,0.0252618752419948,0.930175244808197,0.022,0.164,0.411,0.15,background_terpisah,False,0.0445628762245178,0.930175244808197,0.0252618752419948,Organic,organic_sudah_benar,Recyclable,0.608,0.0027,0.3894,Organic,0.1429,0.2317,0.6253
O_5167.jpg,Organic,Organic,0.0856063514947891,0.0695362463593483,0.8448574542999268,0.508,0.935,0.246,0.578,perlu_cek_manual,False,0.0856063514947891,0.8448574542999268,0.0695362463593483,Organic,organic_sudah_benar,Organic,0.3396,0.0534,0.607,Organic,0.0574,0.0802,0.8624
O_5173.jpg,Organic,Organic,0.0551318079233169,0.0472364835441112,0.897631824016571,1.0,0.995,0.539,0.907,full_frame,False,0.0551318079233169,0.897631824016571,0.0472364835441112,Organic,organic_sudah_benar,Organic,0.0429,0.0012,0.9559,Organic,0.0254,0.0606,0.914
O_5176.jpg,Organic,Organic,0.0680009871721267,0.0446564927697181,0.8873425126075745,0.001,0.129,0.504,0.137,background_terpisah,False,0.0680009871721267,0.8873425126075745,0.0446564927697181,Organic,organic_sudah_benar,Organic,0.3221,0.0022,0.6757,Organic,0.1565,0.123,0.7205
O_5195.jpg,Organic,Organic,0.0354071222245693,0.1034469604492187,0.8611459732055664,1.0,1.0,0.145,0.803,full_frame,True,0.1354071222245693,0.7611459732055664,0.1034469045698642,Organic,organic_sudah_benar,Organic,0.0714,0.0021,0.9265,Organic,0.0206,0.0605,0.9189
O_5197.jpg,Organic,Organic,0.065662071108818,0.0595815666019916,0.8747564554214478,0.011,0.119,0.33,0.093,background_terpisah,False,0.065662071108818,0.8747564554214478,0.0595815666019916,Organic,organic_sudah_benar,Organic,0.3983,0.0229,0.5787,Organic,0.2077,0.1145,0.6778
O_5201.jpg,Organic,Organic,0.2620612382888794,0.0395372547209262,0.6984015107154846,0.023,0.734,0.224,0.199,background_terpisah,False,0.2620612382888794,0.6984015107154846,0.0395372547209262,Organic,organic_sudah_benar,Recyclable,0.9148,0.0104,0.0748,Organic,0.354,0.0953,0.5507
O_5212.jpg,Organic,Organic,0.0683871507644653,0.0859222561120987,0.8456906080245972,0.39,0.351,0.468,0.423,perlu_cek_manual,False,0.0683871507644653,0.8456906080245972,0.0859222561120987,Organic,organic_sudah_benar,Recyclable,0.4973,0.0161,0.4866,Organic,0.3012,0.2168,0.482
O_5218.jpg,Organic,Organic,0.0460230261087417,0.0517825148999691,0.9021944999694824,0.032,0.724,0.337,0.251,background_terpisah,False,0.0460230261087417,0.9021944999694824,0.0517825148999691,Organic,organic_sudah_benar,Organic,0.2984,0.0101,0.6915,Organic,0.1049,0.3243,0.5708
O_5223.jpg,Organic,Organic,0.0193121321499347,0.0763519033789634,0.9043359756469728,0.42,0.905,0.453,0.454,perlu_cek_manual,False,0.0193121321499347,0.9043359756469728,0.0763519033789634,Organic,organic_sudah_benar,Organic,0.1484,0.0027,0.8489,Organic,0.0755,0.1036,0.8209
O_5238.jpg,Organic,Organic,0.0511317066848278,0.0766373351216316,0.8722309470176697,0.124,0.281,0.503,0.324,background_terpisah,False,0.0511317066848278,0.8722309470176697,0.0766373351216316,Organic,organic_sudah_benar,Organic,0.424,0.0039,0.5721,Organic,0.1115,0.1923,0.6962
O_5247.jpg,Organic,Organic,0.0249674059450626,0.022842600941658,0.9521899819374084,1.0,0.625,0.65,0.711,full_frame,False,0.0249674059450626,0.9521899819374084,0.022842600941658,Organic,organic_sudah_benar,Organic,0.0336,0.009,0.9574,Organic,0.0109,0.0429,0.9462
O_5266.jpg,Organic,Organic,0.0921747758984565,0.1309032291173935,0.7769219279289246,1.0,0.999,0.051,0.81,full_frame,True,0.1921747758984565,0.6769219279289246,0.1309032961726188,Organic,organic_sudah_benar,Organic,0.2771,0.0748,0.6482,Organic,0.2783,0.2105,0.5112
O_5277.jpg,Organic,Organic,0.102065771818161,0.0167272742837667,0.8812070488929749,1.0,0.944,0.439,0.868,full_frame,False,0.102065771818161,0.8812070488929749,0.0167272742837667,Organic,organic_sudah_benar,Organic,0.1636,0.002,0.8344,Organic,0.1399,0.1149,0.7452
O_5288.jpg,Organic,Organic,0.0502951815724372,0.0223958175629377,0.9273089170455932,0.31,0.917,0.218,0.32,background_terpisah,False,0.0502951815724372,0.9273089170455932,0.0223958175629377,Organic,organic_sudah_benar,Organic,0.2774,0.0143,0.7084,Organic,0.1696,0.0581,0.7723
O_5293.jpg,Organic,Organic,0.0494912415742874,0.11575847864151,0.8347502946853638,1.0,0.99,0.452,0.888,full_frame,False,0.0494912415742874,0.8347502946853638,0.11575847864151,Organic,organic_sudah_benar,Organic,0.1705,0.0117,0.8178,Organic,0.0601,0.1656,0.7743
O_5298.jpg,Organic,Organic,0.0137119563296437,0.0961188822984695,0.8901691436767578,0.84,0.701,0.262,0.49,perlu_cek_manual,False,0.0137119563296437,0.8901691436767578,0.0961188822984695,Organic,organic_sudah_benar,Organic,0.1311,0.0005,0.8684,Organic,0.0502,0.0431,0.9067
O_5300.jpg,Organic,Organic,0.0958318337798118,0.026289913803339,0.8778781890869141,0.007,0.088,0.498,0.133,background_terpisah,False,0.0958318337798118,0.8778781890869141,0.026289913803339,Organic,organic_sudah_benar,Recyclable,0.7256,0.0136,0.2608,Organic,0.0157,0.075,0.9093
O_5308.jpg,Organic,Organic,0.0898488089442253,0.0781146511435508,0.8320366144180298,0.19,0.836,0.204,0.28,background_terpisah,False,0.0898488089442253,0.8320366144180298,0.0781146511435508,Organic,organic_sudah_benar,Organic,0.0502,0.0003,0.9495,Organic,0.0647,0.099,0.8364
O_5320.jpg,Organic,Organic,0.0488804243505001,0.03836490213871,0.9127546548843384,1.0,1.0,0.622,0.765,full_frame,False,0.0488804243505001,0.9127546548843384,0.03836490213871,Organic,organic_sudah_benar,Organic,0.1161,0.0072,0.8767,Organic,0.0118,0.0096,0.9786
O_5323.jpg,Organic,Organic,0.0257764756679534,0.0474740639328956,0.9267494678497314,0.851,0.974,0.269,0.783,full_frame,True,0.1257764756679535,0.8267494678497315,0.047474056482315,Organic,organic_sudah_benar,Organic,0.037,0.0029,0.9601,Organic,0.0699,0.359,0.5711
O_5340.jpg,Organic,Organic,0.0327679924666881,0.0307645313441753,0.936467468738556,1.0,1.0,0.105,0.821,full_frame,True,0.1327679924666881,0.8364674687385559,0.0307645387947559,Organic,organic_sudah_benar,Organic,0.2365,0.0044,0.7591,Organic,0.0947,0.0514,0.8539
O_5341.jpg,Organic,Organic,0.0234112255275249,0.0340515710413455,0.9425371289253236,0.325,0.893,0.429,0.362,perlu_cek_manual,False,0.0234112255275249,0.9425371289253236,0.0340515710413455,Organic,organic_sudah_benar,Organic,0.1992,0.0003,0.8005,Organic,0.038,0.0639,0.898
O_5345.jpg,Organic,Organic,0.0714596509933471,0.0425184518098831,0.8860219120979309,1.0,0.955,0.119,0.681,full_frame,True,0.1714596509933471,0.7860219120979309,0.0425184369087219,Organic,organic_sudah_benar,Organic,0.2083,0.0026,0.7892,Organic,0.0657,0.0675,0.8668
O_5347.jpg,Organic,Organic,0.1870907694101333,0.0905122086405754,0.722396969795227,0.0,-0.0,0.357,0.071,background_terpisah,False,0.1870907694101333,0.722396969795227,0.0905122086405754,Organic,organic_sudah_benar,Organic,0.2358,0.1015,0.6627,Electronic,0.0603,0.6041,0.3355
O_5354.jpg,Organic,Organic,0.0387663431465625,0.0272124949842691,0.9340212345123292,1.0,1.0,0.399,0.843,full_frame,False,0.0387663431465625,0.9340212345123292,0.0272124949842691,Organic,organic_sudah_benar,Organic,0.0952,0.0328,0.872,Organic,0.0325,0.0914,0.8762
O_5369.jpg,Organic,Organic,0.0349309891462326,0.0456131808459758,0.919455885887146,0.984,0.994,0.334,0.809,full_frame,True,0.1349309891462326,0.819455885887146,0.0456131249666214,Organic,organic_sudah_benar,Organic,0.018,0.0039,0.9781,Organic,0.0501,0.0609,0.889
O_5378.jpg,Organic,Organic,0.0626012682914733,0.0703429579734802,0.8670558333396912,0.961,0.967,0.086,0.607,perlu_cek_manual,False,0.0626012682914733,0.8670558333396912,0.0703429579734802,Organic,organic_sudah_benar,Organic,0.095,0.0097,0.8953,Organic,0.0822,0.077,0.8408
O_5379.jpg,Organic,Organic,0.0091454163193702,0.0272068288177251,0.9636477828025818,1.0,0.432,0.4,0.518,perlu_cek_manual,False,0.0091454163193702,0.9636477828025818,0.0272068288177251,Organic,organic_sudah_benar,Organic,0.0224,0.0016,0.9759,Organic,0.0079,0.1144,0.8777
O_5383.jpg,Organic,Organic,0.1704020351171493,0.0826918855309486,0.7469061017036438,0.106,0.7,0.577,0.327,background_terpisah,False,0.1704020351171493,0.7469061017036438,0.0826918855309486,Organic,organic_sudah_benar,Organic,0.214,0.0069,0.7791,Organic,0.3325,0.1763,0.4912
O_5390.jpg,Organic,Organic,0.0887483060359954,0.0434698313474655,0.8677818179130554,1.0,1.0,0.151,0.766,full_frame,True,0.1887483060359955,0.7677818179130554,0.0434698760509491,Organic,organic_sudah_benar,Organic,0.0108,0.0027,0.9865,Organic,0.0442,0.3242,0.6316
O_5392.jpg,Organic,Organic,0.0354586504399776,0.0694930553436279,0.8950482606887817,0.971,0.954,0.432,0.568,perlu_cek_manual,False,0.0354586504399776,0.8950482606887817,0.0694930553436279,Organic,organic_sudah_benar,Organic,0.0262,0.0079,0.9659,Organic,0.0938,0.1596,0.7466
O_5394.jpg,Organic,Organic,0.07095917314291,0.0188249535858631,0.9102159142494202,0.635,0.849,0.405,0.601,perlu_cek_manual,False,0.07095917314291,0.9102159142494202,0.0188249535858631,Organic,organic_sudah_benar,Organic,0.2487,0.0043,0.747,Organic,0.1395,0.1393,0.7212
O_5397.jpg,Organic,Organic,0.1400817036628723,0.164314791560173,0.6956034898757935,0.91,0.638,0.249,0.75,full_frame,True,0.2400817036628723,0.5956034898757935,0.1643148064613342,Organic,organic_sudah_benar,Organic,0.1794,0.0191,0.8015,Organic,0.3826,0.1309,0.4865
O_540.jpg,Organic,Organic,0.0278540197759866,0.0087218172848224,0.9634241461753844,1.0,1.0,0.644,0.927,full_frame,False,0.0278540197759866,0.9634241461753844,0.0087218172848224,Organic,organic_sudah_benar,Organic,0.0118,0.0023,0.9859,Organic,0.1691,0.3219,0.509
O_5404.jpg,Organic,Organic,0.0239936094731092,0.0814010426402092,0.8946053385734558,1.0,1.0,0.384,0.711,full_frame,False,0.0239936094731092,0.8946053385734558,0.0814010426402092,Organic,organic_sudah_benar,Organic,0.2018,0.0081,0.7901,Organic,0.1979,0.0511,0.751
O_5409.jpg,Organic,Organic,0.0530295483767986,0.033551450818777,0.9134190082550048,1.0,0.987,0.532,0.809,full_frame,False,0.0530295483767986,0.9134190082550048,0.033551450818777,Organic,organic_sudah_benar,Organic,0.0637,0.0048,0.9314,Organic,0.0115,0.0366,0.9518
O_5417.jpg,Organic,Organic,0.1139301136136055,0.0196101870387792,0.8664596080780029,1.0,0.887,0.127,0.659,full_frame,True,0.2139301136136055,0.766459608078003,0.0196102783083915,Organic,organic_sudah_benar,Organic,0.0494,0.0069,0.9437,Organic,0.0061,0.0233,0.9705
O_5421.jpg,Organic,Organic,0.2099963724613189,0.0408154167234897,0.749188244342804,0.069,0.167,0.363,0.166,background_terpisah,False,0.2099963724613189,0.749188244342804,0.0408154167234897,Organic,organic_sudah_benar,Recyclable,0.6048,0.008,0.3872,Organic,0.1457,0.4136,0.4407
O_5423.jpg,Organic,Organic,0.0302445217967033,0.0235737971961498,0.9461817741394044,0.552,0.868,0.505,0.607,perlu_cek_manual,False,0.0302445217967033,0.9461817741394044,0.0235737971961498,Organic,organic_sudah_benar,Organic,0.0763,0.005,0.9187,Organic,0.0146,0.1584,0.827
O_5424.jpg,Organic,Organic,0.0249550938606262,0.0513452589511871,0.923699676990509,0.754,0.975,0.382,0.62,perlu_cek_manual,False,0.0249550938606262,0.923699676990509,0.0513452589511871,Organic,organic_sudah_benar,Organic,0.112,0.003,0.8849,Organic,0.0249,0.0459,0.9291
O_5427.jpg,Organic,Organic,0.1215102672576904,0.0791479051113128,0.7993419170379639,0.105,0.33,0.328,0.275,background_terpisah,False,0.1215102672576904,0.7993419170379639,0.0791479051113128,Organic,organic_sudah_benar,Recyclable,0.6821,0.0397,0.2781,Organic,0.2156,0.2071,0.5773
O_5437.jpg,Organic,Organic,0.2505689859390259,0.0608097314834594,0.6886212825775146,0.037,0.754,0.112,0.185,background_terpisah,False,0.2505689859390259,0.6886212825775146,0.0608097314834594,Organic,organic_sudah_benar,Organic,0.4028,0.0144,0.5828,Organic,0.0951,0.2592,0.6456
O_5440.jpg,Organic,Organic,0.0914025828242302,0.0794664546847343,0.8291309475898743,1.0,1.0,0.596,0.826,full_frame,False,0.0914025828242302,0.8291309475898743,0.0794664546847343,Organic,organic_sudah_benar,Organic,0.1629,0.0079,0.8292,Organic,0.1295,0.1738,0.6967
O_5455.jpg,Organic,Organic,0.0223464630544185,0.0191999617964029,0.9584535956382751,0.573,0.498,0.586,0.567,perlu_cek_manual,False,0.0223464630544185,0.9584535956382751,0.0191999617964029,Organic,organic_sudah_benar,Organic,0.2103,0.0008,0.7889,Organic,0.0317,0.0541,0.9142
O_5459.jpg,Organic,Organic,0.0649985149502754,0.0187922921031713,0.9162092208862304,0.99,1.0,0.47,0.89,full_frame,False,0.0649985149502754,0.9162092208862304,0.0187922921031713,Organic,organic_sudah_benar,Organic,0.1132,0.0046,0.8823,Organic,0.0252,0.0111,0.9637
O_5460.jpg,Organic,Organic,0.0455755516886711,0.0347999595105648,0.9196245074272156,0.613,0.985,0.395,0.76,full_frame,False,0.0455755516886711,0.9196245074272156,0.0347999595105648,Organic,organic_sudah_benar,Organic,0.094,0.0027,0.9032,Organic,0.0221,0.0334,0.9446
O_5468.jpg,Organic,Organic,0.0459023378789424,0.1192693188786506,0.8348283171653748,0.86,1.0,0.372,0.832,full_frame,False,0.0459023378789424,0.8348283171653748,0.1192693188786506,Organic,organic_sudah_benar,Organic,0.0872,0.0183,0.8944,Organic,0.1762,0.0825,0.7413
O_5472.jpg,Organic,Organic,0.0278747305274009,0.0373859703540802,0.9347392320632936,1.0,0.922,0.536,0.855,full_frame,False,0.0278747305274009,0.9347392320632936,0.0373859703540802,Organic,organic_sudah_benar,Organic,0.0121,0.0017,0.9862,Organic,0.0126,0.0352,0.9522
O_5477.jpg,Organic,Organic,0.131275787949562,0.1558049470186233,0.712919294834137,1.0,0.977,0.316,0.559,perlu_cek_manual,False,0.131275787949562,0.712919294834137,0.1558049470186233,Organic,organic_sudah_benar,Organic,0.2522,0.001,0.7468,Organic,0.1664,0.1417,0.6919
O_5481.jpg,Organic,Organic,0.1580156832933426,0.1350089013576507,0.7069754004478455,0.0,-0.0,0.205,0.041,background_terpisah,False,0.1580156832933426,0.7069754004478455,0.1350089013576507,Organic,organic_sudah_benar,Recyclable,0.7639,0.0154,0.2207,Recyclable,0.7714,0.0985,0.1301
O_5483.jpg,Organic,Organic,0.0223876666277647,0.0332360975444316,0.9443762302398682,1.0,0.978,0.566,0.885,full_frame,False,0.0223876666277647,0.9443762302398682,0.0332360975444316,Organic,organic_sudah_benar,Organic,0.0671,0.0048,0.9281,Organic,0.0501,0.0418,0.9081
O_5488.jpg,Organic,Organic,0.0584077537059783,0.0356183163821697,0.9059739112854004,0.724,0.688,0.699,0.495,perlu_cek_manual,False,0.0584077537059783,0.9059739112854004,0.0356183163821697,Organic,organic_sudah_benar,Recyclable,0.6756,0.0098,0.3146,Organic,0.1532,0.0835,0.7634
O_5494.jpg,Organic,Organic,0.0772325098514556,0.0467041172087192,0.876063346862793,0.947,0.86,0.51,0.647,perlu_cek_manual,False,0.0772325098514556,0.876063346862793,0.0467041172087192,Organic,organic_sudah_benar,Organic,0.1046,0.0041,0.8913,Organic,0.2548,0.2146,0.5306
O_5501.jpg,Organic,Organic,0.0455731712281703,0.0889326855540275,0.8654941320419312,0.284,0.44,0.494,0.351,perlu_cek_manual,False,0.0455731712281703,0.8654941320419312,0.0889326855540275,Organic,organic_sudah_benar,Recyclable,0.7372,0.0058,0.2571,Electronic,0.1032,0.7308,0.166
O_5519.jpg,Organic,Organic,0.0415491163730621,0.0163467358797788,0.9421042203903198,1.0,0.995,0.184,0.763,full_frame,True,0.1415491163730621,0.8421042203903198,0.016346663236618,Organic,organic_sudah_benar,Organic,0.1571,0.0115,0.8314,Organic,0.0845,0.2128,0.7027
O_5523.jpg,Organic,Organic,0.0556000284850597,0.1658909171819687,0.7785090208053589,0.88,1.0,0.052,0.694,full_frame,True,0.1556000284850597,0.6785090208053589,0.1658909507095813,Organic,organic_sudah_benar,Organic,0.2935,0.0288,0.6777,Organic,0.1159,0.1379,0.7462
O_5530.jpg,Organic,Organic,0.0369444340467453,0.0401301980018615,0.922925353050232,0.721,0.968,0.454,0.71,full_frame,False,0.0369444340467453,0.922925353050232,0.0401301980018615,Organic,organic_sudah_benar,Organic,0.0026,0.0003,0.9972,Organic,0.1125,0.051,0.8366
O_5533.jpg,Organic,Organic,0.0419302508234977,0.0551401041448116,0.9029296040534972,0.285,0.753,0.4,0.411,perlu_cek_manual,False,0.0419302508234977,0.9029296040534972,0.0551401041448116,Organic,organic_sudah_benar,Organic,0.0241,0.0019,0.974,Organic,0.0234,0.0545,0.9221
O_5539.jpg,Organic,Organic,0.1505314111709594,0.1324852406978607,0.7169833779335022,0.123,0.833,0.463,0.313,background_terpisah,False,0.1505314111709594,0.7169833779335022,0.1324852406978607,Organic,organic_sudah_benar,Recyclable,0.8882,0.0055,0.1063,Organic,0.1344,0.3049,0.5606
O_5548.jpg,Organic,Organic,0.1123095676302909,0.0568783171474933,0.8308121562004089,1.0,0.953,0.398,0.721,full_frame,False,0.1123095676302909,0.8308121562004089,0.0568783171474933,Organic,organic_sudah_benar,Organic,0.185,0.0066,0.8084,Organic,0.027,0.1196,0.8534
O_5549.jpg,Organic,Organic,0.2445083111524582,0.0352931320667266,0.7201985716819763,0.046,0.28,0.369,0.165,background_terpisah,False,0.2445083111524582,0.7201985716819763,0.0352931320667266,Organic,organic_sudah_benar,Organic,0.3647,0.0431,0.5922,Electronic,0.0282,0.7847,0.1871
O_5551.jpg,Organic,Organic,0.0397984907031059,0.038816150277853,0.9213853478431702,1.0,0.986,0.607,0.794,full_frame,False,0.0397984907031059,0.9213853478431702,0.038816150277853,Organic,organic_sudah_benar,Organic,0.1211,0.0272,0.8516,Organic,0.2558,0.1618,0.5823
O_5557.jpg,Organic,Organic,0.0355447493493557,0.0783962905406951,0.8860589265823364,0.006,0.042,0.329,0.089,background_terpisah,False,0.0355447493493557,0.8860589265823364,0.0783962905406951,Organic,organic_sudah_benar,Organic,0.4213,0.0087,0.57,Organic,0.0197,0.059,0.9213
O_5558.jpg,Organic,Organic,0.0323169492185115,0.0564275607466697,0.9112554788589478,0.481,0.655,0.477,0.671,full_frame,False,0.0323169492185115,0.9112554788589478,0.0564275607466697,Organic,organic_sudah_benar,Organic,0.4575,0.0812,0.4612,Electronic,0.0718,0.6096,0.3186
O_5566.jpg,Organic,Organic,0.0914999991655349,0.0974895134568214,0.8110105395317078,0.693,0.956,0.532,0.805,full_frame,False,0.0914999991655349,0.8110105395317078,0.0974895134568214,Organic,organic_sudah_benar,Organic,0.1044,0.0103,0.8853,Organic,0.2156,0.1963,0.5881
O_5575.jpg,Organic,Organic,0.0316138304769992,0.0313734896481037,0.9370126724243164,0.174,0.865,0.225,0.315,background_terpisah,False,0.0316138304769992,0.9370126724243164,0.0313734896481037,Organic,organic_sudah_benar,Organic,0.366,0.0067,0.6273,Electronic,0.4042,0.5413,0.0545
O_5583.jpg,Organic,Organic,0.0665817037224769,0.0980768129229545,0.8353415131568909,0.007,0.09,0.316,0.092,background_terpisah,False,0.0665817037224769,0.8353415131568909,0.0980768129229545,Organic,organic_sudah_benar,Recyclable,0.6914,0.0039,0.3048,Organic,0.0079,0.2683,0.7238
O_5585.jpg,Organic,Organic,0.0430863201618194,0.0842566639184951,0.8726570010185242,0.855,0.984,0.299,0.526,perlu_cek_manual,False,0.0430863201618194,0.8726570010185242,0.0842566639184951,Organic,organic_sudah_benar,Organic,0.1655,0.0067,0.8278,Electronic,0.2531,0.3762,0.3707
O_5586.jpg,Organic,Organic,0.0136623056605458,0.0297288876026868,0.9566088318824768,0.184,0.731,0.345,0.318,background_terpisah,False,0.0136623056605458,0.9566088318824768,0.0297288876026868,Organic,organic_sudah_benar,Organic,0.2799,0.0092,0.7109,Electronic,0.1003,0.5132,0.3865
O_5597.jpg,Organic,Organic,0.1482811421155929,0.1517857164144516,0.6999331712722778,0.204,0.233,0.463,0.239,background_terpisah,False,0.1482811421155929,0.6999331712722778,0.1517857164144516,Organic,organic_sudah_benar,Recyclable,0.5024,0.0026,0.495,Electronic,0.0433,0.632,0.3247
O_5598.jpg,Organic,Organic,0.0152078038081526,0.0179871935397386,0.966805100440979,0.946,1.0,0.0,0.784,full_frame,True,0.1152078038081526,0.866805100440979,0.0179870957508683,Organic,organic_sudah_benar,Organic,0.214,0.0105,0.7755,Electronic,0.0623,0.4977,0.4401
O_5602.jpg,Organic,Organic,0.1247900798916816,0.1237077340483665,0.7515022158622742,0.152,0.303,0.27,0.357,perlu_cek_manual,False,0.1247900798916816,0.7515022158622742,0.1237077340483665,Organic,organic_sudah_benar,Recyclable,0.6111,0.0199,0.3691,Organic,0.0608,0.2768,0.6624
O_561.jpg,Organic,Organic,0.0142966229468584,0.0310449432581663,0.9546583890914916,0.886,0.973,0.046,0.754,full_frame,True,0.1142966229468584,0.8546583890914917,0.0310449879616498,Organic,organic_sudah_benar,Organic,0.0021,0.0009,0.9969,Organic,0.1387,0.0849,0.7764
O_5614.jpg,Organic,Organic,0.0718226879835128,0.0427353344857692,0.8854420185089111,0.62,0.925,0.678,0.757,full_frame,False,0.0718226879835128,0.8854420185089111,0.0427353344857692,Organic,organic_sudah_benar,Organic,0.1144,0.009,0.8766,Organic,0.0919,0.2969,0.6113
O_562.jpg,Organic,Organic,0.1815641373395919,0.0857376679778099,0.7326982021331787,0.383,0.483,0.21,0.32,background_terpisah,False,0.1815641373395919,0.7326982021331787,0.0857376679778099,Organic,organic_sudah_benar,Organic,0.4127,0.0007,0.5866,Organic,0.1285,0.1698,0.7017
O_5647.jpg,Organic,Organic,0.1246761456131935,0.0722308903932571,0.8030929565429688,0.106,0.797,0.176,0.227,background_terpisah,False,0.1246761456131935,0.8030929565429688,0.0722308903932571,Organic,organic_sudah_benar,Organic,0.2748,0.0231,0.7022,Organic,0.3338,0.3015,0.3647
O_5659.jpg,Organic,Organic,0.0524919480085372,0.048306867480278,0.8992011547088623,0.67,0.964,0.038,0.702,full_frame,False,0.0524919480085372,0.8992011547088623,0.048306867480278,Organic,organic_sudah_benar,Organic,0.118,0.0069,0.8751,Organic,0.0813,0.1791,0.7396
O_5665.jpg,Organic,Organic,0.0134755708277225,0.0346197001636028,0.9519047141075134,1.0,0.986,0.216,0.706,full_frame,True,0.1134755708277225,0.8519047141075134,0.034619715064764,Organic,organic_sudah_benar,Organic,0.0613,0.005,0.9338,Organic,0.1171,0.3848,0.4982
O_5674.jpg,Organic,Organic,0.0871903598308563,0.1265894472599029,0.7862201929092407,0.187,0.449,0.443,0.305,background_terpisah,False,0.0871903598308563,0.7862201929092407,0.1265894472599029,Organic,organic_sudah_benar,Organic,0.375,0.0088,0.6163,Electronic,0.1045,0.7671,0.1284
O_5677.jpg,Organic,Organic,0.0244542211294174,0.0306072905659675,0.9449384808540344,0.108,0.198,0.368,0.164,background_terpisah,False,0.0244542211294174,0.9449384808540344,0.0306072905659675,Organic,organic_sudah_benar,Recyclable,0.625,0.0081,0.3668,Electronic,0.0987,0.8281,0.0732
O_568.jpg,Organic,Organic,0.0283148791640996,0.0616523027420043,0.9100328087806702,0.003,0.157,0.506,0.138,background_terpisah,False,0.0283148791640996,0.9100328087806702,0.0616523027420043,Organic,organic_sudah_benar,Recyclable,0.8492,0.0004,0.1504,Organic,0.016,0.1917,0.7923
O_57.jpg,Organic,Organic,0.0920553728938102,0.053482424467802,0.8544621467590332,0.105,0.337,0.395,0.271,background_terpisah,False,0.0920553728938102,0.8544621467590332,0.053482424467802,Organic,organic_sudah_benar,Organic,0.0251,0.0024,0.9725,Organic,0.2479,0.1733,0.5788
O_5718.jpg,Organic,Organic,0.0560660324990749,0.0574643947184085,0.8864696025848389,0.014,0.119,0.388,0.112,background_terpisah,False,0.0560660324990749,0.8864696025848389,0.0574643947184085,Organic,organic_sudah_benar,Recyclable,0.493,0.0226,0.4845,Electronic,0.1411,0.7638,0.0951
O_5725.jpg,Organic,Organic,0.0116587504744529,0.0422894470393657,0.9460517764091492,0.947,1.0,0.328,0.701,full_frame,True,0.1116587504744529,0.8460517764091492,0.0422894731163978,Organic,organic_sudah_benar,Recyclable,0.6703,0.017,0.3128,Organic,0.0616,0.3389,0.5996
O_5727.jpg,Organic,Organic,0.0228209476917982,0.0190529935061931,0.9581260085105896,1.0,0.966,0.0,0.655,full_frame,True,0.1228209476917982,0.8581260085105896,0.0190530437976121,Organic,organic_sudah_benar,Organic,0.1051,0.0749,0.82,Organic,0.0134,0.0905,0.8961
O_5735.jpg,Organic,Organic,0.0220904890447855,0.0379021242260932,0.9400073885917664,0.247,0.44,0.433,0.285,background_terpisah,False,0.0220904890447855,0.9400073885917664,0.0379021242260932,Organic,organic_sudah_benar,Recyclable,0.7542,0.0075,0.2382,Electronic,0.0666,0.7371,0.1963
O_5741.jpg,Organic,Organic,0.0430753342807292,0.0492589846253395,0.90766578912735,0.201,0.276,0.457,0.265,background_terpisah,False,0.0430753342807292,0.90766578912735,0.0492589846253395,Organic,organic_sudah_benar,Recyclable,0.5037,0.013,0.4833,Electronic,0.1962,0.6338,0.17
O_5742.jpg,Organic,Organic,0.0196674447506666,0.0333320461213588,0.9470005035400392,0.568,0.966,0.249,0.589,perlu_cek_manual,False,0.0196674447506666,0.9470005035400392,0.0333320461213588,Organic,organic_sudah_benar,Organic,0.2371,0.0018,0.7611,Organic,0.0669,0.3051,0.6279
O_5747.jpg,Organic,Organic,0.0173246916383504,0.052613765001297,0.9300615191459656,0.266,0.408,0.297,0.285,background_terpisah,False,0.0173246916383504,0.9300615191459656,0.052613765001297,Organic,organic_sudah_benar,Organic,0.1267,0.0193,0.854,Electronic,0.0487,0.8741,0.0772
O_5760.jpg,Organic,Organic,0.0248078592121601,0.043599709868431,0.931592345237732,1.0,1.0,0.0,0.8,full_frame,True,0.1248078592121601,0.831592345237732,0.0435997955501079,Organic,organic_sudah_benar,Organic,0.1763,0.008,0.8157,Organic,0.0685,0.3127,0.6188
O_5764.jpg,Organic,Organic,0.265250563621521,0.0659241452813148,0.6688253283500671,0.538,0.938,0.119,0.446,perlu_cek_manual,False,0.265250563621521,0.6688253283500671,0.0659241452813148,Organic,organic_sudah_benar,Organic,0.1623,0.0527,0.785,Electronic,0.1824,0.5021,0.3155
O_5770.jpg,Organic,Organic,0.0286032799631357,0.1544117927551269,0.8169848918914795,1.0,0.987,0.49,0.649,perlu_cek_manual,False,0.0286032799631357,0.8169848918914795,0.1544117927551269,Organic,organic_sudah_benar,Organic,0.1467,0.0186,0.8346,Organic,0.1542,0.3226,0.5232
O_5771.jpg,Organic,Organic,0.0971709936857223,0.031271144747734,0.8715578317642212,0.06,0.105,0.34,0.142,background_terpisah,False,0.0971709936857223,0.8715578317642212,0.031271144747734,Organic,organic_sudah_benar,Organic,0.1138,0.0275,0.8586,Organic,0.0118,0.0822,0.906
O_5779.jpg,Organic,Organic,0.0445986799895763,0.1793926954269409,0.7760086059570312,0.5,0.939,0.382,0.574,perlu_cek_manual,False,0.0445986799895763,0.7760086059570312,0.1793926954269409,Organic,organic_sudah_benar,Organic,0.0976,0.0036,0.8987,Organic,0.1494,0.1821,0.6685
O_5786.jpg,Organic,Organic,0.0118064684793353,0.075830802321434,0.9123627543449402,0.754,0.912,0.581,0.634,perlu_cek_manual,False,0.0118064684793353,0.9123627543449402,0.075830802321434,Organic,organic_sudah_benar,Organic,0.1575,0.0197,0.8228,Organic,0.0781,0.3042,0.6176
O_5794.jpg,Organic,Organic,0.0986366644501686,0.0557045042514801,0.8456588983535767,0.987,0.979,0.583,0.808,full_frame,False,0.0986366644501686,0.8456588983535767,0.0557045042514801,Organic,organic_sudah_benar,Organic,0.2768,0.0013,0.7219,Organic,0.0814,0.3445,0.5741
O_5795.jpg,Organic,Organic,0.0894061252474784,0.0529762804508209,0.8576176762580872,0.309,0.849,0.425,0.416,perlu_cek_manual,False,0.0894061252474784,0.8576176762580872,0.0529762804508209,Organic,organic_sudah_benar,Organic,0.441,0.0084,0.5505,Organic,0.1911,0.3195,0.4894
O_580.jpg,Organic,Organic,0.0887454971671104,0.0753086358308792,0.8359458446502686,0.181,0.462,0.375,0.272,background_terpisah,False,0.0887454971671104,0.8359458446502686,0.0753086358308792,Organic,organic_sudah_benar,Organic,0.457,0.0023,0.5407,Organic,0.028,0.4658,0.5062
O_5800.jpg,Organic,Organic,0.0458962433040142,0.0630437731742858,0.8910599946975708,0.44,0.628,0.486,0.445,perlu_cek_manual,False,0.0458962433040142,0.8910599946975708,0.0630437731742858,Organic,organic_sudah_benar,Organic,0.3824,0.0085,0.6091,Electronic,0.0634,0.7839,0.1526
O_581.jpg,Organic,Organic,0.3128023445606231,0.0723163336515426,0.6148812770843506,0.466,0.338,0.197,0.3,background_terpisah,False,0.3128023445606231,0.6148812770843506,0.0723163336515426,Organic,organic_sudah_benar,Organic,0.4408,0.0002,0.559,Organic,0.1227,0.0935,0.7837
O_5812.jpg,Organic,Organic,0.0151524497196078,0.0656862407922744,0.919161319732666,1.0,1.0,0.307,0.73,full_frame,True,0.1151524497196078,0.819161319732666,0.0656862305477261,Organic,organic_sudah_benar,Organic,0.0135,0.0013,0.9852,Organic,0.1665,0.2056,0.6279
O_5819.jpg,Organic,Organic,0.0246451813727617,0.0413950346410274,0.9339597821235656,0.935,1.0,0.262,0.681,full_frame,True,0.1246451813727617,0.8339597821235657,0.0413950365036726,Organic,organic_sudah_benar,Organic,0.1665,0.0059,0.8276,Organic,0.162,0.2641,0.5739
O_5828.jpg,Organic,Organic,0.0355776250362396,0.0464510396122932,0.9179713129997252,0.225,0.432,0.603,0.335,background_terpisah,False,0.0355776250362396,0.9179713129997252,0.0464510396122932,Organic,organic_sudah_benar,Organic,0.0729,0.0091,0.9181,Electronic,0.068,0.4941,0.438
O_5829.jpg,Organic,Organic,0.0320562720298767,0.0374671779572963,0.9304765462875366,0.771,0.983,0.412,0.81,full_frame,False,0.0320562720298767,0.9304765462875366,0.0374671779572963,Organic,organic_sudah_benar,Organic,0.0141,0.0008,0.9852,Organic,0.0348,0.0354,0.9298
O_5840.jpg,Organic,Organic,0.0250376593321561,0.048594769090414,0.9263676404953004,0.502,0.944,0.346,0.483,perlu_cek_manual,False,0.0250376593321561,0.9263676404953004,0.048594769090414,Organic,organic_sudah_benar,Organic,0.0529,0.0003,0.9468,Electronic,0.1273,0.5734,0.2992
O_5843.jpg,Organic,Organic,0.0109070912003517,0.0535815730690956,0.9355114102363586,0.96,0.977,0.29,0.697,full_frame,True,0.1109070912003517,0.8355114102363587,0.0535814985632896,Organic,organic_sudah_benar,Organic,0.0743,0.0003,0.9255,Organic,0.0272,0.1554,0.8174
O_5846.jpg,Organic,Organic,0.0276123657822608,0.0359797440469265,0.9364079236984252,0.078,0.7,0.406,0.269,background_terpisah,False,0.0276123657822608,0.9364079236984252,0.0359797440469265,Organic,organic_sudah_benar,Organic,0.4383,0.0012,0.5605,Organic,0.046,0.2382,0.7158
O_5851.jpg,Organic,Organic,0.0498357117176055,0.0820387601852417,0.8681255578994751,0.092,0.22,0.46,0.198,background_terpisah,False,0.0498357117176055,0.8681255578994751,0.0820387601852417,Organic,organic_sudah_benar,Organic,0.3773,0.0047,0.618,Electronic,0.2503,0.684,0.0657
O_5853.jpg,Organic,Organic,0.0414349734783172,0.0363761521875858,0.922188937664032,0.055,0.257,0.349,0.161,background_terpisah,False,0.0414349734783172,0.922188937664032,0.0363761521875858,Organic,organic_sudah_benar,Organic,0.3374,0.0118,0.6508,Electronic,0.1922,0.7205,0.0873
O_5854.jpg,Organic,Organic,0.117545448243618,0.0169053766876459,0.8655492067337036,1.0,1.0,0.0,0.8,full_frame,True,0.217545448243618,0.7655492067337036,0.0169053450226783,Organic,organic_sudah_benar,Organic,0.0828,0.0115,0.9057,Organic,0.0614,0.3767,0.5619
O_5862.jpg,Organic,Organic,0.0766821056604385,0.0295945294201374,0.8937234282493591,0.705,0.831,0.118,0.55,perlu_cek_manual,False,0.0766821056604385,0.8937234282493591,0.0295945294201374,Organic,organic_sudah_benar,Organic,0.2167,0.0026,0.7808,Organic,0.1204,0.3507,0.5289
O_5863.jpg,Organic,Organic,0.0270383115857839,0.0353818349540233,0.9375799298286438,0.711,0.98,0.036,0.64,perlu_cek_manual,False,0.0270383115857839,0.9375799298286438,0.0353818349540233,Organic,organic_sudah_benar,Organic,0.1015,0.0011,0.8974,Organic,0.1228,0.1174,0.7598
O_5879.jpg,Organic,Organic,0.0487846843898296,0.0788603574037551,0.8723549842834473,0.088,0.625,0.481,0.271,background_terpisah,False,0.0487846843898296,0.8723549842834473,0.0788603574037551,Organic,organic_sudah_benar,Recyclable,0.5937,0.0052,0.401,Electronic,0.1025,0.4922,0.4053
O_5883.jpg,Organic,Organic,0.0518918596208095,0.2341076135635376,0.7140005230903625,0.328,0.376,0.459,0.36,perlu_cek_manual,False,0.0518918596208095,0.7140005230903625,0.2341076135635376,Organic,organic_sudah_benar,Organic,0.0558,0.0039,0.9403,Electronic,0.1948,0.433,0.3722
O_5899.jpg,Organic,Organic,0.0580904260277748,0.0527174323797225,0.8891921639442444,0.859,0.98,0.0,0.731,full_frame,True,0.1580904260277748,0.7891921639442444,0.0527174100279808,Organic,organic_sudah_benar,Organic,0.0376,0.0003,0.9621,Organic,0.2119,0.269,0.519
O_5906.jpg,Organic,Organic,0.0916593521833419,0.1016952842473983,0.806645393371582,1.0,0.985,0.107,0.779,full_frame,True,0.1916593521833419,0.706645393371582,0.1016952544450759,Organic,organic_sudah_benar,Organic,0.0271,0.0001,0.9728,Organic,0.0851,0.2008,0.7142
O_5928.jpg,Organic,Organic,0.0556592047214508,0.0438091047108173,0.9005317091941833,0.897,0.992,0.0,0.765,full_frame,True,0.1556592047214508,0.8005317091941834,0.0438090860843658,Organic,organic_sudah_benar,Organic,0.0032,0.0,0.9968,Organic,0.2157,0.3586,0.4257
O_5931.jpg,Organic,Organic,0.0087973112240433,0.0173937585204839,0.9738088846206664,0.011,0.158,0.461,0.138,background_terpisah,False,0.0087973112240433,0.9738088846206664,0.0173937585204839,Organic,organic_sudah_benar,Organic,0.0378,0.0031,0.959,Organic,0.2654,0.342,0.3926
O_5943.jpg,Organic,Organic,0.0254821497946977,0.0343409739434719,0.9401769042015076,0.075,0.342,0.428,0.231,background_terpisah,False,0.0254821497946977,0.9401769042015076,0.0343409739434719,Organic,organic_sudah_benar,Organic,0.0061,0.0001,0.9938,Organic,0.014,0.2178,0.7682
O_5945.jpg,Organic,Organic,0.0430759191513061,0.0407435856759548,0.9161804914474488,1.0,0.993,0.0,0.747,full_frame,True,0.1430759191513061,0.8161804914474488,0.0407435894012451,Organic,organic_sudah_benar,Organic,0.0084,0.0003,0.9913,Organic,0.2165,0.2499,0.5336
O_5954.jpg,Organic,Organic,0.0884636268019676,0.0515344589948654,0.8600018620491028,0.752,0.987,0.36,0.795,full_frame,False,0.0884636268019676,0.8600018620491028,0.0515344589948654,Organic,organic_sudah_benar,Organic,0.0139,0.0219,0.9642,Organic,0.0568,0.3349,0.6083
O_5963.jpg,Organic,Organic,0.0275828931480646,0.0329669378697872,0.9394501447677612,0.632,0.943,0.064,0.581,perlu_cek_manual,False,0.0275828931480646,0.9394501447677612,0.0329669378697872,Organic,organic_sudah_benar,Organic,0.0032,0.0003,0.9965,Organic,0.0457,0.0729,0.8814
O_597.jpg,Organic,Organic,0.0484153106808662,0.0405379459261894,0.9110466837882996,0.622,0.969,0.077,0.696,full_frame,False,0.0484153106808662,0.9110466837882996,0.0405379459261894,Organic,organic_sudah_benar,Organic,0.0027,0.0,0.9973,Organic,0.1576,0.1282,0.7142
O_5971.jpg,Organic,Organic,0.390235424041748,0.0390883758664131,0.5706762075424194,0.872,0.984,0.0,0.759,full_frame,True,0.490235424041748,0.4706762075424194,0.0390883684158325,Recyclable,organic_sudah_benar,Organic,0.101,0.001,0.898,Organic,0.2251,0.3864,0.3885
O_5978.jpg,Organic,Organic,0.4108830392360687,0.0085698114708065,0.5805472135543823,0.323,0.598,0.529,0.402,perlu_cek_manual,False,0.4108830392360687,0.5805472135543823,0.0085698114708065,Organic,organic_sudah_benar,Organic,0.0408,0.0005,0.9587,Organic,0.0883,0.2591,0.6527
O_5980.jpg,Organic,Organic,0.0712857842445373,0.0493940450251102,0.8793201446533203,1.0,0.963,0.342,0.768,full_frame,True,0.1712857842445373,0.7793201446533203,0.0493940711021423,Organic,organic_sudah_benar,Organic,0.0782,0.0242,0.8976,Organic,0.0407,0.0873,0.872
O_5982.jpg,Organic,Organic,0.0325313508510589,0.0271412953734397,0.9403274059295654,0.788,0.97,0.0,0.691,full_frame,True,0.1325313508510589,0.8403274059295655,0.0271412432193756,Organic,organic_sudah_benar,Organic,0.0188,0.0008,0.9804,Organic,0.101,0.2427,0.6563
O_5983.jpg,Organic,Organic,0.052430834621191,0.0316762961447238,0.9158928990364076,0.513,0.943,0.324,0.697,full_frame,False,0.052430834621191,0.9158928990364076,0.0316762961447238,Organic,organic_sudah_benar,Organic,0.002,0.0,0.9979,Organic,0.1699,0.3956,0.4345
O_599.jpg,Organic,Organic,0.1390438973903656,0.0671518146991729,0.7938042879104614,0.283,0.935,0.165,0.365,perlu_cek_manual,False,0.1390438973903656,0.7938042879104614,0.0671518146991729,Organic,organic_sudah_benar,Organic,0.0505,0.0011,0.9484,Organic,0.028,0.0926,0.8794
O_5991.jpg,Organic,Organic,0.1046507135033607,0.0711916014552116,0.8241576552391052,0.887,0.948,0.304,0.615,perlu_cek_manual,False,0.1046507135033607,0.8241576552391052,0.0711916014552116,Organic,organic_sudah_benar,Organic,0.0923,0.0042,0.9035,Organic,0.0182,0.1385,0.8433
O_600.jpg,Organic,Organic,0.0189300868660211,0.0395323410630226,0.9415375590324402,0.47,0.84,0.554,0.442,perlu_cek_manual,False,0.0189300868660211,0.9415375590324402,0.0395323410630226,Organic,organic_sudah_benar,Organic,0.0128,0.0001,0.9871,Organic,0.0577,0.0487,0.8935
O_6005.jpg,Organic,Organic,0.0574598535895347,0.0218803901225328,0.9206596612930298,0.644,0.958,0.293,0.711,full_frame,False,0.0574598535895347,0.9206596612930298,0.0218803901225328,Organic,organic_sudah_benar,Organic,0.003,0.0,0.9969,Organic,0.0927,0.1826,0.7246
O_6011.jpg,Organic,Organic,0.0668075606226921,0.0436760783195495,0.8895164728164673,1.0,1.0,0.0,0.8,full_frame,True,0.1668075606226921,0.7895164728164673,0.0436759665608406,Organic,organic_sudah_benar,Organic,0.0091,0.0001,0.9908,Organic,0.1471,0.2935,0.5594
O_6012.jpg,Organic,Organic,0.0269900541752576,0.0391971282660961,0.9338127374649048,0.814,0.945,0.519,0.66,full_frame,False,0.0269900541752576,0.9338127374649048,0.0391971282660961,Organic,organic_sudah_benar,Organic,0.0505,0.0103,0.9391,Organic,0.033,0.2521,0.7149
O_6018.jpg,Organic,Organic,0.0991713851690292,0.0507423244416713,0.8500862717628479,1.0,1.0,0.023,0.726,full_frame,True,0.1991713851690292,0.7500862717628479,0.0507423430681228,Organic,organic_sudah_benar,Organic,0.0134,0.0057,0.9809,Organic,0.1111,0.1926,0.6963
O_6032.jpg,Organic,Organic,0.0650500506162643,0.0266744084656238,0.9082756042480468,0.123,0.514,0.543,0.293,background_terpisah,False,0.0650500506162643,0.9082756042480468,0.0266744084656238,Organic,organic_sudah_benar,Organic,0.0133,0.0037,0.9831,Organic,0.1645,0.2477,0.5877
O_605.jpg,Organic,Organic,0.0142334066331386,0.0542187243700027,0.9315478801727296,0.686,0.94,0.264,0.658,full_frame,False,0.0142334066331386,0.9315478801727296,0.0542187243700027,Organic,organic_sudah_benar,Organic,0.0004,0.0005,0.9991,Organic,0.3205,0.0452,0.6342
O_6053.jpg,Organic,Organic,0.2536903321743011,0.0427925996482372,0.7035171389579773,0.891,0.986,0.145,0.698,full_frame,True,0.3536903321743011,0.6035171389579773,0.0427925288677215,Organic,organic_sudah_benar,Organic,0.3349,0.0167,0.6484,Electronic,0.0414,0.4986,0.46
O_6063.jpg,Organic,Organic,0.0218195263296365,0.0234989635646343,0.9546815156936646,1.0,0.98,0.302,0.768,full_frame,True,0.1218195263296365,0.8546815156936646,0.0234989579766988,Organic,organic_sudah_benar,Organic,0.1506,0.0209,0.8285,Electronic,0.1473,0.4493,0.4034
O_609.jpg,Organic,Organic,0.0679752752184867,0.1224900484085083,0.8095346689224243,0.007,0.144,0.562,0.165,background_terpisah,False,0.0679752752184867,0.8095346689224243,0.1224900484085083,Organic,organic_sudah_benar,Organic,0.1088,0.0028,0.8884,Organic,0.202,0.1565,0.6415
O_6097.jpg,Organic,Organic,0.0929499417543411,0.0984388291835784,0.8086112141609192,1.0,0.976,0.581,0.764,full_frame,False,0.0929499417543411,0.8086112141609192,0.0984388291835784,Organic,organic_sudah_benar,Organic,0.008,0.0018,0.9902,Organic,0.0618,0.4319,0.5063
O_6098.jpg,Organic,Organic,0.0442260913550853,0.0641180798411369,0.8916558027267456,1.0,1.0,0.0,0.734,full_frame,True,0.1442260913550853,0.7916558027267456,0.064118105918169,Organic,organic_sudah_benar,Organic,0.1565,0.0584,0.785,Organic,0.0287,0.3032,0.6681
O_6107.jpg,Organic,Organic,0.0292601604014635,0.0273477248847484,0.9433921575546264,0.708,1.0,0.563,0.77,full_frame,False,0.0292601604014635,0.9433921575546264,0.0273477248847484,Organic,organic_sudah_benar,Organic,0.0083,0.0012,0.9905,Organic,0.016,0.0603,0.9237
O_611.jpg,Organic,Organic,0.0387450940907001,0.0715098679065704,0.8897449374198914,1.0,1.0,0.572,0.914,full_frame,False,0.0387450940907001,0.8897449374198914,0.0715098679065704,Organic,organic_sudah_benar,Organic,0.0019,0.0004,0.9977,Organic,0.0373,0.0174,0.9453
O_6111.jpg,Organic,Organic,0.0269114524126052,0.0351037941873073,0.9379847645759584,0.793,0.982,0.053,0.71,full_frame,True,0.1269114524126053,0.8379847645759583,0.0351037830114364,Organic,organic_sudah_benar,Organic,0.0066,0.0,0.9933,Organic,0.262,0.3513,0.3867
O_6129.jpg,Organic,Organic,0.0146871786564588,0.0293372496962547,0.9559755325317384,1.0,1.0,0.0,0.735,full_frame,True,0.1146871786564588,0.8559755325317383,0.0293372888118028,Organic,organic_sudah_benar,Organic,0.0674,0.0351,0.8974,Organic,0.2758,0.3383,0.386
O_6136.jpg,Organic,Organic,0.0540365055203437,0.0372299887239933,0.9087334871292114,0.877,0.887,0.432,0.638,perlu_cek_manual,False,0.0540365055203437,0.9087334871292114,0.0372299887239933,Organic,organic_sudah_benar,Organic,0.1263,0.0418,0.8319,Organic,0.0149,0.1311,0.854
O_6143.jpg,Organic,Organic,0.0344962626695632,0.0486513972282409,0.9168522953987122,0.144,0.163,0.39,0.19,background_terpisah,False,0.0344962626695632,0.9168522953987122,0.0486513972282409,Organic,organic_sudah_benar,Organic,0.0194,0.0,0.9805,Electronic,0.203,0.4264,0.3706
O_6162.jpg,Organic,Organic,0.1619941145181656,0.0500990450382232,0.7879067659378052,0.39,0.915,0.384,0.563,perlu_cek_manual,False,0.1619941145181656,0.7879067659378052,0.0500990450382232,Organic,organic_sudah_benar,Organic,0.4199,0.0113,0.5687,Organic,0.078,0.2832,0.6388
O_6173.jpg,Organic,Organic,0.020037442445755,0.0294295046478509,0.9505330324172974,0.395,0.89,0.33,0.581,perlu_cek_manual,False,0.020037442445755,0.9505330324172974,0.0294295046478509,Organic,organic_sudah_benar,Organic,0.1,0.0007,0.8994,Organic,0.0665,0.0462,0.8873
O_6188.jpg,Organic,Organic,0.1653709858655929,0.0927962958812713,0.7418327331542969,1.0,0.957,0.375,0.771,full_frame,False,0.1653709858655929,0.7418327331542969,0.0927962958812713,Organic,organic_sudah_benar,Organic,0.2625,0.0083,0.7291,Organic,0.0819,0.3517,0.5663
O_6193.jpg,Organic,Organic,0.0590219981968402,0.0445568040013313,0.8964212536811829,1.0,0.993,0.0,0.754,full_frame,True,0.1590219981968403,0.7964212536811829,0.0445567481219768,Organic,organic_sudah_benar,Organic,0.075,0.018,0.9071,Electronic,0.0727,0.479,0.4483
O_6195.jpg,Organic,Organic,0.0458829887211322,0.0268985889852046,0.9272184371948242,0.837,0.947,0.418,0.729,full_frame,False,0.0458829887211322,0.9272184371948242,0.0268985889852046,Organic,organic_sudah_benar,Organic,0.0089,0.0006,0.9906,Organic,0.1533,0.1328,0.7139
O_6196.jpg,Organic,Organic,0.0593944229185581,0.019918318837881,0.9206872582435608,1.0,0.997,0.308,0.791,full_frame,True,0.1593944229185581,0.8206872582435608,0.019918318837881,Organic,organic_sudah_benar,Organic,0.1198,0.0186,0.8616,Organic,0.0822,0.2564,0.6615
O_6203.jpg,Organic,Organic,0.0312390439212322,0.026471871882677,0.9422891139984132,0.068,0.292,0.533,0.237,background_terpisah,False,0.0312390439212322,0.9422891139984132,0.026471871882677,Organic,organic_sudah_benar,Organic,0.0122,0.0012,0.9866,Recyclable,0.4249,0.3559,0.2193
O_6205.jpg,Organic,Organic,0.0719004720449447,0.0850086137652397,0.8430909514427185,0.71,0.946,0.24,0.632,perlu_cek_manual,False,0.0719004720449447,0.8430909514427185,0.0850086137652397,Organic,organic_sudah_benar,Organic,0.0255,0.0001,0.9744,Organic,0.0889,0.2926,0.6185
O_621.jpg,Organic,Organic,0.0666884109377861,0.0525073632597923,0.880804181098938,0.657,0.918,0.212,0.694,full_frame,False,0.0666884109377861,0.880804181098938,0.0525073632597923,Organic,organic_sudah_benar,Organic,0.0241,0.0012,0.9746,Electronic,0.209,0.5668,0.2241
O_6212.jpg,Organic,Organic,0.2824268043041229,0.1079034656286239,0.6096696853637695,1.0,0.975,0.394,0.863,full_frame,False,0.2824268043041229,0.6096696853637695,0.1079034656286239,Organic,organic_sudah_benar,Organic,0.1992,0.008,0.7927,Organic,0.2708,0.0783,0.6509
O_6214.jpg,Organic,Organic,0.0147559847682714,0.0184936672449111,0.9667503833770752,1.0,0.879,0.413,0.633,perlu_cek_manual,False,0.0147559847682714,0.9667503833770752,0.0184936672449111,Organic,organic_sudah_benar,Organic,0.329,0.0033,0.6677,Electronic,0.0748,0.5905,0.3348
O_6220.jpg,Organic,Organic,0.3594581186771393,0.2460627406835556,0.3944791257381439,0.662,0.967,0.232,0.738,full_frame,False,0.3594581186771393,0.3944791257381439,0.2460627406835556,Organic,organic_sudah_benar,Organic,0.0011,0.0047,0.9941,Electronic,0.2562,0.5798,0.164
O_6224.jpg,Organic,Organic,0.1629913300275802,0.0156497973948717,0.821358859539032,1.0,0.825,0.272,0.689,full_frame,True,0.2629913300275802,0.721358859539032,0.0156498104333877,Organic,organic_sudah_benar,Organic,0.0041,0.0011,0.9948,Organic,0.0909,0.1578,0.7513
O_6227.jpg,Organic,Organic,0.0206675603985786,0.0304018203169107,0.948930561542511,0.86,1.0,0.338,0.826,full_frame,True,0.1206675603985786,0.848930561542511,0.0304018780589103,Organic,organic_sudah_benar,Organic,0.0566,0.0007,0.9428,Organic,0.1502,0.2707,0.5791
O_6248.jpg,Organic,Organic,0.0254453103989362,0.0380391292273998,0.9365155696868896,0.0,0.033,0.609,0.128,background_terpisah,False,0.0254453103989362,0.9365155696868896,0.0380391292273998,Organic,organic_sudah_benar,Organic,0.0143,0.0005,0.9852,Electronic,0.2495,0.554,0.1965
O_626.jpg,Organic,Organic,0.0094818323850631,0.0107162995263934,0.9798018932342528,0.226,0.148,0.338,0.236,background_terpisah,False,0.0094818323850631,0.9798018932342528,0.0107162995263934,Organic,organic_sudah_benar,Organic,0.0123,0.0007,0.987,Organic,0.1338,0.32,0.5461
O_6260.jpg,Organic,Organic,0.0764893889427185,0.0664906054735183,0.8570199608802795,0.374,0.435,0.435,0.403,perlu_cek_manual,False,0.0764893889427185,0.8570199608802795,0.0664906054735183,Organic,organic_sudah_benar,Organic,0.0198,0.0004,0.9798,Electronic,0.0899,0.4669,0.4432
O_6261.jpg,Organic,Organic,0.0960897728800773,0.1269839107990265,0.7769263386726379,0.801,0.919,0.13,0.743,full_frame,True,0.1960897728800773,0.676926338672638,0.1269838884472847,Organic,organic_sudah_benar,Organic,0.0191,0.0023,0.9786,Organic,0.0244,0.2369,0.7387
O_6266.jpg,Organic,Organic,0.0977850556373596,0.0378510393202304,0.864363968372345,0.0,0.02,0.14,0.037,background_terpisah,False,0.0977850556373596,0.864363968372345,0.0378510393202304,Organic,organic_sudah_benar,Organic,0.0729,0.001,0.9262,Electronic,0.0631,0.671,0.2659
O_6268.jpg,Organic,Organic,0.0413702428340911,0.0199679099023342,0.9386618733406068,0.232,0.612,0.271,0.37,perlu_cek_manual,False,0.0413702428340911,0.9386618733406068,0.0199679099023342,Organic,organic_sudah_benar,Organic,0.0627,0.0006,0.9367,Organic,0.0777,0.3664,0.5558
O_6277.jpg,Organic,Organic,0.0278330091387033,0.0443376451730728,0.9278293251991272,0.693,1.0,0.401,0.788,full_frame,False,0.0278330091387033,0.9278293251991272,0.0443376451730728,Organic,organic_sudah_benar,Organic,0.0017,0.0,0.9982,Organic,0.2298,0.3665,0.4037
O_628.jpg,Organic,Organic,0.0331577844917774,0.0358131267130374,0.9310290217399596,0.573,0.953,0.417,0.57,perlu_cek_manual,False,0.0331577844917774,0.9310290217399596,0.0358131267130374,Organic,organic_sudah_benar,Organic,0.0044,0.0001,0.9955,Organic,0.0679,0.0134,0.9187
O_6281.jpg,Organic,Organic,0.028981190174818,0.0286479219794273,0.9423708915710448,0.345,0.45,0.285,0.38,perlu_cek_manual,False,0.028981190174818,0.9423708915710448,0.0286479219794273,Organic,organic_sudah_benar,Organic,0.0032,0.0002,0.9966,Electronic,0.0455,0.5564,0.3981
O_6283.jpg,Organic,Organic,0.0367977656424045,0.0242098178714513,0.938992440700531,1.0,0.999,0.0,0.78,full_frame,True,0.1367977656424045,0.838992440700531,0.0242097936570644,Organic,organic_sudah_benar,Organic,0.0017,0.0006,0.9977,Electronic,0.3026,0.4707,0.2267
O_6291.jpg,Organic,Organic,0.0572300255298614,0.0398028343915939,0.9029671549797058,0.096,0.223,0.372,0.227,background_terpisah,False,0.0572300255298614,0.9029671549797058,0.0398028343915939,Organic,organic_sudah_benar,Organic,0.0243,0.002,0.9736,Electronic,0.1052,0.7354,0.1595
O_6299.jpg,Organic,Organic,0.017379131168127,0.0187717974185943,0.9638490676879884,1.0,1.0,0.0,0.8,full_frame,True,0.117379131168127,0.8638490676879883,0.0187718011438846,Organic,organic_sudah_benar,Organic,0.0097,0.002,0.9882,Organic,0.1676,0.246,0.5863
O_6300.jpg,Organic,Organic,0.040274828672409,0.0770866349339485,0.8826386332511902,0.9,0.996,0.0,0.647,perlu_cek_manual,False,0.040274828672409,0.8826386332511902,0.0770866349339485,Organic,organic_sudah_benar,Organic,0.0809,0.0152,0.9039,Electronic,0.0625,0.5494,0.3881
O_6304.jpg,Organic,Organic,0.1113041713833808,0.0793851315975189,0.8093106746673584,0.065,0.336,0.366,0.223,background_terpisah,False,0.1113041713833808,0.8093106746673584,0.0793851315975189,Organic,organic_sudah_benar,Organic,0.0793,0.0358,0.8849,Electronic,0.1907,0.6441,0.1652
O_6309.jpg,Organic,Organic,0.0430556945502758,0.0499624907970428,0.9069818258285522,0.101,0.162,0.3,0.158,background_terpisah,False,0.0430556945502758,0.9069818258285522,0.0499624907970428,Organic,organic_sudah_benar,Organic,0.1671,0.0001,0.8328,Organic,0.0164,0.1699,0.8137
O_631.jpg,Organic,Organic,0.0168095957487821,0.0235460791736841,0.9596443176269532,1.0,0.998,0.365,0.768,full_frame,False,0.0168095957487821,0.9596443176269532,0.0235460791736841,Organic,organic_sudah_benar,Organic,0.0716,0.0895,0.8389,Organic,0.1038,0.3148,0.5815
O_6310.jpg,Organic,Organic,0.007677671033889,0.0164328198879957,0.9758895635604858,0.913,0.993,0.0,0.769,full_frame,True,0.107677671033889,0.8758895635604859,0.0164327654056251,Organic,organic_sudah_benar,Organic,0.0015,0.0002,0.9983,Organic,0.022,0.034,0.9439
O_6312.jpg,Organic,Organic,0.0586966723203659,0.0350551418960094,0.906248152256012,1.0,1.0,0.401,0.873,full_frame,False,0.0586966723203659,0.906248152256012,0.0350551418960094,Organic,organic_sudah_benar,Organic,0.0045,0.0,0.9955,Organic,0.122,0.2818,0.5962
O_6317.jpg,Organic,Organic,0.0541642308235168,0.035184908658266,0.9106507897377014,0.745,0.858,0.285,0.752,full_frame,True,0.1541642308235168,0.8106507897377014,0.0351849794387817,Organic,organic_sudah_benar,Organic,0.0079,0.0009,0.9912,Organic,0.0888,0.4323,0.4789
O_6318.jpg,Organic,Organic,0.0273858793079853,0.0880380198359489,0.8845760226249695,0.689,0.588,0.615,0.663,full_frame,False,0.0273858793079853,0.8845760226249695,0.0880380198359489,Organic,organic_sudah_benar,Organic,0.1376,0.0001,0.8624,Organic,0.2175,0.2898,0.4927
O_6325.jpg,Organic,Organic,0.0420199669897556,0.0597132928669452,0.8982667922973633,0.379,0.534,0.488,0.515,perlu_cek_manual,False,0.0420199669897556,0.8982667922973633,0.0597132928669452,Organic,organic_sudah_benar,Organic,0.044,0.0008,0.9552,Electronic,0.1122,0.7889,0.0989
O_6326.jpg,Organic,Organic,0.0195255652070045,0.0153208132833242,0.965153694152832,0.01,0.586,0.51,0.222,background_terpisah,False,0.0195255652070045,0.965153694152832,0.0153208132833242,Organic,organic_sudah_benar,Organic,0.1325,0.0068,0.8607,Electronic,0.219,0.4815,0.2995
O_6336.jpg,Organic,Organic,0.0447644665837287,0.0764543265104293,0.878781259059906,1.0,1.0,0.149,0.795,full_frame,True,0.1447644665837288,0.778781259059906,0.0764542743563652,Organic,organic_sudah_benar,Organic,0.0215,0.0013,0.9772,Electronic,0.1248,0.6365,0.2387
O_6340.jpg,Organic,Organic,0.0351522900164127,0.0208339598029851,0.9440137147903442,0.234,0.664,0.378,0.359,perlu_cek_manual,False,0.0351522900164127,0.9440137147903442,0.0208339598029851,Organic,organic_sudah_benar,Organic,0.0051,0.0,0.9949,Organic,0.0061,0.0231,0.9708
O_6342.jpg,Organic,Organic,0.0438315011560916,0.0554108880460262,0.9007575511932372,1.0,0.789,0.451,0.667,full_frame,False,0.0438315011560916,0.9007575511932372,0.0554108880460262,Organic,organic_sudah_benar,Organic,0.0164,0.0006,0.9831,Organic,0.0811,0.1502,0.7686
O_6343.jpg,Organic,Organic,0.0205049365758895,0.0181578528136014,0.961337149143219,1.0,0.979,0.001,0.707,full_frame,True,0.1205049365758895,0.861337149143219,0.0181579142808914,Organic,organic_sudah_benar,Organic,0.0014,0.0001,0.9985,Electronic,0.1332,0.4983,0.3685
O_6357.jpg,Organic,Organic,0.0716740265488624,0.0962980240583419,0.8320280313491821,1.0,1.0,0.453,0.891,full_frame,False,0.0716740265488624,0.8320280313491821,0.0962980240583419,Organic,organic_sudah_benar,Organic,0.0284,0.0035,0.9681,Electronic,0.1534,0.6279,0.2187
O_6365.jpg,Organic,Organic,0.038516379892826,0.0492754951119422,0.9122081995010376,1.0,1.0,0.29,0.784,full_frame,True,0.138516379892826,0.8122081995010376,0.0492754206061363,Organic,organic_sudah_benar,Organic,0.0075,0.0006,0.9919,Electronic,0.1905,0.555,0.2545
O_6369.jpg,Organic,Organic,0.0361679643392562,0.0666236579418182,0.8972083330154419,1.0,0.914,0.026,0.681,full_frame,True,0.1361679643392563,0.7972083330154419,0.0666237026453018,Organic,organic_sudah_benar,Organic,0.0057,0.0005,0.9938,Organic,0.099,0.3632,0.5378
O_637.jpg,Organic,Organic,0.0499427616596221,0.0637928396463394,0.8862643241882324,0.115,0.315,0.475,0.319,background_terpisah,False,0.0499427616596221,0.8862643241882324,0.0637928396463394,Organic,organic_sudah_benar,Organic,0.0077,0.0044,0.9879,Electronic,0.228,0.4144,0.3576
O_6376.jpg,Organic,Organic,0.1050429716706276,0.0174075979739427,0.8775495290756226,0.824,0.546,0.429,0.563,perlu_cek_manual,False,0.1050429716706276,0.8775495290756226,0.0174075979739427,Organic,organic_sudah_benar,Organic,0.359,0.0009,0.6401,Organic,0.0259,0.1052,0.8689
O_6383.jpg,Organic,Organic,0.1172930225729942,0.0658776089549064,0.8168294429779053,0.491,0.421,0.477,0.39,perlu_cek_manual,False,0.1172930225729942,0.8168294429779053,0.0658776089549064,Organic,organic_sudah_benar,Organic,0.0044,0.0004,0.9952,Organic,0.1378,0.306,0.5563
O_6392.jpg,Organic,Organic,0.0437332093715667,0.0528427734971046,0.9034240245819092,0.21,0.402,0.423,0.462,perlu_cek_manual,False,0.0437332093715667,0.9034240245819092,0.0528427734971046,Organic,organic_sudah_benar,Organic,0.0216,0.0004,0.9779,Electronic,0.1711,0.5142,0.3147
O_64.jpg,Organic,Organic,0.0834424793720245,0.0619425624608993,0.8546149134635925,0.026,0.296,0.346,0.225,background_terpisah,False,0.0834424793720245,0.8546149134635925,0.0619425624608993,Organic,organic_sudah_benar,Organic,0.0266,0.0002,0.9732,Organic,0.4022,0.1946,0.4032
O_6407.jpg,Organic,Organic,0.0143181979656219,0.0342434979975223,0.951438307762146,0.282,0.887,0.47,0.397,perlu_cek_manual,False,0.0143181979656219,0.951438307762146,0.0342434979975223,Organic,organic_sudah_benar,Organic,0.1367,0.0006,0.8627,Organic,0.1299,0.3785,0.4916
O_6427.jpg,Organic,Organic,0.0729066208004951,0.0470295138657093,0.8800638318061829,0.266,0.461,0.488,0.467,perlu_cek_manual,False,0.0729066208004951,0.8800638318061829,0.0470295138657093,Organic,organic_sudah_benar,Organic,0.1689,0.0033,0.8278,Electronic,0.1054,0.6735,0.2211
O_6438.jpg,Organic,Organic,0.0137028750032186,0.0344666391611099,0.951830506324768,0.494,0.915,0.413,0.605,perlu_cek_manual,False,0.0137028750032186,0.951830506324768,0.0344666391611099,Organic,organic_sudah_benar,Organic,0.0149,0.0008,0.9843,Organic,0.1942,0.2234,0.5824
O_6439.jpg,Organic,Organic,0.0232704356312751,0.0334711894392967,0.9432583451271056,0.845,0.987,0.0,0.724,full_frame,True,0.1232704356312751,0.8432583451271057,0.0334712192416191,Organic,organic_sudah_benar,Organic,0.0286,0.0017,0.9697,Organic,0.2616,0.2006,0.5378
O_6443.jpg,Organic,Organic,0.0336054600775241,0.0169182941317558,0.9494761824607848,0.074,0.832,0.288,0.248,background_terpisah,False,0.0336054600775241,0.9494761824607848,0.0169182941317558,Organic,organic_sudah_benar,Organic,0.0365,0.001,0.9625,Organic,0.1842,0.1774,0.6384
O_6451.jpg,Organic,Organic,0.043731715530157,0.017519935965538,0.9387484192848206,1.0,0.888,0.38,0.749,full_frame,False,0.043731715530157,0.9387484192848206,0.017519935965538,Organic,organic_sudah_benar,Organic,0.0076,0.0001,0.9922,Organic,0.1256,0.3837,0.4906
O_6453.jpg,Organic,Organic,0.0428765080869197,0.0554975047707557,0.9016260504722596,1.0,0.661,0.658,0.74,full_frame,False,0.0428765080869197,0.9016260504722596,0.0554975047707557,Organic,organic_sudah_benar,Organic,0.0039,0.0001,0.9961,Organic,0.1539,0.3481,0.498
O_6458.jpg,Organic,Organic,0.0256985574960708,0.0579262115061283,0.91637521982193,0.552,0.423,0.49,0.528,perlu_cek_manual,False,0.0256985574960708,0.91637521982193,0.0579262115061283,Organic,organic_sudah_benar,Organic,0.1122,0.0008,0.8871,Organic,0.1024,0.4401,0.4576
O_6460.jpg,Organic,Organic,0.0854289159178733,0.0194812305271625,0.8950899243354797,0.364,0.815,0.368,0.43,perlu_cek_manual,False,0.0854289159178733,0.8950899243354797,0.0194812305271625,Organic,organic_sudah_benar,Organic,0.004,0.0001,0.9959,Organic,0.0303,0.1383,0.8314
O_6463.jpg,Organic,Organic,0.0349904187023639,0.1507472544908523,0.8142622709274292,1.0,0.952,0.503,0.785,full_frame,False,0.0349904187023639,0.8142622709274292,0.1507472544908523,Organic,organic_sudah_benar,Organic,0.0047,0.0001,0.9952,Organic,0.2675,0.3209,0.4117
O_6472.jpg,Organic,Organic,0.0298889949917793,0.0233255736529827,0.9467854499816896,0.162,0.852,0.308,0.581,perlu_cek_manual,False,0.0298889949917793,0.9467854499816896,0.0233255736529827,Organic,organic_sudah_benar,Organic,0.0025,0.0,0.9975,Organic,0.1026,0.2433,0.6542
O_6473.jpg,Organic,Organic,0.0573994554579257,0.0876554697751998,0.8549450635910034,0.196,0.432,0.297,0.332,background_terpisah,False,0.0573994554579257,0.8549450635910034,0.0876554697751998,Organic,organic_sudah_benar,Organic,0.0045,0.0005,0.995,Electronic,0.0624,0.8499,0.0877
O_6475.jpg,Organic,Organic,0.0895780473947525,0.0594204664230346,0.851001501083374,0.065,0.206,0.348,0.217,background_terpisah,False,0.0895780473947525,0.851001501083374,0.0594204664230346,Organic,organic_sudah_benar,Organic,0.0046,0.0002,0.9952,Organic,0.1587,0.3671,0.4741
O_6491.jpg,Organic,Organic,0.0859174057841301,0.0250006038695573,0.8890820145606995,0.003,0.437,0.217,0.139,background_terpisah,False,0.0859174057841301,0.8890820145606995,0.0250006038695573,Organic,organic_sudah_benar,Organic,0.0048,0.0001,0.9951,Organic,0.1306,0.3475,0.5219
O_6493.jpg,Organic,Organic,0.0254976954311132,0.0895956456661224,0.8849066495895386,0.053,0.245,0.394,0.176,background_terpisah,False,0.0254976954311132,0.8849066495895386,0.0895956456661224,Organic,organic_sudah_benar,Organic,0.0176,0.0008,0.9817,Organic,0.1773,0.3362,0.4864
O_6501.jpg,Organic,Organic,0.0432531386613845,0.0192650314420461,0.9374818205833436,1.0,1.0,0.0,0.8,full_frame,True,0.1432531386613846,0.8374818205833435,0.0192650407552719,Organic,organic_sudah_benar,Organic,0.0131,0.0003,0.9866,Electronic,0.0321,0.5285,0.4394
O_6507.jpg,Organic,Organic,0.0827270299196243,0.0611513517796993,0.8561216592788696,0.038,0.08,0.26,0.097,background_terpisah,False,0.0827270299196243,0.8561216592788696,0.0611513517796993,Organic,organic_sudah_benar,Organic,0.0321,0.0032,0.9648,Electronic,0.1157,0.6058,0.2785
O_6510.jpg,Organic,Organic,0.1256475746631622,0.0611864924430847,0.8131659626960754,0.072,0.878,0.19,0.326,background_terpisah,False,0.1256475746631622,0.8131659626960754,0.0611864924430847,Organic,organic_sudah_benar,Organic,0.093,0.0006,0.9064,Electronic,0.1161,0.6601,0.2238
O_6519.jpg,Organic,Organic,0.0811616405844688,0.0651788488030433,0.8536595702171326,0.349,0.516,0.526,0.479,perlu_cek_manual,False,0.0811616405844688,0.8536595702171326,0.0651788488030433,Organic,organic_sudah_benar,Organic,0.0194,0.0006,0.98,Organic,0.0695,0.1912,0.7393
O_6529.jpg,Organic,Organic,0.1083133518695831,0.0455639213323593,0.8461226224899292,0.659,0.771,0.272,0.706,full_frame,False,0.1083133518695831,0.8461226224899292,0.0455639213323593,Organic,organic_sudah_benar,Organic,0.0097,0.0001,0.9902,Organic,0.032,0.3149,0.6531
O_6535.jpg,Organic,Organic,0.0762516483664512,0.0228403098881244,0.9009080529212952,0.0,0.396,0.187,0.117,background_terpisah,False,0.0762516483664512,0.9009080529212952,0.0228403098881244,Organic,organic_sudah_benar,Organic,0.0209,0.0011,0.9781,Electronic,0.0624,0.6613,0.2763
O_6538.jpg,Organic,Organic,0.1035946086049079,0.044666763395071,0.851738691329956,0.411,0.651,0.543,0.662,full_frame,False,0.1035946086049079,0.851738691329956,0.044666763395071,Organic,organic_sudah_benar,Organic,0.1271,0.0106,0.8623,Electronic,0.0908,0.6533,0.2559
O_6545.jpg,Organic,Organic,0.0801513120532035,0.09957917034626,0.8202695250511169,0.09,0.206,0.245,0.14,background_terpisah,False,0.0801513120532035,0.8202695250511169,0.09957917034626,Organic,organic_sudah_benar,Organic,0.2489,0.0018,0.7493,Electronic,0.111,0.8638,0.0252
O_6569.jpg,Organic,Organic,0.2714325487613678,0.0698300600051879,0.6587373614311218,0.03,0.091,0.271,0.106,background_terpisah,False,0.2714325487613678,0.6587373614311218,0.0698300600051879,Organic,organic_sudah_benar,Organic,0.0045,0.0004,0.9951,Electronic,0.1442,0.6438,0.212
O_657.jpg,Organic,Organic,0.0689817368984222,0.1992472112178802,0.7317709922790527,0.056,0.522,0.417,0.232,background_terpisah,False,0.0689817368984222,0.7317709922790527,0.1992472112178802,Organic,organic_sudah_benar,Organic,0.0429,0.0001,0.957,Organic,0.0531,0.0848,0.8621
O_6570.jpg,Organic,Organic,0.0339398309588432,0.0426329486072063,0.923427164554596,0.687,0.902,0.538,0.794,full_frame,False,0.0339398309588432,0.923427164554596,0.0426329486072063,Organic,organic_sudah_benar,Organic,0.0174,0.0016,0.981,Organic,0.1731,0.1391,0.6879
O_6571.jpg,Organic,Organic,0.034310657531023,0.024073364213109,0.9416159391403198,0.659,0.965,0.243,0.726,full_frame,False,0.034310657531023,0.9416159391403198,0.024073364213109,Organic,organic_sudah_benar,Organic,0.0111,0.0014,0.9875,Electronic,0.2939,0.3713,0.3347
O_6582.jpg,Organic,Organic,0.0093612130731344,0.0142504386603832,0.9763883352279664,0.07,0.327,0.198,0.126,background_terpisah,False,0.0093612130731344,0.9763883352279664,0.0142504386603832,Organic,organic_sudah_benar,Organic,0.0014,0.0004,0.9981,Electronic,0.0342,0.9405,0.0253
O_6583.jpg,Organic,Organic,0.0473678782582283,0.0186157710850238,0.9340164065361024,0.0,-0.0,0.241,0.048,background_terpisah,False,0.0473678782582283,0.9340164065361024,0.0186157710850238,Organic,organic_sudah_benar,Organic,0.1245,0.0024,0.873,Electronic,0.0268,0.7466,0.2266
O_660.jpg,Organic,Organic,0.0151565950363874,0.0162136014550924,0.9686298966407776,0.831,0.979,0.1,0.765,full_frame,True,0.1151565950363874,0.8686298966407776,0.0162135083228349,Organic,organic_sudah_benar,Organic,0.0047,0.0001,0.9951,Organic,0.0769,0.0493,0.8739
O_6601.jpg,Organic,Organic,0.0251059010624885,0.0157676693052053,0.9591264128684998,0.41,0.938,0.339,0.421,perlu_cek_manual,False,0.0251059010624885,0.9591264128684998,0.0157676693052053,Organic,organic_sudah_benar,Organic,0.0046,0.0004,0.995,Electronic,0.3676,0.4334,0.1989
O_6637.jpg,Organic,Organic,0.0229629650712013,0.0271469447761774,0.94989013671875,0.073,0.395,0.484,0.263,background_terpisah,False,0.0229629650712013,0.94989013671875,0.0271469447761774,Organic,organic_sudah_benar,Organic,0.0018,0.0007,0.9975,Organic,0.1052,0.0657,0.8292
O_6652.jpg,Organic,Organic,0.1943268179893493,0.0455392710864543,0.7601338624954224,1.0,0.976,0.001,0.768,full_frame,True,0.2943268179893493,0.6601338624954224,0.0455393195152282,Organic,organic_sudah_benar,Organic,0.4228,0.0194,0.5578,Organic,0.3372,0.1776,0.4852
O_6654.jpg,Organic,Organic,0.0513041652739048,0.0431225821375846,0.9055731892585754,0.649,0.909,0.306,0.649,perlu_cek_manual,False,0.0513041652739048,0.9055731892585754,0.0431225821375846,Organic,organic_sudah_benar,Organic,0.0065,0.006,0.9875,Recyclable,0.4777,0.1802,0.3421
O_6663.jpg,Organic,Organic,0.0496175587177276,0.0365610308945179,0.9138214588165284,1.0,0.971,0.018,0.724,full_frame,True,0.1496175587177276,0.8138214588165283,0.036560982465744,Organic,organic_sudah_benar,Organic,0.0194,0.0007,0.9799,Organic,0.0512,0.1603,0.7885
O_6666.jpg,Organic,Organic,0.0623070374131202,0.058693841099739,0.8789990544319153,1.0,1.0,0.373,0.649,perlu_cek_manual,False,0.0623070374131202,0.8789990544319153,0.058693841099739,Organic,organic_sudah_benar,Organic,0.0528,0.0013,0.9458,Organic,0.0193,0.0767,0.904
O_6669.jpg,Organic,Organic,0.2626157701015472,0.0372433699667453,0.7001408338546753,0.747,0.901,0.0,0.617,perlu_cek_manual,False,0.2626157701015472,0.7001408338546753,0.0372433699667453,Organic,organic_sudah_benar,Organic,0.0425,0.0522,0.9053,Organic,0.0883,0.1815,0.7302
O_6698.jpg,Organic,Organic,0.0648318231105804,0.3325566351413727,0.6026116013526917,1.0,0.993,0.006,0.626,perlu_cek_manual,False,0.0648318231105804,0.6026116013526917,0.3325566351413727,Organic,organic_sudah_benar,Organic,0.2244,0.0399,0.7357,Organic,0.2621,0.2553,0.4826
O_6701.jpg,Organic,Organic,0.0480346381664276,0.0433172509074211,0.9086481332778932,0.412,0.879,0.677,0.435,perlu_cek_manual,False,0.0480346381664276,0.9086481332778932,0.0433172509074211,Organic,organic_sudah_benar,Organic,0.0322,0.0016,0.9662,Organic,0.05,0.1385,0.8115
O_6702.jpg,Organic,Organic,0.2190260291099548,0.1637392938137054,0.6172346472740173,1.0,0.981,0.424,0.848,full_frame,False,0.2190260291099548,0.6172346472740173,0.1637392938137054,Organic,organic_sudah_benar,Organic,0.3389,0.1001,0.561,Electronic,0.2197,0.5291,0.2512
O_671.jpg,Organic,Organic,0.030861310660839,0.0270098131150007,0.942128837108612,0.543,0.901,0.479,0.594,perlu_cek_manual,False,0.030861310660839,0.942128837108612,0.0270098131150007,Organic,organic_sudah_benar,Recyclable,0.5205,0.0003,0.4792,Organic,0.0522,0.3546,0.5932
O_6716.jpg,Organic,Organic,0.0296783484518528,0.0482748746871948,0.9220467805862428,0.994,0.753,0.394,0.681,full_frame,False,0.0296783484518528,0.9220467805862428,0.0482748746871948,Organic,organic_sudah_benar,Organic,0.0002,0.0002,0.9996,Organic,0.1198,0.176,0.7042
O_6723.jpg,Organic,Organic,0.0270329937338829,0.0132383629679679,0.9597286581993104,0.775,0.869,0.514,0.734,full_frame,False,0.0270329937338829,0.9597286581993104,0.0132383629679679,Organic,organic_sudah_benar,Organic,0.0005,0.0001,0.9994,Organic,0.0701,0.1729,0.757
O_6724.jpg,Organic,Organic,0.0779545083642005,0.0192512702196836,0.9027941823005676,1.0,0.945,0.0,0.706,full_frame,True,0.1779545083642006,0.8027941823005676,0.0192513093352317,Organic,organic_sudah_benar,Organic,0.0032,0.0041,0.9927,Organic,0.1181,0.1522,0.7296
O_6727.jpg,Organic,Organic,0.0224370136857032,0.0308425091207027,0.9467204809188844,1.0,0.901,0.435,0.752,full_frame,False,0.0224370136857032,0.9467204809188844,0.0308425091207027,Organic,organic_sudah_benar,Organic,0.0042,0.0046,0.9912,Organic,0.1118,0.055,0.8332
O_6729.jpg,Organic,Organic,0.0283267386257648,0.0258764438331127,0.9457968473434448,1.0,0.925,0.49,0.676,full_frame,False,0.0283267386257648,0.9457968473434448,0.0258764438331127,Organic,organic_sudah_benar,Organic,0.0033,0.1414,0.8553,Organic,0.0723,0.0711,0.8566
O_6732.jpg,Organic,Organic,0.0567423515021801,0.0242966990917921,0.9189609289169312,1.0,0.99,0.0,0.714,full_frame,True,0.1567423515021801,0.8189609289169312,0.0242967195808887,Organic,organic_sudah_benar,Organic,0.0083,0.0053,0.9864,Organic,0.3397,0.2834,0.3769
O_6737.jpg,Organic,Organic,0.0230777375400066,0.0156903751194477,0.9612318873405457,1.0,0.979,0.0,0.776,full_frame,True,0.1230777375400066,0.8612318873405457,0.0156903751194477,Organic,organic_sudah_benar,Organic,0.004,0.0019,0.9941,Organic,0.2809,0.2477,0.4714
O_6738.jpg,Organic,Organic,0.0919085368514061,0.0381878204643726,0.869903564453125,1.0,0.984,0.603,0.852,full_frame,False,0.0919085368514061,0.869903564453125,0.0381878204643726,Organic,organic_sudah_benar,Organic,0.0103,0.0001,0.9896,Recyclable,0.6393,0.143,0.2177
O_6747.jpg,Organic,Organic,0.0424741767346859,0.0371496975421905,0.9203762412071228,0.227,0.353,0.515,0.372,perlu_cek_manual,False,0.0424741767346859,0.9203762412071228,0.0371496975421905,Organic,organic_sudah_benar,Organic,0.0141,0.0009,0.985,Organic,0.1012,0.3281,0.5706
O_6754.jpg,Organic,Organic,0.1002807989716529,0.0360139608383178,0.8637052774429321,0.886,0.988,0.004,0.723,full_frame,True,0.200280798971653,0.7637052774429322,0.0360139235854148,Organic,organic_sudah_benar,Electronic,0.0873,0.4997,0.413,Electronic,0.0488,0.6299,0.3213
O_6758.jpg,Organic,Organic,0.0123876305297017,0.0098302792757749,0.977782130241394,0.704,0.972,0.156,0.655,full_frame,True,0.1123876305297017,0.8777821302413941,0.0098302392289042,Organic,organic_sudah_benar,Organic,0.001,0.0004,0.9986,Organic,0.1019,0.0453,0.8527
O_6769.jpg,Organic,Organic,0.0255052875727415,0.0325702354311943,0.9419244527816772,0.803,0.761,0.576,0.584,perlu_cek_manual,False,0.0255052875727415,0.9419244527816772,0.0325702354311943,Organic,organic_sudah_benar,Organic,0.0016,0.0002,0.9983,Organic,0.1303,0.0963,0.7735
O_677.jpg,Organic,Organic,0.241991177201271,0.0626255571842193,0.6953832507133484,0.658,0.394,0.044,0.349,background_terpisah,False,0.241991177201271,0.6953832507133484,0.0626255571842193,Organic,organic_sudah_benar,Organic,0.0363,0.0288,0.9349,Recyclable,0.5909,0.1,0.3091
O_6771.jpg,Organic,Organic,0.0127543741837143,0.0150910802185535,0.9721545577049256,0.648,0.659,0.047,0.455,perlu_cek_manual,False,0.0127543741837143,0.9721545577049256,0.0150910802185535,Organic,organic_sudah_benar,Recyclable,0.5341,0.0047,0.4612,Organic,0.0271,0.1649,0.808
O_6788.jpg,Organic,Organic,0.0336964279413223,0.0886565521359443,0.8776469826698303,0.045,0.245,0.446,0.158,background_terpisah,False,0.0336964279413223,0.8776469826698303,0.0886565521359443,Organic,organic_sudah_benar,Organic,0.0141,0.0032,0.9827,Organic,0.043,0.0736,0.8835
O_6795.jpg,Organic,Organic,0.0637133941054344,0.0165461879223585,0.9197403788566588,0.905,0.99,0.0,0.71,full_frame,True,0.1637133941054344,0.819740378856659,0.0165462270379066,Organic,organic_sudah_benar,Organic,0.0032,0.0103,0.9865,Organic,0.1911,0.2187,0.5902
O_6796.jpg,Organic,Organic,0.0300968401134014,0.034876387566328,0.9350268244743348,0.846,0.983,0.67,0.801,full_frame,False,0.0300968401134014,0.9350268244743348,0.034876387566328,Organic,organic_sudah_benar,Organic,0.0027,0.0,0.9973,Organic,0.0533,0.1472,0.7995
O_6798.jpg,Organic,Organic,0.0336176566779613,0.0238471627235412,0.942535161972046,0.107,0.243,0.545,0.286,background_terpisah,False,0.0336176566779613,0.942535161972046,0.0238471627235412,Organic,organic_sudah_benar,Organic,0.025,0.0055,0.9695,Organic,0.0628,0.3768,0.5604
O_6803.jpg,Organic,Organic,0.0712031424045562,0.0384776182472705,0.8903192281723022,0.549,0.941,0.578,0.659,full_frame,False,0.0712031424045562,0.8903192281723022,0.0384776182472705,Organic,organic_sudah_benar,Organic,0.0333,0.0001,0.9666,Organic,0.0639,0.0887,0.8475
O_6806.jpg,Organic,Organic,0.23414246737957,0.1528034657239914,0.6130540370941162,1.0,0.987,0.534,0.856,full_frame,False,0.23414246737957,0.6130540370941162,0.1528034657239914,Organic,organic_sudah_benar,Electronic,0.3871,0.4862,0.1268,Recyclable,0.452,0.3062,0.2418
O_6808.jpg,Organic,Organic,0.0308906305581331,0.0350703485310077,0.9340389966964722,0.319,0.545,0.44,0.354,perlu_cek_manual,False,0.0308906305581331,0.9340389966964722,0.0350703485310077,Organic,organic_sudah_benar,Organic,0.0008,0.0001,0.9991,Organic,0.0155,0.0463,0.9382
O_683.jpg,Organic,Organic,0.0394944138824939,0.0372511856257915,0.923254370689392,0.157,0.309,0.62,0.334,background_terpisah,False,0.0394944138824939,0.923254370689392,0.0372511856257915,Organic,organic_sudah_benar,Organic,0.0095,0.0001,0.9904,Organic,0.0498,0.1097,0.8406
O_6830.jpg,Organic,Organic,0.1483930945396423,0.1016746088862419,0.7499322295188904,0.0,-0.0,0.338,0.068,background_terpisah,False,0.1483930945396423,0.7499322295188904,0.1016746088862419,Organic,organic_sudah_benar,Organic,0.446,0.0021,0.552,Organic,0.0773,0.087,0.8356
O_6835.jpg,Organic,Organic,0.0473450794816017,0.0418742559850215,0.9107806086540222,1.0,1.0,0.0,0.693,full_frame,True,0.1473450794816017,0.8107806086540222,0.041874311864376,Organic,organic_sudah_benar,Organic,0.1775,0.0172,0.8052,Organic,0.0449,0.306,0.649
O_6837.jpg,Organic,Organic,0.0365587994456291,0.0291411783546209,0.9343000054359436,0.705,0.968,0.228,0.677,full_frame,True,0.1365587994456291,0.8343000054359436,0.0291411951184272,Organic,organic_sudah_benar,Organic,0.002,0.0003,0.9977,Organic,0.0391,0.105,0.8559
O_6840.jpg,Organic,Organic,0.0276360344141721,0.0264447331428527,0.9459192752838136,1.0,1.0,0.532,0.746,full_frame,False,0.0276360344141721,0.9459192752838136,0.0264447331428527,Organic,organic_sudah_benar,Organic,0.0167,0.0123,0.971,Electronic,0.337,0.337,0.326
O_6854.jpg,Organic,Organic,0.1456415653228759,0.0417075045406818,0.8126509189605713,0.428,0.681,0.548,0.508,perlu_cek_manual,False,0.1456415653228759,0.8126509189605713,0.0417075045406818,Organic,organic_sudah_benar,Electronic,0.0107,0.7505,0.2387,Organic,0.0893,0.1531,0.7576
O_6855.jpg,Organic,Organic,0.0445207953453063,0.0298896636813879,0.9255894422531128,0.313,0.869,0.526,0.62,perlu_cek_manual,False,0.0445207953453063,0.9255894422531128,0.0298896636813879,Organic,organic_sudah_benar,Organic,0.0055,0.0008,0.9937,Electronic,0.1269,0.6694,0.2037
O_6857.jpg,Organic,Organic,0.0791842639446258,0.0471580363810062,0.8736577033996582,0.0,0.003,0.488,0.098,background_terpisah,False,0.0791842639446258,0.8736577033996582,0.0471580363810062,Organic,organic_sudah_benar,Organic,0.0477,0.0041,0.9482,Organic,0.1258,0.3432,0.531
O_686.jpg,Organic,Organic,0.0934338569641113,0.0671275630593299,0.8394386768341064,0.993,1.0,0.445,0.819,full_frame,False,0.0934338569641113,0.8394386768341064,0.0671275630593299,Organic,organic_sudah_benar,Organic,0.335,0.0009,0.6641,Organic,0.0081,0.031,0.9609
O_6867.jpg,Organic,Organic,0.0659653395414352,0.0696228146553039,0.8644117712974548,0.788,0.804,0.37,0.657,full_frame,False,0.0659653395414352,0.8644117712974548,0.0696228146553039,Organic,organic_sudah_benar,Organic,0.0198,0.0039,0.9764,Organic,0.0551,0.241,0.7039
O_6868.jpg,Organic,Organic,0.0339203253388404,0.0287422947585582,0.9373373985290528,0.39,0.919,0.361,0.673,full_frame,False,0.0339203253388404,0.9373373985290528,0.0287422947585582,Organic,organic_sudah_benar,Organic,0.0002,0.0,0.9998,Organic,0.2747,0.2298,0.4955
O_6870.jpg,Organic,Organic,0.0936269983649253,0.061236847192049,0.8451361060142517,0.767,0.941,0.073,0.655,full_frame,True,0.1936269983649254,0.7451361060142517,0.0612368956208229,Organic,organic_sudah_benar,Electronic,0.0064,0.9746,0.0191,Electronic,0.1498,0.5088,0.3414
O_6877.jpg,Organic,Organic,0.0849508047103881,0.0403642952442169,0.8746849298477173,0.213,0.517,0.525,0.309,background_terpisah,False,0.0849508047103881,0.8746849298477173,0.0403642952442169,Organic,organic_sudah_benar,Organic,0.0067,0.0002,0.9932,Organic,0.0222,0.1496,0.8281
O_6879.jpg,Organic,Organic,0.0240911655128002,0.016005365177989,0.9599034786224364,0.0,0.114,0.417,0.106,background_terpisah,False,0.0240911655128002,0.9599034786224364,0.016005365177989,Organic,organic_sudah_benar,Organic,0.105,0.1069,0.7881,Organic,0.015,0.0249,0.9601
O_6885.jpg,Organic,Organic,0.0690782517194747,0.0310160592198371,0.8999057412147522,0.482,0.953,0.58,0.751,full_frame,False,0.0690782517194747,0.8999057412147522,0.0310160592198371,Organic,organic_sudah_benar,Organic,0.034,0.0,0.966,Organic,0.2092,0.3418,0.449
O_6888.jpg,Organic,Organic,0.0223783068358898,0.0221061538904905,0.9555155634880066,0.82,0.905,0.396,0.676,full_frame,False,0.0223783068358898,0.9555155634880066,0.0221061538904905,Organic,organic_sudah_benar,Organic,0.0222,0.0037,0.9742,Organic,0.0426,0.2202,0.7372
O_689.jpg,Organic,Organic,0.0616184547543525,0.0762936845421791,0.8620878458023071,1.0,0.989,0.125,0.747,full_frame,True,0.1616184547543525,0.7620878458023072,0.0762936994433403,Organic,organic_sudah_benar,Organic,0.0348,0.0074,0.9578,Organic,0.0131,0.0544,0.9325
O_6891.jpg,Organic,Organic,0.0278794281184673,0.0545100085437297,0.9176105856895448,1.0,0.891,0.21,0.682,full_frame,True,0.1278794281184673,0.8176105856895447,0.0545099861919879,Organic,organic_sudah_benar,Organic,0.0025,0.0023,0.9952,Organic,0.0701,0.0508,0.8791
O_6898.jpg,Organic,Organic,0.1400978863239288,0.0999890491366386,0.7599130272865295,1.0,1.0,0.02,0.804,full_frame,True,0.2400978863239288,0.6599130272865296,0.0999890863895416,Organic,organic_sudah_benar,Organic,0.0132,0.2159,0.7709,Organic,0.1873,0.2184,0.5943
O_6900.jpg,Organic,Organic,0.1251921951770782,0.0397455766797065,0.8350622057914734,1.0,0.994,0.0,0.681,full_frame,True,0.2251921951770782,0.7350622057914734,0.0397455990314483,Organic,organic_sudah_benar,Organic,0.0972,0.0006,0.9022,Organic,0.0096,0.0325,0.9579
O_6910.jpg,Organic,Organic,0.05799026414752,0.0463635623455047,0.8956462144851685,0.708,0.97,0.0,0.667,full_frame,True,0.15799026414752,0.7956462144851685,0.0463635213673114,Organic,organic_sudah_benar,Organic,0.033,0.0011,0.9658,Organic,0.0178,0.0195,0.9627
O_6911.jpg,Organic,Organic,0.053691279143095,0.026708859950304,0.9195998311042786,0.847,0.982,0.0,0.587,perlu_cek_manual,False,0.053691279143095,0.9195998311042786,0.026708859950304,Organic,organic_sudah_benar,Organic,0.0054,0.001,0.9936,Organic,0.0461,0.1273,0.8266
O_6918.jpg,Organic,Organic,0.0294152777642011,0.0232273060828447,0.9473573565483092,0.736,0.959,0.036,0.677,full_frame,True,0.1294152777642011,0.8473573565483093,0.0232273656874895,Organic,organic_sudah_benar,Organic,0.006,0.0006,0.9934,Organic,0.0806,0.1933,0.7261
O_6933.jpg,Organic,Organic,0.0972475036978721,0.1532804518938064,0.7494720220565796,0.134,0.315,0.465,0.225,background_terpisah,False,0.0972475036978721,0.7494720220565796,0.1532804518938064,Organic,organic_sudah_benar,Organic,0.0209,0.0021,0.9769,Organic,0.0365,0.0282,0.9352
O_6939.jpg,Organic,Organic,0.1677314639091491,0.0528733432292938,0.7793952226638794,0.0,0.016,0.529,0.109,background_terpisah,False,0.1677314639091491,0.7793952226638794,0.0528733432292938,Organic,organic_sudah_benar,Organic,0.0646,0.0001,0.9352,Organic,0.1015,0.0217,0.8768
O_6945.jpg,Organic,Organic,0.0381988622248172,0.0335732959210872,0.9282277822494508,0.92,0.816,0.144,0.67,full_frame,True,0.1381988622248172,0.8282277822494507,0.033573355525732,Organic,organic_sudah_benar,Organic,0.0521,0.0003,0.9476,Organic,0.0145,0.0348,0.9506
O_6952.jpg,Organic,Organic,0.0316287688910961,0.0466771945357322,0.9216939806938172,0.047,0.115,0.447,0.141,background_terpisah,False,0.0316287688910961,0.9216939806938172,0.0466771945357322,Organic,organic_sudah_benar,Organic,0.1878,0.0002,0.812,Organic,0.0431,0.0465,0.9105
O_6977.jpg,Organic,Organic,0.0472986064851284,0.0175540745258331,0.9351474046707152,0.955,0.884,0.425,0.596,perlu_cek_manual,False,0.0472986064851284,0.9351474046707152,0.0175540745258331,Organic,organic_sudah_benar,Organic,0.0369,0.0001,0.9631,Organic,0.0225,0.0244,0.9531
O_6992.jpg,Organic,Organic,0.0704639852046966,0.0328865349292755,0.8966494798660278,1.0,0.977,0.0,0.785,full_frame,True,0.1704639852046966,0.7966494798660279,0.0328865349292755,Organic,organic_sudah_benar,Organic,0.0416,0.0007,0.9578,Organic,0.024,0.0421,0.9338
O_6995.jpg,Organic,Organic,0.0910177305340766,0.0212204046547412,0.8877618312835693,1.0,0.976,0.0,0.747,full_frame,True,0.1910177305340767,0.7877618312835694,0.0212204381823539,Organic,organic_sudah_benar,Organic,0.0555,0.0027,0.9418,Organic,0.0632,0.1083,0.8284
O_70.jpg,Organic,Organic,0.0482750758528709,0.0439527779817581,0.9077721238136292,0.171,0.304,0.416,0.327,background_terpisah,False,0.0482750758528709,0.9077721238136292,0.0439527779817581,Organic,organic_sudah_benar,Organic,0.0177,0.0012,0.9811,Organic,0.1729,0.077,0.7501
O_7000.jpg,Organic,Organic,0.0505941174924373,0.0493590086698532,0.9000468850135803,1.0,0.9,0.0,0.757,full_frame,True,0.1505941174924373,0.8000468850135803,0.0493589974939823,Organic,organic_sudah_benar,Organic,0.1573,0.0003,0.8424,Organic,0.0611,0.0858,0.8531
O_7024.jpg,Organic,Organic,0.0230313222855329,0.0149266086518764,0.9620420336723328,0.811,0.983,0.345,0.705,full_frame,True,0.1230313222855329,0.8620420336723328,0.0149266440421342,Organic,organic_sudah_benar,Organic,0.1244,0.0007,0.8749,Organic,0.014,0.0141,0.9719
O_703.jpg,Organic,Organic,0.026554774492979,0.080254465341568,0.8931908011436462,1.0,1.0,0.6,0.913,full_frame,False,0.026554774492979,0.8931908011436462,0.080254465341568,Organic,organic_sudah_benar,Organic,0.1638,0.0001,0.8361,Organic,0.0083,0.0811,0.9106
O_7033.jpg,Organic,Organic,0.0257525350898504,0.0264362506568431,0.947811245918274,1.0,1.0,0.0,0.786,full_frame,True,0.1257525350898504,0.847811245918274,0.0264362189918756,Organic,organic_sudah_benar,Organic,0.0896,0.0004,0.91,Organic,0.3372,0.0363,0.6265
O_7044.jpg,Organic,Organic,0.2190290987491607,0.0361657813191413,0.744805097579956,0.25,0.331,0.606,0.302,background_terpisah,False,0.2190290987491607,0.744805097579956,0.0361657813191413,Organic,organic_sudah_benar,Recyclable,0.5711,0.0018,0.4271,Organic,0.0833,0.259,0.6576
O_7058.jpg,Organic,Organic,0.0103306965902447,0.0153367863968014,0.9743324518203736,1.0,1.0,0.199,0.84,full_frame,True,0.1103306965902447,0.8743324518203736,0.0153368515893816,Organic,organic_sudah_benar,Organic,0.0219,0.0974,0.8808,Organic,0.1582,0.1245,0.7173
O_7066.jpg,Organic,Organic,0.1417374908924102,0.0239434763789176,0.8343191146850586,0.808,0.551,0.521,0.571,perlu_cek_manual,False,0.1417374908924102,0.8343191146850586,0.0239434763789176,Organic,organic_sudah_benar,Organic,0.0643,0.0024,0.9333,Electronic,0.2869,0.3625,0.3507
O_7070.jpg,Organic,Organic,0.0278689451515674,0.0229526441544294,0.9491783976554872,0.995,0.997,0.0,0.798,full_frame,True,0.1278689451515674,0.8491783976554871,0.0229526571929454,Organic,organic_sudah_benar,Organic,0.0571,0.0002,0.9426,Organic,0.2352,0.0429,0.7219
O_7072.jpg,Organic,Organic,0.0370916873216629,0.035878948867321,0.9270292520523072,0.05,0.746,0.313,0.227,background_terpisah,False,0.0370916873216629,0.9270292520523072,0.035878948867321,Organic,organic_sudah_benar,Organic,0.3374,0.0029,0.6596,Organic,0.0606,0.1538,0.7855
O_7073.jpg,Organic,Organic,0.0744097903370857,0.0551992915570735,0.8703908920288086,0.58,0.519,0.431,0.486,perlu_cek_manual,False,0.0744097903370857,0.8703908920288086,0.0551992915570735,Organic,organic_sudah_benar,Organic,0.0309,0.0012,0.9679,Organic,0.0578,0.2356,0.7066
O_7077.jpg,Organic,Organic,0.134730115532875,0.0801596418023109,0.7851101756095886,0.962,0.988,0.309,0.799,full_frame,True,0.234730115532875,0.6851101756095886,0.0801597088575363,Organic,organic_sudah_benar,Organic,0.1146,0.0002,0.8852,Organic,0.0508,0.0514,0.8978
O_708.jpg,Organic,Organic,0.0415195748209953,0.0345733389258384,0.9239071011543274,1.0,0.607,0.456,0.813,full_frame,False,0.0415195748209953,0.9239071011543274,0.0345733389258384,Organic,organic_sudah_benar,Organic,0.2876,0.0319,0.6805,Electronic,0.182,0.6018,0.2161
O_709.jpg,Organic,Organic,0.0448578186333179,0.072723738849163,0.8824183940887451,0.873,0.524,0.618,0.656,full_frame,False,0.0448578186333179,0.8824183940887451,0.072723738849163,Organic,organic_sudah_benar,Organic,0.1085,0.0754,0.8161,Organic,0.2155,0.1633,0.6211
O_7105.jpg,Organic,Organic,0.0540595576167106,0.0214656349271535,0.924474835395813,0.574,0.732,0.671,0.453,perlu_cek_manual,False,0.0540595576167106,0.924474835395813,0.0214656349271535,Organic,organic_sudah_benar,Organic,0.2986,0.0004,0.7009,Organic,0.2215,0.1138,0.6647
O_7107.jpg,Organic,Organic,0.0482929311692714,0.0368711091578006,0.9148359894752502,0.809,0.586,0.466,0.567,perlu_cek_manual,False,0.0482929311692714,0.9148359894752502,0.0368711091578006,Organic,organic_sudah_benar,Organic,0.0216,0.0002,0.9782,Electronic,0.2444,0.4775,0.2781
O_7110.jpg,Organic,Organic,0.0213247183710336,0.0207266118377447,0.9579486846923828,0.082,0.734,0.399,0.277,background_terpisah,False,0.0213247183710336,0.9579486846923828,0.0207266118377447,Organic,organic_sudah_benar,Organic,0.0811,0.0013,0.9176,Organic,0.044,0.0214,0.9346
O_7114.jpg,Organic,Organic,0.0723544657230377,0.0466570258140563,0.8809884190559387,1.0,0.987,0.358,0.842,full_frame,False,0.0723544657230377,0.8809884190559387,0.0466570258140563,Organic,organic_sudah_benar,Organic,0.1437,0.0001,0.8562,Organic,0.0754,0.0577,0.867
O_7120.jpg,Organic,Organic,0.1201421618461608,0.0499590821564197,0.8298987150192261,0.255,0.264,0.279,0.223,background_terpisah,False,0.1201421618461608,0.8298987150192261,0.0499590821564197,Organic,organic_sudah_benar,Organic,0.1223,0.0006,0.8772,Organic,0.1477,0.1721,0.6802
O_7130.jpg,Organic,Organic,0.0382732041180133,0.0325641445815563,0.9291625618934632,1.0,1.0,0.0,0.8,full_frame,True,0.1382732041180134,0.8291625618934632,0.0325642339885234,Organic,organic_sudah_benar,Organic,0.1081,0.0005,0.8914,Organic,0.0252,0.1204,0.8543
O_7137.jpg,Organic,Organic,0.0817067474126815,0.04439153149724,0.8739017248153687,0.716,0.8,0.125,0.468,perlu_cek_manual,False,0.0817067474126815,0.8739017248153687,0.04439153149724,Organic,organic_sudah_benar,Recyclable,0.4935,0.0601,0.4463,Organic,0.0296,0.0885,0.8818
O_7139.jpg,Organic,Organic,0.2158622741699218,0.0209480635821819,0.7631896734237671,0.097,0.266,0.497,0.218,background_terpisah,False,0.2158622741699218,0.7631896734237671,0.0209480635821819,Organic,organic_sudah_benar,Organic,0.0772,0.0015,0.9213,Organic,0.0355,0.1766,0.7879
O_7148.jpg,Organic,Organic,0.077678695321083,0.0679804384708404,0.8543408513069153,0.0,0.023,0.459,0.097,background_terpisah,False,0.077678695321083,0.8543408513069153,0.0679804384708404,Organic,organic_sudah_benar,Organic,0.0541,0.0001,0.9458,Organic,0.03,0.0495,0.9205
O_7153.jpg,Organic,Organic,0.0976729616522789,0.0299875009804964,0.8723395466804504,0.415,0.905,0.356,0.434,perlu_cek_manual,False,0.0976729616522789,0.8723395466804504,0.0299875009804964,Organic,organic_sudah_benar,Organic,0.0633,0.0402,0.8965,Organic,0.2213,0.1017,0.6769
O_7158.jpg,Organic,Organic,0.0454361252486705,0.0184803176671266,0.9360835552215576,0.965,1.0,0.221,0.715,full_frame,True,0.1454361252486705,0.8360835552215576,0.0184803195297718,Organic,organic_sudah_benar,Organic,0.0011,0.0002,0.9988,Organic,0.0916,0.0806,0.8278
O_7178.jpg,Organic,Organic,0.0521285943686962,0.01909258402884,0.9287787675857544,0.741,0.966,0.097,0.706,full_frame,True,0.1521285943686962,0.8287787675857544,0.0190926380455493,Organic,organic_sudah_benar,Organic,0.0073,0.0001,0.9926,Organic,0.1081,0.2099,0.6821
O_7192.jpg,Organic,Organic,0.0672413036227226,0.0649389624595642,0.8678196668624878,0.722,0.976,0.505,0.752,full_frame,False,0.0672413036227226,0.8678196668624878,0.0649389624595642,Organic,organic_sudah_benar,Organic,0.0123,0.0001,0.9877,Organic,0.0513,0.0178,0.9308
O_7195.jpg,Organic,Organic,0.181469514966011,0.0779979154467582,0.7405325770378113,0.913,0.701,0.0,0.478,perlu_cek_manual,False,0.181469514966011,0.7405325770378113,0.0779979154467582,Organic,organic_sudah_benar,Organic,0.1509,0.0045,0.8446,Organic,0.3484,0.1236,0.528
O_7196.jpg,Organic,Organic,0.0675029009580612,0.074000135064125,0.8584970235824585,1.0,0.987,0.0,0.747,full_frame,True,0.1675029009580612,0.7584970235824585,0.0740000754594802,Organic,organic_sudah_benar,Organic,0.1966,0.0003,0.8031,Organic,0.069,0.1063,0.8247
O_7208.jpg,Organic,Organic,0.0350784659385681,0.0239948127418756,0.9409266710281372,0.36,0.664,0.349,0.434,perlu_cek_manual,False,0.0350784659385681,0.9409266710281372,0.0239948127418756,Organic,organic_sudah_benar,Organic,0.0105,0.0003,0.9892,Organic,0.1259,0.1218,0.7523
O_7210.jpg,Organic,Organic,0.0223460383713245,0.0335185937583446,0.944135308265686,1.0,0.996,0.0,0.783,full_frame,True,0.1223460383713245,0.8441353082656861,0.0335186533629894,Organic,organic_sudah_benar,Organic,0.0097,0.0002,0.99,Organic,0.0583,0.3363,0.6054
O_7213.jpg,Organic,Organic,0.0418174900114536,0.0266081523150205,0.9315743446350098,1.0,1.0,0.0,0.787,full_frame,True,0.1418174900114536,0.8315743446350098,0.0266081653535366,Organic,organic_sudah_benar,Organic,0.0016,0.0,0.9984,Electronic,0.0678,0.4874,0.4447
O_722.jpg,Organic,Organic,0.0244367290288209,0.0370129384100437,0.938550353050232,1.0,0.965,0.355,0.774,full_frame,False,0.0244367290288209,0.938550353050232,0.0370129384100437,Organic,organic_sudah_benar,Organic,0.0051,0.0001,0.9948,Organic,0.07,0.4054,0.5246
O_7227.jpg,Organic,Organic,0.0282382052391767,0.0149675635620951,0.9567942023277284,1.0,0.996,0.0,0.788,full_frame,True,0.1282382052391767,0.8567942023277283,0.0149675924330949,Organic,organic_sudah_benar,Organic,0.1764,0.0019,0.8216,Organic,0.0746,0.1676,0.7578
O_7247.jpg,Organic,Organic,0.0397545807063579,0.0218784473836421,0.9383670091629028,0.92,0.996,0.0,0.771,full_frame,True,0.1397545807063579,0.8383670091629029,0.0218784101307392,Organic,organic_sudah_benar,Organic,0.0699,0.0034,0.9268,Organic,0.4488,0.0992,0.4519
O_7254.jpg,Organic,Organic,0.0277709160000085,0.0338551253080368,0.9383740425109864,0.114,0.236,0.372,0.18,background_terpisah,False,0.0277709160000085,0.9383740425109864,0.0338551253080368,Organic,organic_sudah_benar,Organic,0.0287,0.002,0.9694,Organic,0.0524,0.0476,0.8999
O_7273.jpg,Organic,Organic,0.0118678789585828,0.0288079138845205,0.9593241810798644,1.0,0.872,0.081,0.674,full_frame,True,0.1118678789585828,0.8593241810798645,0.0288079399615526,Organic,organic_sudah_benar,Organic,0.0551,0.0005,0.9444,Organic,0.047,0.1327,0.8203
O_7275.jpg,Organic,Organic,0.2998565435409546,0.03432522341609,0.6658182144165039,1.0,1.0,0.0,0.765,full_frame,True,0.3998565435409545,0.5658182144165039,0.0343252420425415,Organic,organic_sudah_benar,Recyclable,0.8279,0.0001,0.1719,Organic,0.0348,0.0203,0.9449
O_7282.jpg,Organic,Organic,0.0467312671244144,0.1189938783645629,0.8342748880386353,0.475,0.77,0.636,0.715,full_frame,False,0.0467312671244144,0.8342748880386353,0.1189938783645629,Organic,organic_sudah_benar,Organic,0.1724,0.0028,0.8248,Electronic,0.0537,0.5832,0.3631
O_7287.jpg,Organic,Organic,0.043404683470726,0.0886340737342834,0.8679612874984741,1.0,0.995,0.125,0.683,full_frame,True,0.143404683470726,0.7679612874984741,0.0886340290307998,Organic,organic_sudah_benar,Organic,0.022,0.0001,0.9778,Organic,0.0188,0.1527,0.8285
O_7289.jpg,Organic,Organic,0.0516798458993434,0.0441808886826038,0.904139280319214,0.945,0.635,0.476,0.639,perlu_cek_manual,False,0.0516798458993434,0.904139280319214,0.0441808886826038,Organic,organic_sudah_benar,Organic,0.025,0.0001,0.9749,Organic,0.0218,0.1758,0.8025
O_7299.jpg,Organic,Organic,0.0881121382117271,0.0328980237245559,0.8789898753166199,0.26,0.49,0.577,0.307,background_terpisah,False,0.0881121382117271,0.8789898753166199,0.0328980237245559,Organic,organic_sudah_benar,Recyclable,0.7393,0.0119,0.2488,Organic,0.1271,0.1305,0.7424
O_7306.jpg,Organic,Organic,0.0134796621277928,0.0091368444263935,0.9773834943771362,1.0,1.0,0.0,0.8,full_frame,True,0.1134796621277928,0.8773834943771363,0.0091368434950709,Organic,organic_sudah_benar,Organic,0.1712,0.0014,0.8275,Organic,0.0213,0.0905,0.8881
O_7312.jpg,Organic,Organic,0.0317182503640651,0.0617532581090927,0.9065285325050354,1.0,0.989,0.407,0.626,perlu_cek_manual,False,0.0317182503640651,0.9065285325050354,0.0617532581090927,Organic,organic_sudah_benar,Organic,0.2762,0.0017,0.7221,Organic,0.1853,0.2086,0.6061
O_7321.jpg,Organic,Organic,0.0597249455749988,0.0376004427671432,0.902674674987793,0.12,0.305,0.38,0.239,background_terpisah,False,0.0597249455749988,0.902674674987793,0.0376004427671432,Organic,organic_sudah_benar,Recyclable,0.624,0.0072,0.3688,Organic,0.1205,0.3193,0.5602
O_7332.jpg,Organic,Organic,0.0843051150441169,0.1138936057686805,0.801801323890686,0.386,0.813,0.403,0.63,perlu_cek_manual,False,0.0843051150441169,0.801801323890686,0.1138936057686805,Organic,organic_sudah_benar,Organic,0.4381,0.0056,0.5563,Organic,0.0127,0.0433,0.944
O_734.jpg,Organic,Organic,0.0216260012239217,0.0248277522623538,0.9535461664199828,1.0,1.0,0.428,0.886,full_frame,False,0.0216260012239217,0.9535461664199828,0.0248277522623538,Organic,organic_sudah_benar,Organic,0.0304,0.0001,0.9695,Organic,0.0383,0.1257,0.836
O_7369.jpg,Organic,Organic,0.087314173579216,0.1030241474509239,0.8096617460250854,0.982,0.992,0.0,0.639,perlu_cek_manual,False,0.087314173579216,0.8096617460250854,0.1030241474509239,Organic,organic_sudah_benar,Recyclable,0.5545,0.0247,0.4209,Organic,0.0317,0.0474,0.9209
O_7374.jpg,Organic,Organic,0.0352293103933334,0.0653575807809829,0.8994131684303284,1.0,0.956,0.353,0.695,full_frame,False,0.0352293103933334,0.8994131684303284,0.0653575807809829,Organic,organic_sudah_benar,Organic,0.0898,0.0081,0.9021,Organic,0.0662,0.0621,0.8716
O_7384.jpg,Organic,Organic,0.0560054965317249,0.0228904318064451,0.9211040735244752,0.089,0.21,0.527,0.212,background_terpisah,False,0.0560054965317249,0.9211040735244752,0.0228904318064451,Organic,organic_sudah_benar,Organic,0.0355,0.0083,0.9562,Recyclable,0.4988,0.2289,0.2723
O_7398.jpg,Organic,Organic,0.0310990270227193,0.0606813766062259,0.9082195162773132,1.0,0.832,0.552,0.725,full_frame,False,0.0310990270227193,0.9082195162773132,0.0606813766062259,Organic,organic_sudah_benar,Recyclable,0.6663,0.003,0.3307,Organic,0.0457,0.1212,0.8331
O_7399.jpg,Organic,Organic,0.0175301320850849,0.0100088836625218,0.9724609851837158,0.8,1.0,0.27,0.616,perlu_cek_manual,False,0.0175301320850849,0.9724609851837158,0.0100088836625218,Organic,organic_sudah_benar,Organic,0.0786,0.0029,0.9185,Organic,0.0603,0.3962,0.5434
O_7407.jpg,Organic,Organic,0.0232963804155588,0.043168656527996,0.9335349798202516,1.0,1.0,0.596,0.919,full_frame,False,0.0232963804155588,0.9335349798202516,0.043168656527996,Organic,organic_sudah_benar,Organic,0.0692,0.0009,0.9299,Organic,0.0146,0.0529,0.9325
O_7419.jpg,Organic,Organic,0.0243363268673419,0.0266292281448841,0.9490345120429992,1.0,0.969,0.488,0.645,perlu_cek_manual,False,0.0243363268673419,0.9490345120429992,0.0266292281448841,Organic,organic_sudah_benar,Organic,0.4007,0.0026,0.5967,Organic,0.0898,0.0886,0.8216
O_7425.jpg,Organic,Organic,0.1103274822235107,0.025770915672183,0.8639016151428223,0.57,0.962,0.117,0.57,perlu_cek_manual,False,0.1103274822235107,0.8639016151428223,0.025770915672183,Organic,organic_sudah_benar,Organic,0.0269,0.0238,0.9493,Organic,0.0447,0.2362,0.7191
O_7432.jpg,Organic,Organic,0.0476339496672153,0.056546326726675,0.8958197832107544,0.872,0.966,0.382,0.636,perlu_cek_manual,False,0.0476339496672153,0.8958197832107544,0.056546326726675,Organic,organic_sudah_benar,Organic,0.0705,0.001,0.9284,Organic,0.0745,0.1559,0.7696
O_745.jpg,Organic,Organic,0.0260688345879316,0.0367079302668571,0.9372231960296632,0.747,1.0,0.184,0.714,full_frame,True,0.1260688345879316,0.8372231960296631,0.0367079693824052,Organic,organic_sudah_benar,Organic,0.0036,0.0,0.9964,Organic,0.0321,0.3469,0.621
O_7455.jpg,Organic,Organic,0.0565328076481819,0.0775483921170234,0.865918755531311,1.0,0.979,0.337,0.863,full_frame,True,0.1565328076481819,0.7659187555313111,0.077548436820507,Organic,organic_sudah_benar,Organic,0.4596,0.0213,0.5191,Organic,0.0311,0.1172,0.8517
O_7457.jpg,Organic,Organic,0.1085075810551643,0.0429484061896801,0.8485440611839294,0.927,0.955,0.481,0.688,full_frame,False,0.1085075810551643,0.8485440611839294,0.0429484061896801,Organic,organic_sudah_benar,Organic,0.1867,0.0049,0.8084,Electronic,0.2927,0.3861,0.3212
O_7460.jpg,Organic,Organic,0.0254117231816053,0.0402414426207542,0.9343468546867372,0.704,0.902,0.442,0.566,perlu_cek_manual,False,0.0254117231816053,0.9343468546867372,0.0402414426207542,Organic,organic_sudah_benar,Recyclable,0.7543,0.0042,0.2414,Organic,0.0243,0.0412,0.9345
O_7468.jpg,Organic,Organic,0.0407531112432479,0.037552997469902,0.9216938614845276,1.0,0.973,0.488,0.651,full_frame,False,0.0407531112432479,0.9216938614845276,0.037552997469902,Organic,organic_sudah_benar,Recyclable,0.6666,0.0035,0.3299,Organic,0.0115,0.0854,0.9031
O_7474.jpg,Organic,Organic,0.0952483192086219,0.0835730656981468,0.8211786150932312,0.32,0.322,0.61,0.337,background_terpisah,False,0.0952483192086219,0.8211786150932312,0.0835730656981468,Organic,organic_sudah_benar,Organic,0.1409,0.0003,0.8587,Organic,0.0192,0.0697,0.9111
O_7475.jpg,Organic,Organic,0.0191804412752389,0.0493358820676803,0.9314837455749512,1.0,0.975,0.321,0.815,full_frame,True,0.119180441275239,0.8314837455749512,0.0493358131498098,Organic,organic_sudah_benar,Organic,0.1393,0.0026,0.858,Organic,0.0832,0.2809,0.6359
O_7482.jpg,Organic,Organic,0.0299748890101909,0.0369668677449226,0.9330581426620485,1.0,0.932,0.465,0.745,full_frame,False,0.0299748890101909,0.9330581426620485,0.0369668677449226,Organic,organic_sudah_benar,Organic,0.4412,0.0017,0.5571,Organic,0.0333,0.0436,0.9231
O_7485.jpg,Organic,Organic,0.0671429932117462,0.0690222382545471,0.8638346791267395,1.0,0.991,0.488,0.751,full_frame,False,0.0671429932117462,0.8638346791267395,0.0690222382545471,Organic,organic_sudah_benar,Organic,0.0038,0.0022,0.994,Organic,0.075,0.1349,0.7901
O_7487.jpg,Organic,Organic,0.0694121494889259,0.0519617423415184,0.8786261677742004,1.0,1.0,0.595,0.753,full_frame,False,0.0694121494889259,0.8786261677742004,0.0519617423415184,Organic,organic_sudah_benar,Organic,0.0055,0.0041,0.9904,Organic,0.0442,0.1628,0.793
O_7489.jpg,Organic,Organic,0.2235310226678848,0.0496908836066722,0.7267781496047974,0.616,0.929,0.253,0.583,perlu_cek_manual,False,0.2235310226678848,0.7267781496047974,0.0496908836066722,Organic,organic_sudah_benar,Recyclable,0.9612,0.0002,0.0386,Organic,0.0216,0.1415,0.837
O_7490.jpg,Organic,Organic,0.1192826479673385,0.1032699942588806,0.7774473428726196,1.0,0.894,0.296,0.628,perlu_cek_manual,False,0.1192826479673385,0.7774473428726196,0.1032699942588806,Organic,organic_sudah_benar,Organic,0.103,0.005,0.892,Organic,0.0231,0.03,0.9469
O_7492.jpg,Organic,Organic,0.0306994952261447,0.0957722514867782,0.873528242111206,1.0,0.9,0.627,0.905,full_frame,False,0.0306994952261447,0.873528242111206,0.0957722514867782,Organic,organic_sudah_benar,Organic,0.14,0.0073,0.8527,Organic,0.1495,0.3175,0.5329
O_7493.jpg,Organic,Organic,0.0303824506700038,0.0581718832254409,0.911445677280426,1.0,0.863,0.598,0.746,full_frame,False,0.0303824506700038,0.911445677280426,0.0581718832254409,Organic,organic_sudah_benar,Organic,0.0656,0.0008,0.9336,Organic,0.017,0.0923,0.8907
O_7496.jpg,Organic,Organic,0.2853037416934967,0.0393440388143062,0.675352156162262,1.0,1.0,0.649,0.93,full_frame,False,0.2853037416934967,0.675352156162262,0.0393440388143062,Organic,organic_sudah_benar,Recyclable,0.6575,0.0025,0.34,Organic,0.1004,0.0503,0.8493
O_750.jpg,Organic,Organic,0.0491273589432239,0.0437173470854759,0.9071553349494934,1.0,1.0,0.424,0.885,full_frame,False,0.0491273589432239,0.9071553349494934,0.0437173470854759,Organic,organic_sudah_benar,Organic,0.009,0.0002,0.9908,Organic,0.0614,0.3533,0.5852
O_7500.jpg,Organic,Organic,0.0836152657866478,0.0260909609496593,0.8902937173843384,0.272,0.778,0.518,0.341,background_terpisah,False,0.0836152657866478,0.8902937173843384,0.0260909609496593,Organic,organic_sudah_benar,Recyclable,0.5443,0.0126,0.443,Organic,0.0769,0.0559,0.8672
O_7503.jpg,Organic,Organic,0.0317303575575351,0.0404362231492996,0.9278334379196168,0.198,0.81,0.415,0.304,background_terpisah,False,0.0317303575575351,0.9278334379196168,0.0404362231492996,Organic,organic_sudah_benar,Organic,0.0332,0.0005,0.9662,Organic,0.0251,0.0321,0.9428
O_7504.jpg,Organic,Organic,0.4418510198593139,0.014892310835421,0.5432567000389099,1.0,1.0,0.44,0.888,full_frame,False,0.4418510198593139,0.5432567000389099,0.014892310835421,Organic,organic_sudah_benar,Recyclable,0.6972,0.0026,0.3001,Electronic,0.3372,0.3724,0.2904
O_7505.jpg,Organic,Organic,0.0660546123981475,0.0600665099918842,0.8738788962364197,0.856,0.988,0.488,0.766,full_frame,False,0.0660546123981475,0.8738788962364197,0.0600665099918842,Organic,organic_sudah_benar,Organic,0.1347,0.004,0.8612,Organic,0.06,0.1665,0.7735
O_7511.jpg,Organic,Organic,0.0453912392258644,0.0320638008415699,0.9225449562072754,0.861,0.988,0.324,0.738,full_frame,True,0.1453912392258644,0.8225449562072754,0.0320638045668602,Organic,organic_sudah_benar,Organic,0.0189,0.0006,0.9804,Organic,0.0134,0.3632,0.6234
O_7514.jpg,Organic,Organic,0.0519159212708473,0.0658116340637207,0.882272481918335,1.0,0.974,0.284,0.679,full_frame,True,0.1519159212708473,0.782272481918335,0.0658115968108177,Organic,organic_sudah_benar,Organic,0.416,0.0038,0.5802,Organic,0.1544,0.3678,0.4778
O_7522.jpg,Organic,Organic,0.0343016237020492,0.018231127411127,0.9474672675132751,1.0,1.0,0.32,0.776,full_frame,True,0.1343016237020492,0.8474672675132752,0.0182311087846755,Organic,organic_sudah_benar,Organic,0.0664,0.0015,0.9321,Organic,0.0113,0.0183,0.9705
O_7529.jpg,Organic,Organic,0.1679494678974151,0.0455885082483291,0.7864620089530945,0.092,0.793,0.43,0.285,background_terpisah,False,0.1679494678974151,0.7864620089530945,0.0455885082483291,Organic,organic_sudah_benar,Organic,0.2923,0.0001,0.7076,Organic,0.409,0.1677,0.4234
O_7544.jpg,Organic,Organic,0.178136795759201,0.0304982848465442,0.7913649082183838,0.449,0.929,0.472,0.626,perlu_cek_manual,False,0.178136795759201,0.7913649082183838,0.0304982848465442,Organic,organic_sudah_benar,Organic,0.0069,0.0011,0.992,Organic,0.0078,0.0941,0.8981
O_7559.jpg,Organic,Organic,0.1492079496383667,0.0397066064178943,0.8110853433609009,0.919,0.847,0.369,0.581,perlu_cek_manual,False,0.1492079496383667,0.8110853433609009,0.0397066064178943,Organic,organic_sudah_benar,Organic,0.0072,0.0038,0.989,Electronic,0.1194,0.4596,0.421
O_7560.jpg,Organic,Organic,0.024222832173109,0.1240048632025718,0.8517721891403198,1.0,1.0,0.485,0.83,full_frame,False,0.024222832173109,0.8517721891403198,0.1240048632025718,Organic,organic_sudah_benar,Organic,0.3161,0.0008,0.6832,Organic,0.059,0.0556,0.8854
O_7562.jpg,Organic,Organic,0.0932272225618362,0.0543472021818161,0.8524255156517029,1.0,1.0,0.458,0.665,full_frame,False,0.0932272225618362,0.8524255156517029,0.0543472021818161,Organic,organic_sudah_benar,Organic,0.1771,0.0054,0.8175,Organic,0.2771,0.3296,0.3933
O_7566.jpg,Organic,Organic,0.094233751296997,0.032925933599472,0.872840404510498,1.0,0.963,0.158,0.647,perlu_cek_manual,False,0.094233751296997,0.872840404510498,0.032925933599472,Organic,organic_sudah_benar,Organic,0.3047,0.0089,0.6864,Organic,0.0884,0.4178,0.4938
O_7568.jpg,Organic,Organic,0.1186146214604377,0.0253440923988819,0.8560413122177124,1.0,0.978,0.49,0.662,full_frame,False,0.1186146214604377,0.8560413122177124,0.0253440923988819,Organic,organic_sudah_benar,Organic,0.3774,0.0001,0.6225,Organic,0.1984,0.2913,0.5104
O_7574.jpg,Organic,Organic,0.0561918430030345,0.0990988463163375,0.8447093367576599,0.54,0.862,0.435,0.543,perlu_cek_manual,False,0.0561918430030345,0.8447093367576599,0.0990988463163375,Organic,organic_sudah_benar,Organic,0.1093,0.0004,0.8904,Organic,0.0156,0.0307,0.9537
O_7575.jpg,Organic,Organic,0.0387386456131935,0.0647283717989921,0.8965329527854919,0.603,0.737,0.307,0.564,perlu_cek_manual,False,0.0387386456131935,0.8965329527854919,0.0647283717989921,Organic,organic_sudah_benar,Organic,0.0026,0.0013,0.9961,Organic,0.0696,0.2896,0.6408
O_7592.jpg,Organic,Organic,0.0861661210656166,0.0871869251132011,0.8266469836235046,0.732,0.966,0.528,0.751,full_frame,False,0.0861661210656166,0.8266469836235046,0.0871869251132011,Organic,organic_sudah_benar,Organic,0.4982,0.0015,0.5002,Electronic,0.0486,0.701,0.2505
O_7597.jpg,Organic,Organic,0.092378444969654,0.0327106788754463,0.8749107718467712,0.879,0.969,0.25,0.685,full_frame,True,0.1923784449696541,0.7749107718467713,0.0327107831835746,Organic,organic_sudah_benar,Organic,0.0195,0.003,0.9776,Electronic,0.0292,0.6245,0.3462
O_76.jpg,Organic,Organic,0.019951133057475,0.0354569554328918,0.9445919990539552,1.0,0.861,0.631,0.784,full_frame,False,0.019951133057475,0.9445919990539552,0.0354569554328918,Organic,organic_sudah_benar,Organic,0.021,0.0003,0.9787,Organic,0.0975,0.196,0.7065
O_760.jpg,Organic,Organic,0.0361541770398616,0.0351069383323192,0.9287388324737548,0.689,0.972,0.444,0.79,full_frame,False,0.0361541770398616,0.9287388324737548,0.0351069383323192,Organic,organic_sudah_benar,Organic,0.0033,0.0,0.9967,Organic,0.0566,0.2846,0.6588
O_7602.jpg,Organic,Organic,0.0899995863437652,0.0210282560437917,0.8889721632003784,0.723,0.866,0.264,0.66,full_frame,True,0.1899995863437652,0.7889721632003784,0.0210282504558563,Organic,organic_sudah_benar,Organic,0.1612,0.0289,0.8099,Organic,0.2417,0.1797,0.5786
O_7603.jpg,Organic,Organic,0.0911991521716117,0.0712890103459358,0.8375118970870972,0.755,0.963,0.264,0.658,full_frame,True,0.1911991521716118,0.7375118970870972,0.071288950741291,Organic,organic_sudah_benar,Organic,0.3402,0.0026,0.6573,Organic,0.0319,0.1088,0.8593
O_7611.jpg,Organic,Organic,0.0650805681943893,0.0536576360464096,0.8812617659568787,0.636,0.9,0.477,0.466,perlu_cek_manual,False,0.0650805681943893,0.8812617659568787,0.0536576360464096,Organic,organic_sudah_benar,Organic,0.1465,0.0031,0.8504,Organic,0.0219,0.1352,0.8429
O_7629.jpg,Organic,Organic,0.1109184026718139,0.0413464270532131,0.8477351665496826,0.566,0.924,0.481,0.608,perlu_cek_manual,False,0.1109184026718139,0.8477351665496826,0.0413464270532131,Organic,organic_sudah_benar,Organic,0.2452,0.0016,0.7532,Organic,0.0286,0.0314,0.9401
O_7630.jpg,Organic,Organic,0.0537986233830452,0.066403217613697,0.8797980546951294,1.0,0.978,0.568,0.741,full_frame,False,0.0537986233830452,0.8797980546951294,0.066403217613697,Organic,organic_sudah_benar,Organic,0.0122,0.0005,0.9873,Organic,0.0126,0.0429,0.9446
O_7634.jpg,Organic,Organic,0.0425213538110256,0.0223360694944858,0.9351425170898438,1.0,0.986,0.0,0.791,full_frame,True,0.1425213538110256,0.8351425170898438,0.0223361290991306,Organic,organic_sudah_benar,Organic,0.0423,0.0047,0.953,Organic,0.1643,0.1893,0.6465
O_7638.jpg,Organic,Organic,0.2980586290359497,0.0264079719781875,0.6755333542823792,0.278,0.585,0.626,0.373,perlu_cek_manual,False,0.2980586290359497,0.6755333542823792,0.0264079719781875,Organic,organic_sudah_benar,Organic,0.4212,0.0042,0.5746,Electronic,0.2106,0.4814,0.3081
O_764.jpg,Organic,Organic,0.061110995709896,0.0653286352753639,0.87356036901474,0.158,0.306,0.373,0.233,background_terpisah,False,0.061110995709896,0.87356036901474,0.0653286352753639,Organic,organic_sudah_benar,Organic,0.0027,0.0,0.9973,Electronic,0.0395,0.4891,0.4714
O_7662.jpg,Organic,Organic,0.0524819679558277,0.0670868158340454,0.8804312348365784,1.0,0.957,0.492,0.777,full_frame,False,0.0524819679558277,0.8804312348365784,0.0670868158340454,Organic,organic_sudah_benar,Organic,0.0166,0.0086,0.9748,Organic,0.0342,0.3276,0.6382
O_767.jpg,Organic,Organic,0.0131111405789852,0.0081618893891572,0.9787269234657288,1.0,0.973,0.285,0.834,full_frame,True,0.1131111405789852,0.8787269234657288,0.008161935955286,Organic,organic_sudah_benar,Organic,0.0061,0.0002,0.9937,Electronic,0.0256,0.4973,0.4771
O_7688.jpg,Organic,Organic,0.2449420988559723,0.0380231142044067,0.7170348167419434,1.0,0.998,0.779,0.802,full_frame,False,0.2449420988559723,0.7170348167419434,0.0380231142044067,Organic,organic_sudah_benar,Organic,0.0938,0.1243,0.782,Organic,0.0086,0.2969,0.6944
O_7690.jpg,Organic,Organic,0.1674466431140899,0.0616267696022987,0.7709265947341919,1.0,1.0,0.511,0.758,full_frame,False,0.1674466431140899,0.7709265947341919,0.0616267696022987,Organic,organic_sudah_benar,Organic,0.1721,0.0045,0.8235,Organic,0.1538,0.1188,0.7274
O_7692.jpg,Organic,Organic,0.0444047562777996,0.0245821550488472,0.9310131072998048,0.571,0.96,0.0,0.637,perlu_cek_manual,False,0.0444047562777996,0.9310131072998048,0.0245821550488472,Organic,organic_sudah_benar,Organic,0.0604,0.3037,0.636,Organic,0.2498,0.2067,0.5435
O_77.jpg,Organic,Organic,0.030352396890521,0.0154234785586595,0.9542241096496582,0.245,0.484,0.506,0.313,background_terpisah,False,0.030352396890521,0.9542241096496582,0.0154234785586595,Organic,organic_sudah_benar,Organic,0.0819,0.0016,0.9165,Organic,0.063,0.031,0.906
O_7701.jpg,Organic,Organic,0.1066731885075569,0.2382088303565979,0.6551179885864258,1.0,1.0,0.022,0.804,full_frame,True,0.2066731885075569,0.5551179885864258,0.2382088229060173,Organic,organic_sudah_benar,Organic,0.4232,0.0451,0.5318,Organic,0.3766,0.1462,0.4771
O_7704.jpg,Organic,Organic,0.1073757708072662,0.016887629404664,0.8757365942001343,1.0,1.0,0.451,0.797,full_frame,False,0.1073757708072662,0.8757365942001343,0.016887629404664,Organic,organic_sudah_benar,Organic,0.4024,0.0361,0.5615,Organic,0.1058,0.2404,0.6538
O_7706.jpg,Organic,Organic,0.0566103942692279,0.0654562786221504,0.8779333829879761,0.323,0.808,0.458,0.539,perlu_cek_manual,False,0.0566103942692279,0.8779333829879761,0.0654562786221504,Organic,organic_sudah_benar,Organic,0.0118,0.005,0.9832,Organic,0.1929,0.2574,0.5497
O_7712.jpg,Organic,Organic,0.2004651576280594,0.0634320154786109,0.7361028790473938,0.271,0.873,0.402,0.452,perlu_cek_manual,False,0.2004651576280594,0.7361028790473938,0.0634320154786109,Organic,organic_sudah_benar,Organic,0.4003,0.0356,0.5641,Organic,0.1817,0.3252,0.4931
O_7722.jpg,Organic,Organic,0.1722837686538696,0.0645399093627929,0.7631763219833374,1.0,0.998,0.412,0.882,full_frame,False,0.1722837686538696,0.7631763219833374,0.0645399093627929,Organic,organic_sudah_benar,Organic,0.0083,0.0008,0.9909,Organic,0.0847,0.2036,0.7117
O_7729.jpg,Organic,Organic,0.1235570609569549,0.0667340084910392,0.8097089529037476,0.619,0.955,0.099,0.663,full_frame,False,0.1235570609569549,0.8097089529037476,0.0667340084910392,Organic,organic_sudah_benar,Organic,0.2331,0.0057,0.7611,Organic,0.1057,0.312,0.5823
O_7732.jpg,Organic,Organic,0.1968508213758468,0.0374790057539939,0.7656702399253845,1.0,0.969,0.504,0.743,full_frame,False,0.1968508213758468,0.7656702399253845,0.0374790057539939,Organic,organic_sudah_benar,Organic,0.1454,0.0015,0.8531,Organic,0.0486,0.0141,0.9373
O_7737.jpg,Organic,Organic,0.0275244992226362,0.0169687308371067,0.9555068016052246,0.68,0.959,0.42,0.597,perlu_cek_manual,False,0.0275244992226362,0.9555068016052246,0.0169687308371067,Organic,organic_sudah_benar,Organic,0.1749,0.0227,0.8024,Organic,0.0671,0.2313,0.7016
O_7738.jpg,Organic,Organic,0.0478399880230426,0.0275582410395145,0.9246017336845398,0.662,0.967,0.536,0.797,full_frame,False,0.0478399880230426,0.9246017336845398,0.0275582410395145,Organic,organic_sudah_benar,Organic,0.3248,0.001,0.6741,Electronic,0.3754,0.4927,0.1318
O_7739.jpg,Organic,Organic,0.0335636399686336,0.035173762589693,0.9312625527381896,0.962,0.981,0.18,0.687,full_frame,True,0.1335636399686336,0.8312625527381897,0.0351738072931766,Organic,organic_sudah_benar,Organic,0.0423,0.0219,0.9358,Organic,0.0478,0.078,0.8742
O_7741.jpg,Organic,Organic,0.0642443224787712,0.0515322089195251,0.8842235207557678,0.732,0.97,0.47,0.578,perlu_cek_manual,False,0.0642443224787712,0.8842235207557678,0.0515322089195251,Organic,organic_sudah_benar,Recyclable,0.6385,0.0299,0.3317,Organic,0.0323,0.0271,0.9406
O_7753.jpg,Organic,Organic,0.0590036213397979,0.029941676184535,0.911054790019989,0.726,0.905,0.491,0.622,perlu_cek_manual,False,0.0590036213397979,0.911054790019989,0.029941676184535,Organic,organic_sudah_benar,Organic,0.0023,0.0049,0.9928,Organic,0.0832,0.1887,0.7281
O_7758.jpg,Organic,Organic,0.08387091755867,0.1114167720079422,0.8047123551368713,1.0,0.858,0.548,0.799,full_frame,False,0.08387091755867,0.8047123551368713,0.1114167720079422,Organic,organic_sudah_benar,Organic,0.1722,0.0061,0.8217,Organic,0.1294,0.0531,0.8175
O_7759.jpg,Organic,Organic,0.0452131703495979,0.0226762741804122,0.9321105480194092,0.883,0.947,0.374,0.646,perlu_cek_manual,False,0.0452131703495979,0.9321105480194092,0.0226762741804122,Organic,organic_sudah_benar,Organic,0.334,0.014,0.652,Organic,0.0115,0.0578,0.9307
O_7761.jpg,Organic,Organic,0.0354095548391342,0.0441710203886032,0.920419454574585,0.921,0.899,0.484,0.853,full_frame,False,0.0354095548391342,0.920419454574585,0.0441710203886032,Organic,organic_sudah_benar,Recyclable,0.7093,0.024,0.2667,Organic,0.0237,0.1647,0.8115
O_7764.jpg,Organic,Organic,0.1473152339458465,0.0457093119621276,0.8069754242897034,0.965,0.881,0.289,0.54,perlu_cek_manual,False,0.1473152339458465,0.8069754242897034,0.0457093119621276,Organic,organic_sudah_benar,Organic,0.1898,0.0201,0.79,Organic,0.0303,0.1874,0.7823
O_7784.jpg,Organic,Organic,0.0731123983860015,0.0786070302128791,0.8482806086540222,1.0,0.99,0.221,0.842,full_frame,True,0.1731123983860016,0.7482806086540222,0.0786069929599762,Organic,organic_sudah_benar,Organic,0.2628,0.1965,0.5407,Organic,0.0812,0.095,0.8238
O_7785.jpg,Organic,Organic,0.1630993485450744,0.0790880545973777,0.7578126788139343,0.22,0.808,0.482,0.369,perlu_cek_manual,False,0.1630993485450744,0.7578126788139343,0.0790880545973777,Organic,organic_sudah_benar,Organic,0.0447,0.0163,0.9391,Electronic,0.2878,0.4241,0.2881
O_7786.jpg,Organic,Organic,0.0469683036208152,0.0458971783518791,0.9071345329284668,1.0,1.0,0.0,0.749,full_frame,True,0.1469683036208152,0.8071345329284668,0.0458971634507179,Organic,organic_sudah_benar,Organic,0.0058,0.0008,0.9934,Organic,0.0698,0.1813,0.749
O_7787.jpg,Organic,Organic,0.0282592196017503,0.0433149859309196,0.9284257292747498,1.0,0.978,0.159,0.724,full_frame,True,0.1282592196017503,0.8284257292747498,0.0433150511234998,Organic,organic_sudah_benar,Organic,0.4484,0.0076,0.544,Organic,0.0009,0.0182,0.9809
O_780.jpg,Organic,Organic,0.0472100414335727,0.0741924792528152,0.8785975575447083,0.361,0.534,0.36,0.438,perlu_cek_manual,False,0.0472100414335727,0.8785975575447083,0.0741924792528152,Organic,organic_sudah_benar,Organic,0.0383,0.001,0.9607,Organic,0.0466,0.2172,0.7362
O_7805.jpg,Organic,Organic,0.0735608860850334,0.0754344016313552,0.8510046601295471,1.0,1.0,0.481,0.896,full_frame,False,0.0735608860850334,0.8510046601295471,0.0754344016313552,Organic,organic_sudah_benar,Organic,0.1296,0.0015,0.8689,Organic,0.0136,0.0488,0.9376
O_7813.jpg,Organic,Organic,0.0630217269062995,0.0259863287210464,0.9109918475151062,0.81,0.986,0.544,0.795,full_frame,False,0.0630217269062995,0.9109918475151062,0.0259863287210464,Organic,organic_sudah_benar,Organic,0.0214,0.0022,0.9764,Organic,0.2439,0.2868,0.4693
O_7815.jpg,Organic,Organic,0.0210994090884923,0.0375905185937881,0.9413100481033324,0.954,0.978,0.329,0.848,full_frame,True,0.1210994090884924,0.8413100481033325,0.037590542808175,Organic,organic_sudah_benar,Organic,0.192,0.1698,0.6382,Electronic,0.1522,0.47,0.3778
O_7819.jpg,Organic,Organic,0.1117126196622848,0.0269970837980508,0.8612903356552124,1.0,0.999,0.541,0.608,perlu_cek_manual,False,0.1117126196622848,0.8612903356552124,0.0269970837980508,Organic,organic_sudah_benar,Organic,0.3511,0.0007,0.6482,Organic,0.3323,0.1283,0.5393
O_782.jpg,Organic,Organic,0.0314705334603786,0.0101825753226876,0.9583469033241272,0.431,0.711,0.186,0.437,perlu_cek_manual,False,0.0314705334603786,0.9583469033241272,0.0101825753226876,Organic,organic_sudah_benar,Organic,0.044,0.0,0.956,Electronic,0.0241,0.7772,0.1987
O_7821.jpg,Organic,Organic,0.1197244450449943,0.12464639544487,0.7556291818618774,0.615,0.959,0.385,0.453,perlu_cek_manual,False,0.1197244450449943,0.7556291818618774,0.12464639544487,Organic,organic_sudah_benar,Recyclable,0.7248,0.0002,0.275,Organic,0.4344,0.1172,0.4484
O_7827.jpg,Organic,Organic,0.102418303489685,0.1536185145378112,0.7439631819725037,1.0,0.996,0.387,0.775,full_frame,False,0.102418303489685,0.7439631819725037,0.1536185145378112,Organic,organic_sudah_benar,Organic,0.0199,0.0106,0.9696,Organic,0.0112,0.2748,0.714
O_7832.jpg,Organic,Organic,0.0418242588639259,0.0295097455382347,0.9286659359931946,1.0,0.963,0.004,0.664,full_frame,True,0.1418242588639259,0.8286659359931946,0.0295098051428794,Organic,organic_sudah_benar,Organic,0.0043,0.0038,0.9919,Organic,0.1744,0.2589,0.5667
O_7838.jpg,Organic,Organic,0.0184707194566726,0.017791174352169,0.9637380242347716,0.573,0.959,0.206,0.474,perlu_cek_manual,False,0.0184707194566726,0.9637380242347716,0.017791174352169,Organic,organic_sudah_benar,Organic,0.1802,0.0017,0.818,Organic,0.1855,0.0722,0.7423
O_7841.jpg,Organic,Organic,0.1371827870607376,0.040035393089056,0.8227818608283997,1.0,0.986,0.375,0.795,full_frame,False,0.1371827870607376,0.8227818608283997,0.040035393089056,Organic,organic_sudah_benar,Organic,0.0191,0.0054,0.9754,Organic,0.0522,0.2214,0.7264
O_7846.jpg,Organic,Organic,0.0647448673844337,0.0252065621316432,0.9100485444068908,0.601,0.946,0.459,0.761,full_frame,False,0.0647448673844337,0.9100485444068908,0.0252065621316432,Organic,organic_sudah_benar,Organic,0.0064,0.0001,0.9936,Organic,0.0133,0.0686,0.9182
O_7853.jpg,Organic,Organic,0.1037337258458137,0.0583444125950336,0.8379217982292175,1.0,1.0,0.366,0.733,full_frame,False,0.1037337258458137,0.8379217982292175,0.0583444125950336,Organic,organic_sudah_benar,Organic,0.0366,0.0033,0.9601,Organic,0.0576,0.1255,0.817
O_7858.jpg,Organic,Organic,0.0641377940773963,0.047172226011753,0.8886899352073669,0.537,0.968,0.594,0.554,perlu_cek_manual,False,0.0641377940773963,0.8886899352073669,0.047172226011753,Organic,organic_sudah_benar,Organic,0.0719,0.0034,0.9247,Organic,0.0621,0.0675,0.8704
O_7864.jpg,Organic,Organic,0.0350867547094821,0.0413441397249698,0.9235692024230956,0.786,0.962,0.382,0.702,full_frame,False,0.0350867547094821,0.9235692024230956,0.0413441397249698,Organic,organic_sudah_benar,Organic,0.0836,0.0104,0.906,Organic,0.015,0.0718,0.9132
O_7866.jpg,Organic,Organic,0.0504494681954383,0.0286448486149311,0.9209057688713074,0.294,0.886,0.461,0.459,perlu_cek_manual,False,0.0504494681954383,0.9209057688713074,0.0286448486149311,Organic,organic_sudah_benar,Organic,0.285,0.0004,0.7147,Organic,0.0209,0.033,0.9462
O_7867.jpg,Organic,Organic,0.0371770299971103,0.0403433702886104,0.9224796295166016,1.0,0.999,0.003,0.713,full_frame,True,0.1371770299971103,0.8224796295166016,0.040343340486288,Organic,organic_sudah_benar,Organic,0.133,0.0148,0.8522,Electronic,0.0246,0.5146,0.4609
O_787.jpg,Organic,Organic,0.063073344528675,0.0576518215239048,0.879274845123291,0.733,1.0,0.618,0.843,full_frame,False,0.063073344528675,0.879274845123291,0.0576518215239048,Organic,organic_sudah_benar,Organic,0.0032,0.0002,0.9966,Organic,0.078,0.2979,0.6241
O_7884.jpg,Organic,Organic,0.0968220457434654,0.1023170426487922,0.8008608818054199,1.0,0.985,0.633,0.825,full_frame,False,0.0968220457434654,0.8008608818054199,0.1023170426487922,Organic,organic_sudah_benar,Organic,0.013,0.0019,0.9851,Organic,0.0381,0.0569,0.9049
O_7894.jpg,Organic,Organic,0.0803993493318557,0.0308447647839784,0.8887559175491333,0.937,0.971,0.195,0.656,full_frame,True,0.1803993493318557,0.7887559175491333,0.0308447331190109,Organic,organic_sudah_benar,Organic,0.0049,0.003,0.9921,Organic,0.1478,0.3079,0.5443
O_7905.jpg,Organic,Organic,0.3692220151424408,0.0376505181193351,0.593127429485321,1.0,0.982,0.002,0.72,full_frame,True,0.4692220151424408,0.493127429485321,0.0376505553722381,Organic,organic_sudah_benar,Recyclable,0.4868,0.0867,0.4265,Organic,0.0446,0.1318,0.8236
O_7912.jpg,Organic,Organic,0.1243045553565025,0.0325974449515342,0.8430980443954468,0.416,0.871,0.504,0.536,perlu_cek_manual,False,0.1243045553565025,0.8430980443954468,0.0325974449515342,Organic,organic_sudah_benar,Organic,0.1852,0.0004,0.8144,Organic,0.085,0.146,0.769
O_7916.jpg,Organic,Organic,0.1380397379398346,0.0320768505334854,0.8298834562301636,0.03,0.626,0.39,0.212,background_terpisah,False,0.1380397379398346,0.8298834562301636,0.0320768505334854,Organic,organic_sudah_benar,Organic,0.4064,0.0113,0.5823,Organic,0.0133,0.0344,0.9522
O_7923.jpg,Organic,Organic,0.0530938282608985,0.0376423485577106,0.9092637300491332,0.596,0.952,0.428,0.558,perlu_cek_manual,False,0.0530938282608985,0.9092637300491332,0.0376423485577106,Organic,organic_sudah_benar,Organic,0.078,0.0037,0.9183,Organic,0.0364,0.0962,0.8674
O_7924.jpg,Organic,Organic,0.0603456459939479,0.110164389014244,0.8294899463653564,0.011,0.664,0.462,0.229,background_terpisah,False,0.0603456459939479,0.8294899463653564,0.110164389014244,Organic,organic_sudah_benar,Organic,0.0155,0.0433,0.9412,Organic,0.0066,0.0303,0.9631
O_7934.jpg,Organic,Organic,0.0471492707729339,0.0340199582278728,0.9188306927680968,1.0,0.959,0.0,0.779,full_frame,True,0.1471492707729339,0.818830692768097,0.0340200364589691,Organic,organic_sudah_benar,Organic,0.0199,0.0006,0.9795,Organic,0.0118,0.1064,0.8818
O_7945.jpg,Organic,Organic,0.0321820080280303,0.0086846752092242,0.9591333270072936,1.0,0.573,0.623,0.626,perlu_cek_manual,False,0.0321820080280303,0.9591333270072936,0.0086846752092242,Organic,organic_sudah_benar,Organic,0.0574,0.0003,0.9423,Organic,0.4138,0.0839,0.5023
O_7951.jpg,Organic,Organic,0.0979596301913261,0.0361013710498809,0.8659389615058899,0.261,0.537,0.584,0.506,perlu_cek_manual,False,0.0979596301913261,0.8659389615058899,0.0361013710498809,Organic,organic_sudah_benar,Organic,0.1055,0.0005,0.8941,Organic,0.148,0.0326,0.8193
O_7953.jpg,Organic,Organic,0.0232947431504726,0.0339463278651237,0.9427589774131776,0.238,0.459,0.419,0.317,background_terpisah,False,0.0232947431504726,0.9427589774131776,0.0339463278651237,Organic,organic_sudah_benar,Organic,0.0531,0.0014,0.9454,Organic,0.1309,0.0628,0.8063
O_7964.jpg,Organic,Organic,0.0139371557161211,0.0248763523995876,0.9611864686012268,0.524,0.977,0.254,0.464,perlu_cek_manual,False,0.0139371557161211,0.9611864686012268,0.0248763523995876,Organic,organic_sudah_benar,Organic,0.1084,0.0015,0.89,Organic,0.2083,0.3398,0.452
O_7971.jpg,Organic,Organic,0.0204854030162096,0.0312305837869644,0.9482839703559875,0.331,0.454,0.524,0.361,perlu_cek_manual,False,0.0204854030162096,0.9482839703559875,0.0312305837869644,Organic,organic_sudah_benar,Organic,0.0833,0.0036,0.913,Organic,0.06,0.0782,0.8618
O_7973.jpg,Organic,Organic,0.0702425613999366,0.0401626378297805,0.8895948529243469,0.397,0.912,0.389,0.507,perlu_cek_manual,False,0.0702425613999366,0.8895948529243469,0.0401626378297805,Organic,organic_sudah_benar,Organic,0.2203,0.0088,0.7709,Organic,0.011,0.0178,0.9712
O_7978.jpg,Organic,Organic,0.0144123611971735,0.0332701951265335,0.9523174166679382,0.973,0.993,0.0,0.779,full_frame,True,0.1144123611971736,0.8523174166679383,0.0332702221348881,Organic,organic_sudah_benar,Organic,0.0758,0.0009,0.9233,Organic,0.037,0.0701,0.8929
O_7981.jpg,Organic,Organic,0.0364850610494613,0.0269449949264526,0.9365699887275696,0.002,0.15,0.262,0.095,background_terpisah,False,0.0364850610494613,0.9365699887275696,0.0269449949264526,Organic,organic_sudah_benar,Organic,0.0401,0.0011,0.9588,Organic,0.0767,0.0723,0.851
O_7983.jpg,Organic,Organic,0.1145778745412826,0.0367221012711524,0.8486999273300171,0.856,0.633,0.504,0.543,perlu_cek_manual,False,0.1145778745412826,0.8486999273300171,0.0367221012711524,Organic,organic_sudah_benar,Recyclable,0.5889,0.0023,0.4089,Organic,0.1456,0.0472,0.8072
O_8000.jpg,Organic,Organic,0.0202066358178854,0.0172663200646638,0.96252703666687,0.892,0.999,0.042,0.77,full_frame,True,0.1202066358178854,0.8625270366668701,0.0172663275152444,Organic,organic_sudah_benar,Organic,0.1969,0.0013,0.8018,Organic,0.026,0.0841,0.8899
O_8024.jpg,Organic,Organic,0.0300632137805223,0.0272919181734323,0.9426448941230774,0.712,1.0,0.428,0.709,full_frame,False,0.0300632137805223,0.9426448941230774,0.0272919181734323,Organic,organic_sudah_benar,Organic,0.244,0.0021,0.7539,Organic,0.0426,0.0466,0.9108
O_8032.jpg,Organic,Organic,0.0124614601954817,0.0214604530483484,0.9660781025886536,0.733,1.0,0.556,0.831,full_frame,False,0.0124614601954817,0.9660781025886536,0.0214604530483484,Organic,organic_sudah_benar,Organic,0.2088,0.0032,0.7879,Organic,0.0515,0.0643,0.8841
O_8040.jpg,Organic,Organic,0.117407314479351,0.1061209365725517,0.776471734046936,0.745,0.474,0.639,0.541,perlu_cek_manual,False,0.117407314479351,0.776471734046936,0.1061209365725517,Organic,organic_sudah_benar,Recyclable,0.7783,0.0086,0.2131,Organic,0.0204,0.1113,0.8683
O_8042.jpg,Organic,Organic,0.0378598235547542,0.0192016717046499,0.942938506603241,1.0,1.0,0.559,0.912,full_frame,False,0.0378598235547542,0.942938506603241,0.0192016717046499,Organic,organic_sudah_benar,Organic,0.0433,0.0005,0.9563,Recyclable,0.5003,0.2096,0.2901
O_8064.jpg,Organic,Organic,0.0932361856102943,0.0814188346266746,0.825344979763031,0.869,0.799,0.108,0.593,perlu_cek_manual,False,0.0932361856102943,0.825344979763031,0.0814188346266746,Organic,organic_sudah_benar,Organic,0.4457,0.0134,0.5408,Organic,0.0277,0.0863,0.886
O_8069.jpg,Organic,Organic,0.0749778598546981,0.0414175800979137,0.8836045265197754,0.661,0.944,0.665,0.82,full_frame,False,0.0749778598546981,0.8836045265197754,0.0414175800979137,Organic,organic_sudah_benar,Organic,0.2259,0.0023,0.7718,Organic,0.1857,0.0968,0.7174
O_8071.jpg,Organic,Organic,0.0948923453688621,0.0323065631091594,0.8728010654449463,0.001,0.093,0.445,0.108,background_terpisah,False,0.0948923453688621,0.8728010654449463,0.0323065631091594,Organic,organic_sudah_benar,Recyclable,0.5364,0.001,0.4627,Organic,0.2602,0.1941,0.5457
O_8094.jpg,Organic,Organic,0.0733874216675758,0.0148446653038263,0.911767840385437,1.0,0.948,0.455,0.645,perlu_cek_manual,False,0.0733874216675758,0.911767840385437,0.0148446653038263,Organic,organic_sudah_benar,Organic,0.0584,0.0023,0.9392,Organic,0.2705,0.1589,0.5706
O_8102.jpg,Organic,Organic,0.0294652786105871,0.0199247933924198,0.9506099224090576,0.405,0.897,0.301,0.605,perlu_cek_manual,False,0.0294652786105871,0.9506099224090576,0.0199247933924198,Organic,organic_sudah_benar,Organic,0.2374,0.0122,0.7504,Organic,0.1578,0.1458,0.6965
O_8104.jpg,Organic,Organic,0.0510537773370742,0.0623497553169727,0.8865963816642761,0.275,0.919,0.385,0.452,perlu_cek_manual,False,0.0510537773370742,0.8865963816642761,0.0623497553169727,Organic,organic_sudah_benar,Organic,0.3119,0.0264,0.6617,Organic,0.1155,0.1867,0.6978
O_8114.jpg,Organic,Organic,0.0351544879376888,0.0223843604326248,0.9424612522125244,0.0,-0.0,0.323,0.065,background_terpisah,False,0.0351544879376888,0.9424612522125244,0.0223843604326248,Organic,organic_sudah_benar,Organic,0.0145,0.0,0.9854,Organic,0.0167,0.0511,0.9322
O_8116.jpg,Organic,Organic,0.0392493195831775,0.1117038577795028,0.8490468263626099,0.516,0.926,0.261,0.423,perlu_cek_manual,False,0.0392493195831775,0.8490468263626099,0.1117038577795028,Organic,organic_sudah_benar,Organic,0.0269,0.0497,0.9234,Organic,0.4069,0.1141,0.479
O_8117.jpg,Organic,Organic,0.0430639907717704,0.0385177545249462,0.9184182286262512,1.0,0.541,0.536,0.596,perlu_cek_manual,False,0.0430639907717704,0.9184182286262512,0.0385177545249462,Organic,organic_sudah_benar,Organic,0.3236,0.0167,0.6598,Organic,0.0474,0.0577,0.8949
O_8131.jpg,Organic,Organic,0.0358577072620391,0.0238039102405309,0.940338373184204,0.776,0.83,0.274,0.713,full_frame,True,0.1358577072620392,0.8403383731842041,0.0238039195537567,Organic,organic_sudah_benar,Organic,0.4757,0.0009,0.5234,Organic,0.1396,0.0467,0.8138
O_8135.jpg,Organic,Organic,0.0543475411832332,0.0743773430585861,0.8712751865386963,0.057,0.61,0.296,0.213,background_terpisah,False,0.0543475411832332,0.8712751865386963,0.0743773430585861,Organic,organic_sudah_benar,Organic,0.021,0.0001,0.9789,Organic,0.1508,0.1121,0.7371
O_8151.jpg,Organic,Organic,0.2178200185298919,0.185497760772705,0.5966822504997253,0.0,-0.0,0.312,0.062,background_terpisah,False,0.2178200185298919,0.5966822504997253,0.185497760772705,Organic,organic_sudah_benar,Organic,0.2239,0.0043,0.7718,Organic,0.03,0.0989,0.8711
O_8158.jpg,Organic,Organic,0.06093280762434,0.079537846148014,0.8595293164253235,0.962,0.545,0.496,0.58,perlu_cek_manual,False,0.06093280762434,0.8595293164253235,0.079537846148014,Organic,organic_sudah_benar,Organic,0.3495,0.1072,0.5433,Organic,0.0129,0.0117,0.9755
O_818.jpg,Organic,Organic,0.0117063159123063,0.0129445064812898,0.9753491282463074,1.0,1.0,0.0,0.8,full_frame,True,0.1117063159123063,0.8753491282463074,0.0129445558413863,Organic,organic_sudah_benar,Organic,0.0029,0.0,0.9971,Electronic,0.0882,0.4766,0.4352
O_8180.jpg,Organic,Organic,0.0102986125275492,0.0254877302795648,0.9642136693000792,1.0,0.998,0.0,0.797,full_frame,True,0.1102986125275492,0.8642136693000794,0.0254877181723713,Organic,organic_sudah_benar,Organic,0.0332,0.0004,0.9664,Organic,0.0171,0.0087,0.9742
O_8186.jpg,Organic,Organic,0.0311966463923454,0.0457527041435241,0.923050582408905,0.649,0.985,0.501,0.792,full_frame,False,0.0311966463923454,0.923050582408905,0.0457527041435241,Organic,organic_sudah_benar,Organic,0.1303,0.0005,0.8693,Organic,0.16,0.0499,0.7901
O_8190.jpg,Organic,Organic,0.0444552451372146,0.0480849705636501,0.907459795475006,1.0,0.961,0.535,0.844,full_frame,False,0.0444552451372146,0.907459795475006,0.0480849705636501,Organic,organic_sudah_benar,Recyclable,0.6552,0.0592,0.2856,Organic,0.0254,0.0611,0.9135
O_8192.jpg,Organic,Organic,0.0794862955808639,0.0494879595935344,0.8710256814956665,1.0,1.0,0.0,0.666,full_frame,True,0.1794862955808639,0.7710256814956665,0.0494880229234695,Organic,organic_sudah_benar,Organic,0.0518,0.0005,0.9477,Recyclable,0.4588,0.1611,0.38
O_8199.jpg,Organic,Organic,0.1340754032135009,0.1469509005546569,0.718973696231842,0.043,0.557,0.413,0.27,background_terpisah,False,0.1340754032135009,0.718973696231842,0.1469509005546569,Organic,organic_sudah_benar,Organic,0.1953,0.0288,0.7758,Organic,0.1852,0.3017,0.5131
O_8206.jpg,Organic,Organic,0.0255808681249618,0.0292258579283952,0.9451932311058044,0.945,0.994,0.0,0.778,full_frame,True,0.1255808681249618,0.8451932311058045,0.0292259007692337,Organic,organic_sudah_benar,Organic,0.1249,0.0045,0.8706,Organic,0.1291,0.247,0.624
O_8209.jpg,Organic,Organic,0.025135587900877,0.0205961745232343,0.9542682766914368,1.0,1.0,0.0,0.748,full_frame,True,0.125135587900877,0.8542682766914368,0.0205961354076862,Organic,organic_sudah_benar,Organic,0.0353,0.009,0.9557,Electronic,0.2123,0.4919,0.2958
O_8218.jpg,Organic,Organic,0.0451602041721344,0.0336057171225547,0.921234130859375,1.0,1.0,0.126,0.825,full_frame,True,0.1451602041721344,0.821234130859375,0.0336056649684906,Organic,organic_sudah_benar,Organic,0.0562,0.0031,0.9407,Electronic,0.2723,0.4022,0.3255
O_8219.jpg,Organic,Organic,0.0123425927013158,0.0372344329953193,0.9504229426383972,1.0,1.0,0.0,0.8,full_frame,True,0.1123425927013158,0.8504229426383972,0.0372344646602869,Organic,organic_sudah_benar,Organic,0.0145,0.0164,0.9692,Organic,0.2991,0.3263,0.3746
O_8228.jpg,Organic,Organic,0.0475648753345012,0.0938074737787246,0.8586276173591614,1.0,0.998,0.0,0.8,full_frame,True,0.1475648753345012,0.7586276173591614,0.0938075073063373,Organic,organic_sudah_benar,Organic,0.3261,0.0088,0.6651,Electronic,0.0639,0.6434,0.2927
O_8229.jpg,Organic,Organic,0.0289177298545837,0.0278438255190849,0.9432384371757508,1.0,1.0,0.0,0.8,full_frame,True,0.1289177298545837,0.8432384371757508,0.0278438329696655,Organic,organic_sudah_benar,Organic,0.2951,0.0443,0.6606,Organic,0.3329,0.0497,0.6174
O_823.jpg,Organic,Organic,0.0142657468095421,0.0146675715222954,0.9710666537284852,0.538,0.79,0.472,0.62,perlu_cek_manual,False,0.0142657468095421,0.9710666537284852,0.0146675715222954,Organic,organic_sudah_benar,Organic,0.0053,0.0001,0.9946,Organic,0.0343,0.1586,0.8071
O_8244.jpg,Organic,Organic,0.0125012015923857,0.0238336380571126,0.9636651873588562,1.0,0.946,0.03,0.795,full_frame,True,0.1125012015923857,0.8636651873588562,0.023833611048758,Organic,organic_sudah_benar,Organic,0.0414,0.0086,0.95,Organic,0.0699,0.2895,0.6406
O_8248.jpg,Organic,Organic,0.0600780099630355,0.0368630066514015,0.9030590057373048,1.0,0.806,0.0,0.584,perlu_cek_manual,False,0.0600780099630355,0.9030590057373048,0.0368630066514015,Organic,organic_sudah_benar,Organic,0.2612,0.0032,0.7357,Electronic,0.0618,0.5678,0.3704
O_8249.jpg,Organic,Organic,0.0400103069841861,0.069284975528717,0.8907046914100647,1.0,1.0,0.0,0.798,full_frame,True,0.1400103069841861,0.7907046914100647,0.0692850016057491,Organic,organic_sudah_benar,Organic,0.2352,0.0014,0.7634,Organic,0.0637,0.1634,0.7729
O_8256.jpg,Organic,Organic,0.0582571402192115,0.0378989279270172,0.9038439393043518,0.983,0.997,0.0,0.772,full_frame,True,0.1582571402192115,0.8038439393043518,0.0378989204764366,Organic,organic_sudah_benar,Organic,0.1548,0.0038,0.8414,Organic,0.1694,0.1996,0.631
O_826.jpg,Organic,Organic,0.1897171884775161,0.068882867693901,0.7413999438285828,1.0,0.466,0.264,0.487,perlu_cek_manual,False,0.1897171884775161,0.7413999438285828,0.068882867693901,Organic,organic_sudah_benar,Organic,0.0757,0.0165,0.9077,Electronic,0.1825,0.6892,0.1283
O_8260.jpg,Organic,Organic,0.0465077050030231,0.0263187140226364,0.9271734952926636,1.0,0.99,0.121,0.739,full_frame,True,0.1465077050030231,0.8271734952926636,0.0263187997043132,Organic,organic_sudah_benar,Organic,0.0201,0.0191,0.9609,Organic,0.3259,0.274,0.4
O_8262.jpg,Organic,Organic,0.1039711982011795,0.2106106132268905,0.6854181885719299,1.0,1.0,0.0,0.8,full_frame,True,0.2039711982011795,0.58541818857193,0.2106106132268905,Organic,organic_sudah_benar,Organic,0.4581,0.0268,0.515,Organic,0.1165,0.3229,0.5606
O_8265.jpg,Organic,Organic,0.0684791132807731,0.0543972700834274,0.8771236538887024,1.0,0.44,0.336,0.523,perlu_cek_manual,False,0.0684791132807731,0.8771236538887024,0.0543972700834274,Organic,organic_sudah_benar,Organic,0.0926,0.0009,0.9066,Organic,0.0663,0.4356,0.4981
O_8269.jpg,Organic,Organic,0.0158445443958044,0.0156167754903435,0.968538761138916,1.0,0.97,0.416,0.839,full_frame,False,0.0158445443958044,0.968538761138916,0.0156167754903435,Organic,organic_sudah_benar,Organic,0.0354,0.0047,0.9599,Organic,0.0388,0.2852,0.676
O_8286.jpg,Organic,Organic,0.1467260271310806,0.1527672410011291,0.7005068063735962,0.686,0.414,0.411,0.46,perlu_cek_manual,False,0.1467260271310806,0.7005068063735962,0.1527672410011291,Organic,organic_sudah_benar,Organic,0.2507,0.0086,0.7407,Organic,0.0333,0.0437,0.923
O_8289.jpg,Organic,Organic,0.0452220365405082,0.0389853753149509,0.9157925844192504,0.984,0.997,0.0,0.794,full_frame,True,0.1452220365405082,0.8157925844192505,0.0389853790402412,Organic,organic_sudah_benar,Organic,0.0764,0.0011,0.9225,Organic,0.1494,0.0931,0.7574
O_8292.jpg,Organic,Organic,0.0251284763216972,0.0275925137102603,0.9472789764404296,1.0,0.996,0.0,0.729,full_frame,True,0.1251284763216972,0.8472789764404297,0.027592547237873,Organic,organic_sudah_benar,Organic,0.1368,0.0116,0.8517,Electronic,0.1088,0.6174,0.2738
O_8299.jpg,Organic,Organic,0.007253217510879,0.0214070808142423,0.9713397026062012,1.0,0.967,0.329,0.687,full_frame,True,0.107253217510879,0.8713397026062012,0.0214070798829197,Organic,organic_sudah_benar,Organic,0.025,0.0025,0.9725,Organic,0.0682,0.0709,0.8609
O_8301.jpg,Organic,Organic,0.026689788326621,0.0937131345272064,0.8795971274375916,1.0,1.0,0.0,0.727,full_frame,True,0.126689788326621,0.7795971274375916,0.0937130842357873,Organic,organic_sudah_benar,Organic,0.0258,0.0018,0.9723,Organic,0.1158,0.3124,0.5718
O_8321.jpg,Organic,Organic,0.0449477881193161,0.0198515877127647,0.935200572013855,1.0,1.0,0.0,0.748,full_frame,True,0.1449477881193161,0.835200572013855,0.0198516398668289,Organic,organic_sudah_benar,Organic,0.1267,0.0331,0.8402,Organic,0.1709,0.1672,0.662
O_8327.jpg,Organic,Organic,0.0258196666836738,0.0261847078800201,0.9479955434799194,1.0,1.0,0.0,0.699,full_frame,True,0.1258196666836738,0.8479955434799195,0.0261847898364067,Organic,organic_sudah_benar,Organic,0.0544,0.0021,0.9436,Organic,0.2434,0.2122,0.5444
O_8338.jpg,Organic,Organic,0.0148500120267272,0.0066840602084994,0.978465974330902,1.0,0.999,0.225,0.691,full_frame,True,0.1148500120267272,0.8784659743309021,0.0066840136423707,Organic,organic_sudah_benar,Organic,0.3564,0.0373,0.6063,Organic,0.1758,0.2327,0.5915
O_8345.jpg,Organic,Organic,0.0556941926479339,0.0120622357353568,0.9322435259819032,1.0,1.0,0.0,0.8,full_frame,True,0.1556941926479339,0.8322435259819031,0.0120622813701629,Organic,organic_sudah_benar,Organic,0.1068,0.0145,0.8787,Recyclable,0.5744,0.0548,0.3709
O_8357.jpg,Organic,Organic,0.0291346441954374,0.1559063047170639,0.8149590492248535,1.0,1.0,0.0,0.779,full_frame,True,0.1291346441954374,0.7149590492248535,0.155906306579709,Organic,organic_sudah_benar,Organic,0.111,0.0143,0.8747,Organic,0.195,0.2512,0.5538
O_8371.jpg,Organic,Organic,0.0362623259425163,0.0442832224071025,0.9194544553756714,0.976,0.997,0.0,0.792,full_frame,True,0.1362623259425163,0.8194544553756714,0.0442832186818122,Organic,organic_sudah_benar,Organic,0.1104,0.0171,0.8725,Organic,0.2936,0.1106,0.5957
O_8376.jpg,Organic,Organic,0.022260034456849,0.0369886308908462,0.940751314163208,1.0,1.0,0.0,0.776,full_frame,True,0.1222600344568491,0.840751314163208,0.0369886513799428,Organic,organic_sudah_benar,Organic,0.0577,0.0007,0.9416,Organic,0.0686,0.1301,0.8013
O_8403.jpg,Organic,Organic,0.038807276636362,0.0411174073815345,0.920075297355652,1.0,1.0,0.0,0.8,full_frame,True,0.138807276636362,0.8200752973556519,0.041117426007986,Organic,organic_sudah_benar,Organic,0.1084,0.0179,0.8737,Electronic,0.2368,0.5649,0.1983
O_8409.jpg,Organic,Organic,0.0298328716307878,0.0283199567347764,0.9418471455574036,1.0,1.0,0.001,0.767,full_frame,True,0.1298328716307878,0.8418471455574036,0.0283199828118085,Organic,organic_sudah_benar,Recyclable,0.7369,0.0033,0.2598,Organic,0.0115,0.1689,0.8196
O_8415.jpg,Organic,Organic,0.041357584297657,0.0502047576010227,0.9084376692771912,0.983,1.0,0.0,0.795,full_frame,True,0.141357584297657,0.8084376692771912,0.0502047464251518,Organic,organic_sudah_benar,Organic,0.1416,0.0087,0.8498,Organic,0.1119,0.3285,0.5596
O_843.jpg,Organic,Organic,0.0791017785668373,0.0396770313382148,0.8812212944030762,0.327,0.495,0.435,0.341,background_terpisah,False,0.0791017785668373,0.8812212944030762,0.0396770313382148,Organic,organic_sudah_benar,Organic,0.0226,0.0002,0.9772,Organic,0.0835,0.2774,0.639
O_8434.jpg,Organic,Organic,0.1200280860066413,0.0797376558184623,0.800234317779541,0.956,0.995,0.0,0.768,full_frame,True,0.2200280860066414,0.700234317779541,0.0797375962138176,Organic,organic_sudah_benar,Organic,0.0829,0.0014,0.9157,Organic,0.105,0.178,0.7171
O_8446.jpg,Organic,Organic,0.0203380975872278,0.0250730719417333,0.9545888304710388,1.0,1.0,0.0,0.8,full_frame,True,0.1203380975872278,0.8545888304710388,0.0250730719417333,Organic,organic_sudah_benar,Organic,0.0601,0.007,0.9328,Electronic,0.0783,0.5046,0.4171
O_8453.jpg,Organic,Organic,0.0818810909986496,0.0560483522713184,0.8620705008506775,0.948,0.995,0.327,0.787,full_frame,True,0.1818810909986496,0.7620705008506775,0.0560484081506729,Organic,organic_sudah_benar,Organic,0.138,0.0108,0.8512,Organic,0.1162,0.3938,0.49
O_8455.jpg,Organic,Organic,0.1703554540872573,0.1016853973269462,0.727959156036377,0.974,0.996,0.0,0.787,full_frame,True,0.2703554540872573,0.627959156036377,0.1016853898763656,Organic,organic_sudah_benar,Organic,0.22,0.0036,0.7763,Organic,0.1898,0.2852,0.5251
O_8464.jpg,Organic,Organic,0.0537856146693229,0.0612836964428424,0.8849307298660278,1.0,0.874,0.0,0.714,full_frame,True,0.1537856146693229,0.7849307298660279,0.0612836554646492,Organic,organic_sudah_benar,Organic,0.4551,0.0043,0.5405,Electronic,0.0392,0.6903,0.2705
O_8465.jpg,Organic,Organic,0.0321733132004737,0.1020878478884697,0.8657388687133789,1.0,1.0,0.003,0.678,full_frame,True,0.1321733132004738,0.7657388687133789,0.1020878180861473,Organic,organic_sudah_benar,Organic,0.0167,0.007,0.9763,Organic,0.0381,0.1298,0.8322
O_8471.jpg,Organic,Organic,0.0372101441025733,0.0280073676258325,0.9347825050354004,1.0,1.0,0.0,0.8,full_frame,True,0.1372101441025734,0.8347825050354004,0.0280073508620262,Organic,organic_sudah_benar,Organic,0.0632,0.0037,0.9331,Organic,0.1954,0.3449,0.4596
O_8477.jpg,Organic,Organic,0.0414548851549625,0.0208373721688985,0.937707781791687,1.0,0.924,0.0,0.627,perlu_cek_manual,False,0.0414548851549625,0.937707781791687,0.0208373721688985,Organic,organic_sudah_benar,Organic,0.3057,0.0285,0.6658,Electronic,0.1334,0.7063,0.1603
O_8478.jpg,Organic,Organic,0.0216006208211183,0.0116304708644747,0.9667688608169556,1.0,1.0,0.002,0.8,full_frame,True,0.1216006208211183,0.8667688608169556,0.011630518361926,Organic,organic_sudah_benar,Organic,0.1077,0.0174,0.8749,Organic,0.0957,0.2419,0.6624
O_8481.jpg,Organic,Organic,0.008247010409832,0.0126726515591144,0.9790803790092468,1.0,1.0,0.0,0.8,full_frame,True,0.108247010409832,0.8790803790092468,0.0126726105809211,Organic,organic_sudah_benar,Organic,0.0413,0.0039,0.9548,Organic,0.1207,0.3172,0.562
O_8483.jpg,Organic,Organic,0.0431993678212165,0.0527995787560939,0.9040010571479796,0.988,0.992,0.0,0.702,full_frame,True,0.1431993678212166,0.8040010571479798,0.0527995750308036,Organic,organic_sudah_benar,Organic,0.0973,0.0019,0.9007,Organic,0.092,0.4207,0.4873
O_8493.jpg,Organic,Organic,0.097477987408638,0.0676672607660293,0.8348547220230103,1.0,1.0,0.461,0.892,full_frame,False,0.097477987408638,0.8348547220230103,0.0676672607660293,Organic,organic_sudah_benar,Recyclable,0.5164,0.0358,0.4478,Organic,0.0804,0.2783,0.6413
O_8494.jpg,Organic,Organic,0.0250692963600158,0.0370502397418022,0.937880516052246,0.966,1.0,0.451,0.88,full_frame,False,0.0250692963600158,0.937880516052246,0.0370502397418022,Organic,organic_sudah_benar,Organic,0.0365,0.0007,0.9629,Organic,0.2811,0.0787,0.6402
O_8501.jpg,Organic,Organic,0.0203088857233524,0.0935524553060531,0.8861386179924011,1.0,0.87,0.161,0.716,full_frame,True,0.1203088857233524,0.7861386179924011,0.0935524962842464,Organic,organic_sudah_benar,Organic,0.0732,0.1061,0.8207,Electronic,0.2557,0.549,0.1953
O_8502.jpg,Organic,Organic,0.02026935108006,0.0343212112784385,0.94540935754776,1.0,1.0,0.0,0.768,full_frame,True,0.12026935108006,0.84540935754776,0.0343212913721799,Organic,organic_sudah_benar,Organic,0.1278,0.0184,0.8538,Organic,0.1139,0.2775,0.6087
O_8507.jpg,Organic,Organic,0.0295287519693374,0.0355341508984565,0.934937059879303,1.0,0.972,0.0,0.784,full_frame,True,0.1295287519693374,0.834937059879303,0.0355341881513595,Organic,organic_sudah_benar,Organic,0.0846,0.0327,0.8827,Organic,0.0744,0.3141,0.6116
O_8512.jpg,Organic,Organic,0.0424586907029151,0.0898830145597457,0.8676583170890808,1.0,1.0,0.0,0.717,full_frame,True,0.1424586907029152,0.7676583170890808,0.089882992208004,Organic,organic_sudah_benar,Organic,0.1259,0.0027,0.8714,Organic,0.0805,0.4409,0.4785
O_8513.jpg,Organic,Organic,0.0222529787570238,0.0258332137018442,0.9519137740135192,1.0,0.946,0.0,0.624,perlu_cek_manual,False,0.0222529787570238,0.9519137740135192,0.0258332137018442,Organic,organic_sudah_benar,Organic,0.0178,0.0039,0.9784,Organic,0.207,0.241,0.552
O_8514.jpg,Organic,Organic,0.0477223843336105,0.0093931769952178,0.9428844451904296,1.0,0.945,0.417,0.872,full_frame,False,0.0477223843336105,0.9428844451904296,0.0093931769952178,Organic,organic_sudah_benar,Organic,0.0759,0.0037,0.9204,Electronic,0.1908,0.4345,0.3747
O_8517.jpg,Organic,Organic,0.0054349838756024,0.014230839908123,0.9803341031074524,1.0,0.986,0.0,0.797,full_frame,True,0.1054349838756024,0.8803341031074524,0.0142309130169451,Organic,organic_sudah_benar,Organic,0.0643,0.0051,0.9306,Organic,0.1446,0.3515,0.5039
O_8518.jpg,Organic,Organic,0.1283343136310577,0.126997023820877,0.7446686029434204,1.0,1.0,0.001,0.784,full_frame,True,0.2283343136310577,0.6446686029434204,0.1269970834255218,Organic,organic_sudah_benar,Organic,0.365,0.0254,0.6096,Electronic,0.0308,0.7851,0.1841
O_852.jpg,Organic,Organic,0.0446083657443523,0.0222713071852922,0.9331203103065492,0.781,0.993,0.425,0.761,full_frame,False,0.0446083657443523,0.9331203103065492,0.0222713071852922,Organic,organic_sudah_benar,Organic,0.0108,0.0025,0.9867,Recyclable,0.4737,0.3108,0.2155
O_8521.jpg,Organic,Organic,0.0328799374401569,0.0688434690237045,0.8982765674591064,1.0,1.0,0.001,0.694,full_frame,True,0.1328799374401569,0.7982765674591065,0.0688434951007366,Organic,organic_sudah_benar,Organic,0.2244,0.0024,0.7731,Electronic,0.1088,0.5122,0.379
O_8527.jpg,Organic,Organic,0.0233615431934595,0.0232979338616132,0.9533405303955078,1.0,1.0,0.0,0.8,full_frame,True,0.1233615431934595,0.8533405303955078,0.0232979264110326,Organic,organic_sudah_benar,Organic,0.028,0.0091,0.9629,Organic,0.226,0.3481,0.4258
O_8533.jpg,Organic,Organic,0.0222570914775133,0.0436443351209163,0.9340986013412476,1.0,0.888,0.001,0.689,full_frame,True,0.1222570914775133,0.8340986013412476,0.0436443071812391,Organic,organic_sudah_benar,Organic,0.3288,0.0367,0.6346,Electronic,0.0382,0.7212,0.2406
O_8539.jpg,Organic,Organic,0.1038930118083953,0.0306356474757194,0.865471363067627,1.0,0.997,0.0,0.791,full_frame,True,0.2038930118083954,0.765471363067627,0.0306356251239776,Organic,organic_sudah_benar,Organic,0.1594,0.0041,0.8364,Organic,0.1466,0.1207,0.7327
O_8543.jpg,Organic,Organic,0.0165103636682033,0.0118146315217018,0.9716750979423524,1.0,1.0,0.0,0.8,full_frame,True,0.1165103636682033,0.8716750979423523,0.0118145383894443,Organic,organic_sudah_benar,Organic,0.0652,0.0023,0.9324,Organic,0.0938,0.2188,0.6873
O_8559.jpg,Organic,Organic,0.0393411107361316,0.0428280308842659,0.9178308844566344,0.911,0.984,0.073,0.717,full_frame,True,0.1393411107361316,0.8178308844566345,0.0428280048072338,Organic,organic_sudah_benar,Organic,0.1134,0.0017,0.8849,Electronic,0.0887,0.6526,0.2588
O_8561.jpg,Organic,Organic,0.0912141054868698,0.0220005251467227,0.8867854475975037,1.0,1.0,0.423,0.814,full_frame,False,0.0912141054868698,0.8867854475975037,0.0220005251467227,Organic,organic_sudah_benar,Organic,0.2224,0.0074,0.7703,Electronic,0.209,0.515,0.276
O_8573.jpg,Organic,Organic,0.0216450095176696,0.0199426040053367,0.9584124088287354,1.0,0.998,0.0,0.796,full_frame,True,0.1216450095176696,0.8584124088287354,0.0199425816535949,Organic,organic_sudah_benar,Recyclable,0.5579,0.037,0.4052,Organic,0.1307,0.0195,0.8498
O_8576.jpg,Organic,Organic,0.0408614389598369,0.0256305914372205,0.9335079789161682,1.0,1.0,0.0,0.744,full_frame,True,0.1408614389598369,0.8335079789161682,0.0256305821239948,Organic,organic_sudah_benar,Organic,0.1181,0.0155,0.8664,Recyclable,0.6556,0.0087,0.3357
O_8579.jpg,Organic,Organic,0.0523457080125808,0.0178763344883918,0.9297779202461244,1.0,1.0,0.0,0.8,full_frame,True,0.1523457080125808,0.8297779202461243,0.0178763717412948,Organic,organic_sudah_benar,Organic,0.0851,0.0007,0.9142,Organic,0.0237,0.1644,0.8119
O_8588.jpg,Organic,Organic,0.0061385226435959,0.0123575739562511,0.981503963470459,0.912,0.992,0.0,0.769,full_frame,True,0.1061385226435959,0.881503963470459,0.012357513885945,Organic,organic_sudah_benar,Recyclable,0.9439,0.0285,0.0276,Recyclable,0.6362,0.0632,0.3006
O_8615.jpg,Organic,Organic,0.0104905618354678,0.0253942310810089,0.9641151428222656,1.0,1.0,0.0,0.8,full_frame,True,0.1104905618354678,0.8641151428222656,0.0253942953422665,Organic,organic_sudah_benar,Recyclable,0.6762,0.0548,0.269,Recyclable,0.66,0.084,0.2559
O_8617.jpg,Organic,Organic,0.0337470509111881,0.0092841889709234,0.9569688439369202,1.0,1.0,0.0,0.79,full_frame,True,0.1337470509111881,0.8569688439369202,0.0092841051518917,Organic,organic_sudah_benar,Recyclable,0.8195,0.0208,0.1597,Recyclable,0.6527,0.0577,0.2896
O_8619.jpg,Organic,Organic,0.0296909213066101,0.0069878553040325,0.9633212089538574,0.94,0.996,0.0,0.723,full_frame,True,0.1296909213066101,0.8633212089538574,0.0069878697395324,Organic,organic_sudah_benar,Recyclable,0.7495,0.0019,0.2486,Organic,0.0956,0.052,0.8524
O_862.jpg,Organic,Organic,0.0671924352645874,0.0097475228831171,0.9230599999427797,1.0,1.0,0.253,0.851,full_frame,True,0.1671924352645874,0.8230599999427796,0.009747564792633,Organic,organic_sudah_benar,Organic,0.2205,0.0006,0.7789,Organic,0.0625,0.1987,0.7389
O_8622.jpg,Organic,Organic,0.0067236549220979,0.0100761326029896,0.983200192451477,1.0,1.0,0.0,0.8,full_frame,True,0.1067236549220979,0.8832001924514771,0.010076152626425,Organic,organic_sudah_benar,Organic,0.0062,0.0001,0.9937,Organic,0.0084,0.0439,0.9476
O_8623.jpg,Organic,Organic,0.0722774565219879,0.0576354153454303,0.8700870871543884,1.0,1.0,0.48,0.896,full_frame,False,0.0722774565219879,0.8700870871543884,0.0576354153454303,Organic,organic_sudah_benar,Organic,0.109,0.0725,0.8185,Organic,0.0614,0.198,0.7406
O_8625.jpg,Organic,Organic,0.0303700249642133,0.0241171140223741,0.9455129504203796,1.0,1.0,0.342,0.803,full_frame,True,0.1303700249642133,0.8455129504203797,0.0241170246154069,Organic,organic_sudah_benar,Recyclable,0.6856,0.0021,0.3123,Organic,0.0464,0.0412,0.9125
O_8640.jpg,Organic,Organic,0.0989896580576896,0.0718332529067993,0.8291770815849304,1.0,1.0,0.721,0.644,perlu_cek_manual,False,0.0989896580576896,0.8291770815849304,0.0718332529067993,Organic,organic_sudah_benar,Recyclable,0.4755,0.131,0.3935,Organic,0.3589,0.1722,0.4689
O_8653.jpg,Organic,Organic,0.3033835589885711,0.0515279024839401,0.6450885534286499,1.0,0.957,0.342,0.728,full_frame,True,0.4033835589885711,0.5450885534286499,0.0515278875827789,Organic,organic_sudah_benar,Organic,0.2728,0.0052,0.722,Organic,0.0454,0.021,0.9336
O_8658.jpg,Organic,Organic,0.0992242991924285,0.0866040512919426,0.8141716718673706,0.908,0.992,0.005,0.772,full_frame,True,0.1992242991924286,0.7141716718673706,0.0866040289402008,Organic,organic_sudah_benar,Recyclable,0.6726,0.1952,0.1323,Organic,0.1055,0.147,0.7475
O_8660.jpg,Organic,Organic,0.0355430357158184,0.0327888242900371,0.9316681623458862,0.847,0.985,0.0,0.675,full_frame,True,0.1355430357158184,0.8316681623458863,0.0327888019382953,Organic,organic_sudah_benar,Organic,0.0215,0.0016,0.9769,Organic,0.0727,0.2772,0.6501
O_8666.jpg,Organic,Organic,0.0134569909423589,0.0083791082724928,0.9781639575958252,1.0,0.967,0.146,0.746,full_frame,True,0.1134569909423589,0.8781639575958252,0.0083790514618158,Organic,organic_sudah_benar,Organic,0.0202,0.0022,0.9776,Electronic,0.3033,0.4239,0.2727
O_8668.jpg,Organic,Organic,0.0624396093189716,0.0104899071156978,0.9270704388618468,1.0,0.995,0.0,0.789,full_frame,True,0.1624396093189716,0.827070438861847,0.0104899518191814,Organic,organic_sudah_benar,Organic,0.1565,0.1141,0.7294,Organic,0.2071,0.166,0.6269
O_8674.jpg,Organic,Organic,0.0437795892357826,0.0654586032032966,0.8907618522644043,0.127,0.608,0.752,0.31,background_terpisah,False,0.0437795892357826,0.8907618522644043,0.0654586032032966,Organic,organic_sudah_benar,Recyclable,0.8093,0.1203,0.0704,Recyclable,0.4878,0.0318,0.4804
O_8689.jpg,Organic,Organic,0.32731893658638,0.0213683731853961,0.6513126492500305,1.0,0.754,0.562,0.723,full_frame,False,0.32731893658638,0.6513126492500305,0.0213683731853961,Organic,organic_sudah_benar,Organic,0.1066,0.0012,0.8922,Organic,0.2496,0.2784,0.472
O_8694.jpg,Organic,Organic,0.014301523566246,0.0491285659372806,0.93656986951828,1.0,0.916,0.335,0.716,full_frame,True,0.114301523566246,0.83656986951828,0.0491286069154739,Organic,organic_sudah_benar,Organic,0.0105,0.001,0.9886,Organic,0.0805,0.4553,0.4642
O_8707.jpg,Organic,Organic,0.3932558596134186,0.0479633137583732,0.5587807893753052,0.406,0.937,0.302,0.44,perlu_cek_manual,False,0.3932558596134186,0.5587807893753052,0.0479633137583732,Organic,organic_sudah_benar,Organic,0.2186,0.0032,0.7782,Organic,0.14,0.2783,0.5817
O_8710.jpg,Organic,Organic,0.3637613952159881,0.0540319457650184,0.582206666469574,0.789,0.979,0.329,0.615,perlu_cek_manual,False,0.3637613952159881,0.582206666469574,0.0540319457650184,Organic,organic_sudah_benar,Recyclable,0.7609,0.0176,0.2215,Recyclable,0.4648,0.158,0.3772
O_8715.jpg,Organic,Organic,0.0943326130509376,0.0590719357132911,0.8465954661369324,1.0,0.834,0.533,0.793,full_frame,False,0.0943326130509376,0.8465954661369324,0.0590719357132911,Organic,organic_sudah_benar,Organic,0.273,0.0217,0.7053,Electronic,0.2575,0.3765,0.366
O_8716.jpg,Organic,Organic,0.01339016482234,0.0104812029749155,0.9761285781860352,1.0,0.988,0.003,0.749,full_frame,True,0.11339016482234,0.8761285781860352,0.0104812569916248,Organic,organic_sudah_benar,Organic,0.0085,0.0005,0.9909,Organic,0.0594,0.2899,0.6507
O_8717.jpg,Organic,Organic,0.2209765166044235,0.0789741650223732,0.7000492811203003,0.334,0.911,0.303,0.389,perlu_cek_manual,False,0.2209765166044235,0.7000492811203003,0.0789741650223732,Organic,organic_sudah_benar,Organic,0.3911,0.0043,0.6046,Organic,0.0891,0.2381,0.6728
O_8718.jpg,Organic,Organic,0.3368427753448486,0.0475002378225326,0.6156569719314575,0.162,0.185,0.462,0.205,background_terpisah,False,0.3368427753448486,0.6156569719314575,0.0475002378225326,Organic,organic_sudah_benar,Recyclable,0.6912,0.0011,0.3077,Organic,0.2568,0.2224,0.5208
O_8723.jpg,Organic,Organic,0.0175872463732957,0.0136254616081714,0.9687873125076294,1.0,1.0,0.4,0.844,full_frame,False,0.0175872463732957,0.9687873125076294,0.0136254616081714,Organic,organic_sudah_benar,Organic,0.0226,0.0284,0.9489,Organic,0.0429,0.3674,0.5897
O_8736.jpg,Organic,Organic,0.1788699030876159,0.0477740876376628,0.7733559012413025,0.992,1.0,0.0,0.798,full_frame,True,0.2788699030876159,0.6733559012413025,0.0477741956710815,Organic,organic_sudah_benar,Electronic,0.0235,0.6865,0.29,Electronic,0.1041,0.8342,0.0617
O_8737.jpg,Organic,Organic,0.0192927308380603,0.0241697337478399,0.9565374851226808,0.827,0.979,0.001,0.628,perlu_cek_manual,False,0.0192927308380603,0.9565374851226808,0.0241697337478399,Organic,organic_sudah_benar,Organic,0.0191,0.0004,0.9805,Organic,0.1271,0.2281,0.6448
O_8738.jpg,Organic,Organic,0.0274256486445665,0.0521525777876377,0.9204217791557312,1.0,0.88,0.395,0.555,perlu_cek_manual,False,0.0274256486445665,0.9204217791557312,0.0521525777876377,Organic,organic_sudah_benar,Organic,0.0751,0.0135,0.9114,Organic,0.043,0.3385,0.6185
O_8740.jpg,Organic,Organic,0.0888311490416526,0.0204255823045969,0.8907431960105896,1.0,0.532,0.574,0.603,perlu_cek_manual,False,0.0888311490416526,0.8907431960105896,0.0204255823045969,Organic,organic_sudah_benar,Recyclable,0.9372,0.0007,0.0621,Organic,0.1828,0.0626,0.7545
O_8743.jpg,Organic,Organic,0.4060741662979126,0.0478928908705711,0.5460329651832581,1.0,1.0,0.529,0.669,full_frame,False,0.4060741662979126,0.5460329651832581,0.0478928908705711,Organic,organic_sudah_benar,Recyclable,0.6812,0.0988,0.2199,Organic,0.1025,0.1209,0.7766
O_8749.jpg,Organic,Organic,0.0256054494529962,0.0535803362727165,0.9208142757415771,0.763,0.966,0.014,0.572,perlu_cek_manual,False,0.0256054494529962,0.9208142757415771,0.0535803362727165,Organic,organic_sudah_benar,Electronic,0.4364,0.5194,0.0442,Organic,0.0336,0.0783,0.8881
O_8751.jpg,Organic,Organic,0.2131519168615341,0.0177070647478103,0.7691410779953003,0.592,0.957,0.403,0.655,full_frame,False,0.2131519168615341,0.7691410779953003,0.0177070647478103,Organic,organic_sudah_benar,Recyclable,0.5275,0.0185,0.454,Organic,0.4036,0.1262,0.4702
O_8764.jpg,Organic,Organic,0.0203921161592006,0.0303946547210216,0.949213206768036,0.996,1.0,0.0,0.794,full_frame,True,0.1203921161592006,0.8492132067680359,0.0303946770727634,Organic,organic_sudah_benar,Organic,0.086,0.001,0.913,Organic,0.0874,0.0163,0.8962
O_8768.jpg,Organic,Organic,0.385376513004303,0.0400364473462104,0.5745870471000671,1.0,1.0,0.0,0.757,full_frame,True,0.4853765130043029,0.4745870471000671,0.0400364398956298,Recyclable,organic_sudah_benar,Recyclable,0.5357,0.0043,0.46,Organic,0.1594,0.1279,0.7127
O_8773.jpg,Organic,Organic,0.0672703012824058,0.0905764997005462,0.8421531915664673,1.0,1.0,0.0,0.77,full_frame,True,0.1672703012824058,0.7421531915664673,0.0905765071511268,Organic,organic_sudah_benar,Organic,0.0532,0.0107,0.9362,Recyclable,0.4222,0.2185,0.3593
O_8790.jpg,Organic,Organic,0.2561251819133758,0.0111250402405858,0.7327497601509094,0.896,0.964,0.441,0.821,full_frame,False,0.2561251819133758,0.7327497601509094,0.0111250402405858,Organic,organic_sudah_benar,Organic,0.1595,0.0763,0.7643,Organic,0.0283,0.035,0.9367
O_8795.jpg,Organic,Organic,0.0700089111924171,0.079212799668312,0.850778341293335,1.0,1.0,0.0,0.8,full_frame,True,0.1700089111924171,0.750778341293335,0.0792127475142479,Organic,organic_sudah_benar,Organic,0.3637,0.0044,0.6319,Organic,0.0086,0.0027,0.9887
O_8796.jpg,Organic,Organic,0.0884705409407615,0.0221925694495439,0.889336884021759,1.0,1.0,0.0,0.799,full_frame,True,0.1884705409407615,0.789336884021759,0.0221925750374794,Organic,organic_sudah_benar,Organic,0.2352,0.0072,0.7575,Organic,0.0773,0.3627,0.56
O_880.jpg,Organic,Organic,0.0364383831620216,0.077604703605175,0.8859568238258362,0.874,1.0,0.0,0.74,full_frame,True,0.1364383831620216,0.7859568238258362,0.0776047930121421,Organic,organic_sudah_benar,Organic,0.0036,0.0003,0.9961,Organic,0.0402,0.1277,0.8321
O_8811.jpg,Organic,Organic,0.0569195710122585,0.0532583780586719,0.8898220658302307,1.0,1.0,0.027,0.631,perlu_cek_manual,False,0.0569195710122585,0.8898220658302307,0.0532583780586719,Organic,organic_sudah_benar,Recyclable,0.4951,0.0126,0.4923,Organic,0.1532,0.0933,0.7535
O_8813.jpg,Organic,Organic,0.1638003587722778,0.0283943302929401,0.8078053593635559,1.0,1.0,0.003,0.801,full_frame,True,0.2638003587722778,0.7078053593635559,0.0283942818641662,Organic,organic_sudah_benar,Organic,0.1339,0.1222,0.7439,Organic,0.1792,0.293,0.5278
O_8814.jpg,Organic,Organic,0.1950064003467559,0.0413228347897529,0.7636707425117493,0.994,0.566,0.555,0.553,perlu_cek_manual,False,0.1950064003467559,0.7636707425117493,0.0413228347897529,Organic,organic_sudah_benar,Recyclable,0.9768,0.0011,0.0221,Organic,0.086,0.0186,0.8954
O_8816.jpg,Organic,Organic,0.0501261055469512,0.0340199880301952,0.9158539175987244,0.813,0.989,0.493,0.729,full_frame,False,0.0501261055469512,0.9158539175987244,0.0340199880301952,Organic,organic_sudah_benar,Organic,0.0025,0.0005,0.997,Electronic,0.3235,0.5664,0.1101
O_8819.jpg,Organic,Organic,0.0595208927989006,0.0394988618791103,0.9009803533554076,1.0,0.84,0.073,0.665,full_frame,True,0.1595208927989006,0.8009803533554077,0.0394987538456916,Organic,organic_sudah_benar,Recyclable,0.5004,0.0547,0.4449,Organic,0.3417,0.1511,0.5071
O_8820.jpg,Organic,Organic,0.1924751251935959,0.0717683210968971,0.735756516456604,1.0,1.0,0.0,0.8,full_frame,True,0.2924751251935958,0.635756516456604,0.0717683583498001,Organic,organic_sudah_benar,Electronic,0.1268,0.577,0.2963,Organic,0.1055,0.0772,0.8173
O_8836.jpg,Organic,Organic,0.403214693069458,0.1317665576934814,0.4650188088417053,0.22,0.432,0.123,0.177,background_terpisah,False,0.403214693069458,0.4650188088417053,0.1317665576934814,Organic,organic_sudah_benar,Organic,0.4623,0.0394,0.4983,Electronic,0.1649,0.5248,0.3103
O_8841.jpg,Organic,Organic,0.0713073387742042,0.0279507376253604,0.9007419347763062,1.0,0.458,0.439,0.548,perlu_cek_manual,False,0.0713073387742042,0.9007419347763062,0.0279507376253604,Organic,organic_sudah_benar,Recyclable,0.9476,0.0138,0.0386,Organic,0.1728,0.4078,0.4194
O_8845.jpg,Organic,Organic,0.022268109023571,0.0111100832000374,0.9666218161582948,1.0,1.0,0.0,0.796,full_frame,True,0.122268109023571,0.8666218161582947,0.0111100748181343,Organic,organic_sudah_benar,Recyclable,0.7813,0.0227,0.196,Organic,0.3442,0.0051,0.6506
O_8853.jpg,Organic,Organic,0.055929560214281,0.0157603193074464,0.9283100366592408,0.0,0.024,0.555,0.116,background_terpisah,False,0.055929560214281,0.9283100366592408,0.0157603193074464,Organic,organic_sudah_benar,Recyclable,0.6298,0.01,0.3602,Organic,0.2901,0.1732,0.5367
O_8855.jpg,Organic,Organic,0.0415600761771202,0.0702030137181282,0.888236939907074,0.979,0.998,0.016,0.768,full_frame,True,0.1415600761771202,0.788236939907074,0.0702029839158058,Organic,organic_sudah_benar,Recyclable,0.5425,0.1303,0.3272,Organic,0.0515,0.1199,0.8285
O_8856.jpg,Organic,Organic,0.0348255261778831,0.0501619130373001,0.915012538433075,0.804,0.98,0.017,0.68,full_frame,True,0.1348255261778831,0.815012538433075,0.0501619353890419,Organic,organic_sudah_benar,Organic,0.1015,0.0218,0.8767,Organic,0.0108,0.083,0.9062
O_8857.jpg,Organic,Organic,0.0285120662301778,0.0587851107120513,0.9127028584480286,1.0,1.0,0.079,0.801,full_frame,True,0.1285120662301778,0.8127028584480286,0.0587850753217935,Organic,organic_sudah_benar,Organic,0.2851,0.0309,0.6839,Organic,0.2966,0.0158,0.6876
O_8868.jpg,Organic,Organic,0.0150897055864334,0.0150032145902514,0.9699071049690248,1.0,0.875,0.421,0.859,full_frame,False,0.0150897055864334,0.9699071049690248,0.0150032145902514,Organic,organic_sudah_benar,Recyclable,0.9429,0.0048,0.0523,Organic,0.2637,0.1858,0.5505
O_8874.jpg,Organic,Organic,0.4257248342037201,0.0867615714669227,0.4875135719776153,0.0,0.263,0.374,0.128,background_terpisah,False,0.4257248342037201,0.4875135719776153,0.0867615714669227,Organic,organic_sudah_benar,Recyclable,0.9773,0.0001,0.0226,Electronic,0.2169,0.4751,0.308
O_888.jpg,Organic,Organic,0.0489087887108325,0.0496891401708126,0.9014020562171936,0.893,0.984,0.177,0.8,full_frame,True,0.1489087887108326,0.8014020562171936,0.0496891550719738,Organic,organic_sudah_benar,Organic,0.0055,0.0001,0.9945,Organic,0.0188,0.2087,0.7724
O_8890.jpg,Organic,Organic,0.0271365642547607,0.029684567824006,0.9431788325309752,1.0,1.0,0.352,0.767,full_frame,False,0.0271365642547607,0.9431788325309752,0.029684567824006,Organic,organic_sudah_benar,Organic,0.001,0.0002,0.9988,Recyclable,0.5197,0.3574,0.1229
O_8891.jpg,Organic,Organic,0.0954073145985603,0.035746119916439,0.868846595287323,0.411,0.926,0.382,0.662,full_frame,False,0.0954073145985603,0.868846595287323,0.035746119916439,Organic,organic_sudah_benar,Recyclable,0.7412,0.0021,0.2567,Recyclable,0.7987,0.0906,0.1106
O_8897.jpg,Organic,Organic,0.0439562834799289,0.054704450070858,0.9013392925262452,1.0,1.0,0.0,0.742,full_frame,True,0.1439562834799289,0.8013392925262451,0.0547044239938259,Organic,organic_sudah_benar,Recyclable,0.525,0.0218,0.4532,Recyclable,0.597,0.0236,0.3794
O_891.jpg,Organic,Organic,0.0170469358563423,0.0192424450069665,0.9637105464935304,0.426,0.928,0.338,0.487,perlu_cek_manual,False,0.0170469358563423,0.9637105464935304,0.0192424450069665,Organic,organic_sudah_benar,Organic,0.004,0.0,0.996,Organic,0.0448,0.1489,0.8063
O_8910.jpg,Organic,Organic,0.4339357316493988,0.06404909491539,0.5020151734352112,1.0,0.607,0.6,0.663,full_frame,False,0.4339357316493988,0.5020151734352112,0.06404909491539,Organic,organic_sudah_benar,Organic,0.3386,0.1545,0.5069,Organic,0.1721,0.105,0.7229
O_8942.jpg,Organic,Organic,0.0183870755136013,0.0395668484270572,0.942046046257019,0.285,0.26,0.483,0.304,background_terpisah,False,0.0183870755136013,0.942046046257019,0.0395668484270572,Organic,organic_sudah_benar,Organic,0.0104,0.0014,0.9882,Organic,0.0967,0.1142,0.7891
O_8951.jpg,Organic,Organic,0.1816740334033966,0.0176381599158048,0.8006877899169922,1.0,1.0,0.329,0.836,full_frame,True,0.2816740334033966,0.7006877899169922,0.0176381766796112,Organic,organic_sudah_benar,Organic,0.0672,0.0016,0.9312,Organic,0.0053,0.0128,0.9819
O_8959.jpg,Organic,Organic,0.2294869869947433,0.1377884447574615,0.6327246427536011,0.088,0.41,0.363,0.241,background_terpisah,False,0.2294869869947433,0.6327246427536011,0.1377884447574615,Organic,organic_sudah_benar,Organic,0.0399,0.001,0.9591,Organic,0.0886,0.082,0.8295
O_8962.jpg,Organic,Organic,0.0471581518650054,0.1284148842096328,0.8244270086288452,0.126,0.145,0.209,0.13,background_terpisah,False,0.0471581518650054,0.8244270086288452,0.1284148842096328,Organic,organic_sudah_benar,Recyclable,0.5638,0.041,0.3953,Organic,0.1895,0.1901,0.6204
O_8974.jpg,Organic,Organic,0.1103988513350486,0.0486323125660419,0.8409688472747803,0.082,0.863,0.38,0.273,background_terpisah,False,0.1103988513350486,0.8409688472747803,0.0486323125660419,Organic,organic_sudah_benar,Organic,0.264,0.0553,0.6807,Organic,0.0561,0.0251,0.9188
O_8987.jpg,Organic,Organic,0.0384417325258255,0.0638653188943862,0.8976929187774658,0.198,0.323,0.295,0.266,background_terpisah,False,0.0384417325258255,0.8976929187774658,0.0638653188943862,Organic,organic_sudah_benar,Organic,0.0783,0.0078,0.9139,Organic,0.0341,0.0528,0.9131
O_8993.jpg,Organic,Organic,0.0728938356041908,0.0343187525868415,0.8927873969078064,0.35,0.898,0.298,0.513,perlu_cek_manual,False,0.0728938356041908,0.8927873969078064,0.0343187525868415,Organic,organic_sudah_benar,Electronic,0.0655,0.9166,0.0179,Organic,0.3063,0.1411,0.5527
O_9000.jpg,Organic,Organic,0.0289862807840108,0.0171592012047767,0.9538545608520508,1.0,0.975,0.171,0.741,full_frame,True,0.1289862807840109,0.8538545608520508,0.0171591583639383,Organic,organic_sudah_benar,Organic,0.0193,0.0037,0.977,Organic,0.1173,0.2658,0.6169
O_9008.jpg,Organic,Organic,0.0269159842282533,0.0364409759640693,0.9366429448127748,0.761,0.552,0.614,0.594,perlu_cek_manual,False,0.0269159842282533,0.9366429448127748,0.0364409759640693,Organic,organic_sudah_benar,Organic,0.0057,0.0002,0.994,Organic,0.0323,0.0423,0.9254
O_9024.jpg,Organic,Organic,0.0239549577236175,0.0544269382953643,0.9216181635856628,0.341,0.368,0.373,0.33,background_terpisah,False,0.0239549577236175,0.9216181635856628,0.0544269382953643,Organic,organic_sudah_benar,Organic,0.1422,0.0104,0.8474,Organic,0.0724,0.1155,0.812
O_9028.jpg,Organic,Organic,0.1550091803073883,0.0053896596655249,0.8396011590957642,1.0,0.676,0.796,0.895,full_frame,False,0.1550091803073883,0.8396011590957642,0.0053896596655249,Organic,organic_sudah_benar,Organic,0.3493,0.0325,0.6182,Organic,0.045,0.4476,0.5074
O_9039.jpg,Organic,Organic,0.0367710255086422,0.0343416221439838,0.9288873672485352,1.0,1.0,0.013,0.732,full_frame,True,0.1367710255086422,0.8288873672485352,0.0343416072428226,Organic,organic_sudah_benar,Recyclable,0.4523,0.1741,0.3737,Organic,0.0197,0.0111,0.9692
O_9049.jpg,Organic,Organic,0.0652112439274787,0.065821461379528,0.8689672946929932,0.062,0.305,0.228,0.175,background_terpisah,False,0.0652112439274787,0.8689672946929932,0.065821461379528,Organic,organic_sudah_benar,Organic,0.0274,0.0061,0.9665,Organic,0.0066,0.0716,0.9218
O_9050.jpg,Organic,Organic,0.1336193829774856,0.0260763112455606,0.8403043746948242,0.929,0.961,0.006,0.746,full_frame,True,0.2336193829774856,0.7403043746948242,0.0260762423276901,Organic,organic_sudah_benar,Organic,0.0465,0.035,0.9185,Organic,0.1599,0.0962,0.7439
O_9059.jpg,Organic,Organic,0.1039819419384002,0.0303856562823057,0.8656324148178101,0.21,0.293,0.578,0.277,background_terpisah,False,0.1039819419384002,0.8656324148178101,0.0303856562823057,Organic,organic_sudah_benar,Organic,0.3106,0.044,0.6453,Organic,0.0508,0.2934,0.6557
O_906.jpg,Organic,Organic,0.0409687161445617,0.0158759430050849,0.9431552886962892,0.575,1.0,0.363,0.745,full_frame,False,0.0409687161445617,0.9431552886962892,0.0158759430050849,Organic,organic_sudah_benar,Organic,0.0047,0.0001,0.9951,Electronic,0.2039,0.5755,0.2206
O_9061.jpg,Organic,Organic,0.0503451526165008,0.0869351923465728,0.8627196550369263,1.0,0.929,0.155,0.673,full_frame,True,0.1503451526165008,0.7627196550369263,0.0869351923465728,Organic,organic_sudah_benar,Organic,0.1614,0.1219,0.7167,Organic,0.1329,0.0436,0.8235
O_9063.jpg,Organic,Organic,0.0710437074303627,0.0699492618441581,0.8590071201324463,0.255,0.613,0.273,0.319,background_terpisah,False,0.0710437074303627,0.8590071201324463,0.0699492618441581,Organic,organic_sudah_benar,Recyclable,0.5689,0.0007,0.4304,Organic,0.0288,0.1471,0.8242
O_9072.jpg,Organic,Organic,0.0654443129897117,0.0289933551102876,0.9055623412132264,1.0,0.868,0.0,0.692,full_frame,True,0.1654443129897117,0.8055623412132263,0.0289933457970619,Organic,organic_sudah_benar,Recyclable,0.6059,0.1116,0.2826,Organic,0.0121,0.0233,0.9646
O_911.jpg,Organic,Organic,0.0435586720705032,0.0327561795711517,0.9236851334571838,0.797,0.962,0.485,0.829,full_frame,False,0.0435586720705032,0.9236851334571838,0.0327561795711517,Organic,organic_sudah_benar,Organic,0.0269,0.0001,0.973,Organic,0.0383,0.2693,0.6924
O_9111.jpg,Organic,Organic,0.0844262242317199,0.0858962014317512,0.8296775817871094,0.304,0.262,0.518,0.427,perlu_cek_manual,False,0.0844262242317199,0.8296775817871094,0.0858962014317512,Organic,organic_sudah_benar,Organic,0.0531,0.0004,0.9465,Organic,0.0464,0.1201,0.8336
O_9130.jpg,Organic,Organic,0.0377052910625934,0.034677255898714,0.927617371082306,0.309,0.223,0.322,0.249,background_terpisah,False,0.0377052910625934,0.927617371082306,0.034677255898714,Organic,organic_sudah_benar,Recyclable,0.717,0.1188,0.1642,Organic,0.0227,0.2939,0.6835
O_914.jpg,Organic,Organic,0.0177189614623785,0.021660117432475,0.9606208205223083,0.757,0.98,0.107,0.745,full_frame,True,0.1177189614623785,0.8606208205223084,0.0216602180153131,Organic,organic_sudah_benar,Organic,0.0057,0.0001,0.9942,Organic,0.0538,0.2967,0.6496
O_9140.jpg,Organic,Organic,0.0312129240483045,0.0784060731530189,0.8903809785842896,0.772,0.933,0.092,0.683,full_frame,True,0.1312129240483045,0.7903809785842896,0.0784060973674058,Organic,organic_sudah_benar,Organic,0.0394,0.0616,0.899,Recyclable,0.5623,0.0618,0.3758
O_9142.jpg,Organic,Organic,0.0234560538083314,0.0198627486824989,0.9566812515258788,0.306,0.938,0.183,0.316,background_terpisah,False,0.0234560538083314,0.9566812515258788,0.0198627486824989,Organic,organic_sudah_benar,Organic,0.2359,0.2017,0.5625,Organic,0.1196,0.0539,0.8265
O_9143.jpg,Organic,Organic,0.0286431480199098,0.0527190119028091,0.9186378717422484,0.2,0.333,0.148,0.255,background_terpisah,False,0.0286431480199098,0.9186378717422484,0.0527190119028091,Organic,organic_sudah_benar,Electronic,0.1303,0.6314,0.2383,Organic,0.0357,0.0674,0.8969
O_9148.jpg,Organic,Organic,0.0154319796711206,0.0445038825273513,0.9400641322135924,0.254,0.996,0.096,0.595,perlu_cek_manual,False,0.0154319796711206,0.9400641322135924,0.0445038825273513,Organic,organic_sudah_benar,Organic,0.2451,0.1228,0.6321,Organic,0.1498,0.2782,0.5721
O_9152.jpg,Organic,Organic,0.0715008154511451,0.0480082407593727,0.8804909586906433,0.76,0.973,0.0,0.688,full_frame,True,0.1715008154511451,0.7804909586906433,0.0480082258582115,Organic,organic_sudah_benar,Organic,0.2421,0.0177,0.7402,Organic,0.013,0.0314,0.9556
O_9154.jpg,Organic,Organic,0.071817360818386,0.1560092270374298,0.7721734046936035,0.976,0.953,0.24,0.654,full_frame,True,0.171817360818386,0.6721734046936035,0.1560092344880104,Organic,organic_sudah_benar,Organic,0.3059,0.0088,0.6853,Electronic,0.0868,0.5172,0.396
O_9155.jpg,Organic,Organic,0.1469364911317825,0.0194372069090604,0.8336262106895447,0.31,0.696,0.267,0.372,perlu_cek_manual,False,0.1469364911317825,0.8336262106895447,0.0194372069090604,Organic,organic_sudah_benar,Organic,0.1933,0.323,0.4837,Organic,0.0078,0.1477,0.8446
O_9161.jpg,Organic,Organic,0.0157229267060756,0.052794262766838,0.9314827919006348,0.585,0.826,0.438,0.571,perlu_cek_manual,False,0.0157229267060756,0.9314827919006348,0.052794262766838,Organic,organic_sudah_benar,Organic,0.0019,0.0026,0.9955,Organic,0.0828,0.0667,0.8504
O_9168.jpg,Organic,Organic,0.0311034694314003,0.0327324606478214,0.9361640810966492,0.258,0.913,0.147,0.3,background_terpisah,False,0.0311034694314003,0.9361640810966492,0.0327324606478214,Organic,organic_sudah_benar,Organic,0.484,0.021,0.495,Organic,0.0434,0.3055,0.6511
O_9171.jpg,Organic,Organic,0.4293446242809295,0.0576113425195217,0.5130440592765808,0.004,0.066,0.422,0.104,background_terpisah,False,0.4293446242809295,0.5130440592765808,0.0576113425195217,Organic,organic_sudah_benar,Organic,0.1578,0.0098,0.8324,Organic,0.0606,0.2546,0.6847
O_9177.jpg,Organic,Organic,0.321388304233551,0.1074501648545265,0.5711615085601807,0.006,0.596,0.409,0.203,background_terpisah,False,0.321388304233551,0.5711615085601807,0.1074501648545265,Organic,organic_sudah_benar,Recyclable,0.9637,0.0083,0.028,Organic,0.137,0.058,0.8049
O_9181.jpg,Organic,Organic,0.1484859585762024,0.0530931800603866,0.7984209656715393,0.121,0.713,0.174,0.275,background_terpisah,False,0.1484859585762024,0.7984209656715393,0.0530931800603866,Organic,organic_sudah_benar,Recyclable,0.4324,0.2262,0.3413,Electronic,0.0302,0.5795,0.3903
O_9182.jpg,Organic,Organic,0.0543761402368545,0.0420217588543891,0.9036020636558532,0.73,0.832,0.474,0.48,perlu_cek_manual,False,0.0543761402368545,0.9036020636558532,0.0420217588543891,Organic,organic_sudah_benar,Organic,0.3023,0.022,0.6757,Organic,0.0728,0.0401,0.8872
O_919.jpg,Organic,Organic,0.0396471358835697,0.0442078858613967,0.9161449670791626,1.0,0.992,0.555,0.852,full_frame,False,0.0396471358835697,0.9161449670791626,0.0442078858613967,Organic,organic_sudah_benar,Organic,0.0058,0.0,0.9941,Organic,0.0057,0.1811,0.8132
O_9190.jpg,Organic,Organic,0.1354135423898697,0.0850687399506568,0.779517650604248,0.107,0.85,0.355,0.306,background_terpisah,False,0.1354135423898697,0.779517650604248,0.0850687399506568,Organic,organic_sudah_benar,Electronic,0.1188,0.4637,0.4175,Organic,0.4048,0.1253,0.4699
O_9203.jpg,Organic,Organic,0.1369115263223648,0.1001910641789436,0.7628974318504333,1.0,0.976,0.411,0.741,full_frame,False,0.1369115263223648,0.7628974318504333,0.1001910641789436,Organic,organic_sudah_benar,Recyclable,0.9161,0.0011,0.0828,Organic,0.0131,0.0784,0.9085
O_9207.jpg,Organic,Organic,0.051460962742567,0.0589751601219177,0.8895639181137085,0.463,0.851,0.098,0.456,perlu_cek_manual,False,0.051460962742567,0.8895639181137085,0.0589751601219177,Organic,organic_sudah_benar,Organic,0.0274,0.0487,0.9239,Organic,0.1383,0.0882,0.7735
O_9209.jpg,Organic,Organic,0.094984620809555,0.079263761639595,0.8257516622543335,0.877,0.977,0.322,0.809,full_frame,True,0.194984620809555,0.7257516622543335,0.0792637169361114,Organic,organic_sudah_benar,Organic,0.2286,0.0203,0.7511,Organic,0.2476,0.0408,0.7117
O_9212.jpg,Organic,Organic,0.2915360033512115,0.0079222423955798,0.7005417346954346,1.0,1.0,0.0,0.767,full_frame,True,0.3915360033512115,0.6005417346954346,0.0079222619533538,Organic,organic_sudah_benar,Organic,0.2149,0.0087,0.7765,Organic,0.0099,0.073,0.9171
O_9214.jpg,Organic,Organic,0.0931833609938621,0.0553538724780082,0.8514627814292908,0.101,0.809,0.468,0.286,background_terpisah,False,0.0931833609938621,0.8514627814292908,0.0553538724780082,Organic,organic_sudah_benar,Organic,0.0442,0.071,0.8848,Organic,0.0541,0.1557,0.7903
O_9215.jpg,Organic,Organic,0.0357686728239059,0.1692017763853073,0.7950294613838196,1.0,0.992,0.0,0.766,full_frame,True,0.1357686728239059,0.6950294613838196,0.1692018657922744,Organic,organic_sudah_benar,Recyclable,0.5105,0.0678,0.4216,Organic,0.0333,0.0582,0.9086
O_9219.jpg,Organic,Organic,0.086608737707138,0.0847511142492294,0.8286401033401489,0.058,0.258,0.431,0.193,background_terpisah,False,0.086608737707138,0.8286401033401489,0.0847511142492294,Organic,organic_sudah_benar,Organic,0.0075,0.0013,0.9911,Organic,0.0496,0.0184,0.9319
O_9238.jpg,Organic,Organic,0.0300131477415561,0.0141075989231467,0.955879271030426,1.0,1.0,0.723,0.767,full_frame,False,0.0300131477415561,0.955879271030426,0.0141075989231467,Organic,organic_sudah_benar,Organic,0.1562,0.1197,0.724,Organic,0.019,0.3222,0.6588
O_9245.jpg,Organic,Organic,0.0569377057254314,0.0578963682055473,0.8851658701896667,0.806,0.971,0.0,0.693,full_frame,True,0.1569377057254314,0.7851658701896668,0.0578964240849018,Organic,organic_sudah_benar,Recyclable,0.4647,0.0719,0.4635,Organic,0.016,0.0262,0.9579
O_9250.jpg,Organic,Organic,0.0259719882160425,0.036819253116846,0.937208652496338,0.0,0.03,0.651,0.136,background_terpisah,False,0.0259719882160425,0.937208652496338,0.036819253116846,Organic,organic_sudah_benar,Organic,0.4605,0.0035,0.5359,Organic,0.0467,0.1056,0.8477
O_9253.jpg,Organic,Organic,0.0267668310552835,0.1430364549160003,0.8301966786384583,0.003,0.604,0.184,0.158,background_terpisah,False,0.0267668310552835,0.8301966786384583,0.1430364549160003,Organic,organic_sudah_benar,Recyclable,0.6446,0.0501,0.3053,Organic,0.1711,0.2019,0.6269
O_9258.jpg,Organic,Organic,0.0540950298309326,0.0550572127103805,0.8908477425575256,0.056,0.199,0.382,0.176,background_terpisah,False,0.0540950298309326,0.8908477425575256,0.0550572127103805,Organic,organic_sudah_benar,Organic,0.0162,0.0541,0.9297,Organic,0.0564,0.0462,0.8974
O_9260.jpg,Organic,Organic,0.049674816429615,0.0197923984378576,0.9305328130722046,0.87,0.964,0.068,0.662,full_frame,True,0.149674816429615,0.8305328130722046,0.0197923704981803,Organic,organic_sudah_benar,Organic,0.438,0.0256,0.5364,Organic,0.0165,0.4029,0.5806
O_9264.jpg,Organic,Organic,0.0862722769379615,0.132792979478836,0.7809346318244934,0.02,0.707,0.423,0.232,background_terpisah,False,0.0862722769379615,0.7809346318244934,0.132792979478836,Organic,organic_sudah_benar,Electronic,0.0779,0.872,0.0501,Organic,0.0503,0.1682,0.7815
O_9265.jpg,Organic,Organic,0.0900211334228515,0.0734157040715217,0.8365631699562073,0.278,0.883,0.245,0.491,perlu_cek_manual,False,0.0900211334228515,0.8365631699562073,0.0734157040715217,Organic,organic_sudah_benar,Organic,0.2,0.0167,0.7833,Organic,0.0573,0.0974,0.8453
O_9295.jpg,Organic,Organic,0.0289626009762287,0.0411457493901252,0.9298917055130004,0.472,0.947,0.436,0.635,perlu_cek_manual,False,0.0289626009762287,0.9298917055130004,0.0411457493901252,Organic,organic_sudah_benar,Organic,0.0311,0.0018,0.9671,Organic,0.1161,0.0884,0.7955
O_9297.jpg,Organic,Organic,0.284955233335495,0.0579483769834041,0.6570964455604553,0.222,0.669,0.32,0.302,background_terpisah,False,0.284955233335495,0.6570964455604553,0.0579483769834041,Organic,organic_sudah_benar,Organic,0.0268,0.0084,0.9648,Organic,0.1583,0.1124,0.7292
O_9307.jpg,Organic,Organic,0.1458244025707245,0.0689305737614631,0.7852450013160706,0.675,1.0,0.437,0.768,full_frame,False,0.1458244025707245,0.7852450013160706,0.0689305737614631,Organic,organic_sudah_benar,Recyclable,0.9059,0.0052,0.0889,Organic,0.0211,0.051,0.928
O_9309.jpg,Organic,Organic,0.265344500541687,0.1495738476514816,0.5850816369056702,0.366,0.908,0.179,0.403,perlu_cek_manual,False,0.265344500541687,0.5850816369056702,0.1495738476514816,Organic,organic_sudah_benar,Electronic,0.3228,0.6354,0.0418,Organic,0.1137,0.3831,0.5032
O_931.jpg,Organic,Organic,0.0606419183313846,0.0232033524662256,0.9161547422409058,0.616,1.0,0.342,0.753,full_frame,False,0.0606419183313846,0.9161547422409058,0.0232033524662256,Organic,organic_sudah_benar,Organic,0.0021,0.0001,0.9978,Electronic,0.0494,0.7445,0.2061
O_9310.jpg,Organic,Organic,0.2729034721851349,0.0671719908714294,0.6599245667457581,0.436,0.458,0.419,0.44,perlu_cek_manual,False,0.2729034721851349,0.6599245667457581,0.0671719908714294,Organic,organic_sudah_benar,Organic,0.1405,0.0042,0.8554,Organic,0.0095,0.0188,0.9717
O_932.jpg,Organic,Organic,0.0265144798904657,0.039110217243433,0.93437522649765,1.0,0.955,0.186,0.662,full_frame,True,0.1265144798904657,0.8343752264976502,0.0391102936118841,Organic,organic_sudah_benar,Organic,0.0168,0.0002,0.983,Organic,0.0189,0.2848,0.6963
O_9334.jpg,Organic,Organic,0.0639587566256523,0.0370855592191219,0.8989557027816772,1.0,0.998,0.061,0.704,full_frame,True,0.1639587566256523,0.7989557027816773,0.0370855405926704,Organic,organic_sudah_benar,Organic,0.0524,0.0009,0.9467,Organic,0.0612,0.0883,0.8505
O_934.jpg,Organic,Organic,0.035842727869749,0.0264032520353794,0.9377540946006776,0.696,0.858,0.492,0.656,full_frame,False,0.035842727869749,0.9377540946006776,0.0264032520353794,Organic,organic_sudah_benar,Organic,0.0081,0.0001,0.9918,Electronic,0.0618,0.7504,0.1878
O_9341.jpg,Organic,Organic,0.0501363426446914,0.0069490890018641,0.9429146647453308,1.0,0.986,0.544,0.869,full_frame,False,0.0501363426446914,0.9429146647453308,0.0069490890018641,Organic,organic_sudah_benar,Organic,0.077,0.0025,0.9205,Organic,0.0269,0.0421,0.931
O_9348.jpg,Organic,Organic,0.2134027779102325,0.077800802886486,0.7087964415550232,1.0,0.427,0.614,0.523,perlu_cek_manual,False,0.2134027779102325,0.7087964415550232,0.077800802886486,Organic,organic_sudah_benar,Recyclable,0.5936,0.0776,0.3289,Organic,0.0134,0.0365,0.9501
O_9367.jpg,Organic,Organic,0.1382238715887069,0.0813911110162735,0.7803850769996643,0.797,1.0,0.425,0.824,full_frame,False,0.1382238715887069,0.7803850769996643,0.0813911110162735,Organic,organic_sudah_benar,Organic,0.2884,0.0207,0.6908,Organic,0.0458,0.1057,0.8485
O_9373.jpg,Organic,Organic,0.0545187890529632,0.083930067718029,0.8615512251853943,0.983,0.966,0.611,0.805,full_frame,False,0.0545187890529632,0.8615512251853943,0.083930067718029,Organic,organic_sudah_benar,Organic,0.0039,0.0004,0.9957,Organic,0.0862,0.0835,0.8303
O_9382.jpg,Organic,Organic,0.1221061050891876,0.0281882472336292,0.8497055768966675,0.735,0.86,0.351,0.591,perlu_cek_manual,False,0.1221061050891876,0.8497055768966675,0.0281882472336292,Organic,organic_sudah_benar,Organic,0.0762,0.0003,0.9235,Organic,0.013,0.0359,0.9511
O_9386.jpg,Organic,Organic,0.0524040162563324,0.0321637652814388,0.9154322147369384,1.0,1.0,0.265,0.827,full_frame,True,0.1524040162563324,0.8154322147369385,0.0321637690067291,Organic,organic_sudah_benar,Organic,0.0794,0.0016,0.919,Organic,0.151,0.3675,0.4816
O_94.jpg,Organic,Organic,0.0753806829452514,0.0754713863134384,0.8491479158401489,0.004,0.126,0.215,0.07,background_terpisah,False,0.0753806829452514,0.8491479158401489,0.0754713863134384,Organic,organic_sudah_benar,Organic,0.1191,0.0038,0.8771,Organic,0.1772,0.1422,0.6806
O_9404.jpg,Organic,Organic,0.1243308559060096,0.0339824259281158,0.8416867852210999,0.145,0.254,0.46,0.281,background_terpisah,False,0.1243308559060096,0.8416867852210999,0.0339824259281158,Organic,organic_sudah_benar,Organic,0.0613,0.002,0.9367,Organic,0.03,0.0624,0.9076
O_9408.jpg,Organic,Organic,0.0568450801074504,0.0191991329193115,0.9239558577537536,1.0,1.0,0.627,0.925,full_frame,False,0.0568450801074504,0.9239558577537536,0.0191991329193115,Organic,organic_sudah_benar,Organic,0.0503,0.0001,0.9496,Organic,0.0688,0.0811,0.8502
O_9414.jpg,Organic,Organic,0.0402294658124446,0.0261070095002651,0.9336636066436768,1.0,0.967,0.475,0.705,full_frame,False,0.0402294658124446,0.9336636066436768,0.0261070095002651,Organic,organic_sudah_benar,Organic,0.0056,0.0004,0.9939,Organic,0.0294,0.0287,0.9419
O_9415.jpg,Organic,Organic,0.0963863730430603,0.0460111759603023,0.8576024174690247,1.0,0.967,0.502,0.894,full_frame,False,0.0963863730430603,0.8576024174690247,0.0460111759603023,Organic,organic_sudah_benar,Organic,0.2756,0.0089,0.7154,Organic,0.1187,0.0994,0.782
O_9430.jpg,Organic,Organic,0.0277118943631649,0.0771189481019973,0.895169198513031,1.0,1.0,0.416,0.883,full_frame,False,0.0277118943631649,0.895169198513031,0.0771189481019973,Organic,organic_sudah_benar,Organic,0.0095,0.0014,0.989,Recyclable,0.7369,0.0977,0.1654
O_9431.jpg,Organic,Organic,0.056196391582489,0.0265306197106838,0.9172729849815368,1.0,1.0,0.0,0.744,full_frame,True,0.156196391582489,0.8172729849815369,0.0265306234359741,Organic,organic_sudah_benar,Organic,0.0771,0.0939,0.829,Organic,0.0333,0.0423,0.9243
O_9437.jpg,Organic,Organic,0.0540949739515781,0.0593319237232208,0.886573076248169,0.231,0.489,0.447,0.346,background_terpisah,False,0.0540949739515781,0.886573076248169,0.0593319237232208,Organic,organic_sudah_benar,Organic,0.4327,0.0011,0.5662,Organic,0.1359,0.2909,0.5732
O_9442.jpg,Organic,Organic,0.0487009063363075,0.0317036211490631,0.91959547996521,1.0,0.914,0.491,0.738,full_frame,False,0.0487009063363075,0.91959547996521,0.0317036211490631,Organic,organic_sudah_benar,Organic,0.0224,0.0013,0.9763,Organic,0.1629,0.2154,0.6217
O_9443.jpg,Organic,Organic,0.052827913314104,0.0702576711773872,0.8769145011901855,0.938,0.973,0.262,0.528,perlu_cek_manual,False,0.052827913314104,0.8769145011901855,0.0702576711773872,Organic,organic_sudah_benar,Organic,0.3337,0.0304,0.636,Organic,0.0751,0.151,0.774
O_9446.jpg,Organic,Organic,0.07660673558712,0.0224896352738142,0.9009037017822266,1.0,1.0,0.017,0.803,full_frame,True,0.17660673558712,0.8009037017822266,0.0224895626306533,Organic,organic_sudah_benar,Organic,0.0384,0.0054,0.9561,Organic,0.0167,0.0226,0.9607
O_9457.jpg,Organic,Organic,0.0366111621260643,0.0130812674760818,0.950307548046112,1.0,0.983,0.381,0.724,full_frame,False,0.0366111621260643,0.950307548046112,0.0130812674760818,Organic,organic_sudah_benar,Organic,0.0032,0.0001,0.9968,Organic,0.0159,0.0583,0.9257
O_9467.jpg,Organic,Organic,0.0391619727015495,0.0344973988831043,0.9263405799865724,0.422,0.823,0.488,0.662,full_frame,False,0.0391619727015495,0.9263405799865724,0.0344973988831043,Organic,organic_sudah_benar,Organic,0.0059,0.0001,0.994,Organic,0.0127,0.073,0.9143
O_9471.jpg,Organic,Organic,0.0150434151291847,0.0249807797372341,0.9599757790565492,1.0,0.98,0.0,0.723,full_frame,True,0.1150434151291847,0.8599757790565491,0.0249808058142662,Organic,organic_sudah_benar,Organic,0.0638,0.0178,0.9184,Organic,0.213,0.0517,0.7354
O_9482.jpg,Organic,Organic,0.0334081053733825,0.0397298149764537,0.9268620014190674,0.785,0.869,0.55,0.646,perlu_cek_manual,False,0.0334081053733825,0.9268620014190674,0.0397298149764537,Organic,organic_sudah_benar,Organic,0.3227,0.0044,0.6729,Organic,0.0304,0.1076,0.862
O_9487.jpg,Organic,Organic,0.1244629770517349,0.0402191244065761,0.8353179097175598,0.344,0.885,0.299,0.414,perlu_cek_manual,False,0.1244629770517349,0.8353179097175598,0.0402191244065761,Organic,organic_sudah_benar,Organic,0.0138,0.0044,0.9819,Organic,0.033,0.0326,0.9345
O_9494.jpg,Organic,Organic,0.0515452399849891,0.0570177547633647,0.8914370536804199,1.0,0.921,0.315,0.81,full_frame,True,0.1515452399849891,0.7914370536804199,0.0570177063345909,Organic,organic_sudah_benar,Organic,0.007,0.0,0.993,Organic,0.0499,0.0676,0.8825
O_9506.jpg,Organic,Organic,0.0124854436144232,0.0225452799350023,0.964969277381897,1.0,0.958,0.582,0.882,full_frame,False,0.0124854436144232,0.964969277381897,0.0225452799350023,Organic,organic_sudah_benar,Organic,0.0132,0.002,0.9849,Organic,0.1752,0.1173,0.7075
O_9511.jpg,Organic,Organic,0.0986479148268699,0.0174104068428277,0.883941650390625,1.0,1.0,0.598,0.92,full_frame,False,0.0986479148268699,0.883941650390625,0.0174104068428277,Organic,organic_sudah_benar,Recyclable,0.6137,0.0022,0.3841,Organic,0.0629,0.2153,0.7217
O_9518.jpg,Organic,Organic,0.2166139632463455,0.0978230461478233,0.6855630278587341,1.0,0.494,0.51,0.543,perlu_cek_manual,False,0.2166139632463455,0.6855630278587341,0.0978230461478233,Organic,organic_sudah_benar,Organic,0.0205,0.0019,0.9777,Organic,0.0235,0.0167,0.9598
O_9522.jpg,Organic,Organic,0.0230150297284126,0.0422368943691253,0.934748113155365,1.0,0.947,0.407,0.716,full_frame,False,0.0230150297284126,0.934748113155365,0.0422368943691253,Organic,organic_sudah_benar,Organic,0.0552,0.0008,0.944,Organic,0.1091,0.2067,0.6842
O_9526.jpg,Organic,Organic,0.0296136364340782,0.0369503386318683,0.9334359765052797,0.992,0.997,0.0,0.716,full_frame,True,0.1296136364340782,0.8334359765052796,0.0369503870606422,Organic,organic_sudah_benar,Organic,0.4563,0.0013,0.5424,Organic,0.0605,0.0839,0.8556
O_9531.jpg,Organic,Organic,0.0775595232844352,0.0385519713163375,0.8838885426521301,1.0,0.993,0.439,0.886,full_frame,False,0.0775595232844352,0.8838885426521301,0.0385519713163375,Organic,organic_sudah_benar,Organic,0.1568,0.0016,0.8416,Organic,0.0907,0.1517,0.7576
O_9547.jpg,Organic,Organic,0.3846696317195892,0.1014790683984756,0.5138512849807739,0.01,0.306,0.377,0.14,background_terpisah,False,0.3846696317195892,0.5138512849807739,0.1014790683984756,Organic,organic_sudah_benar,Organic,0.1533,0.0009,0.8457,Organic,0.3955,0.0799,0.5246
O_9553.jpg,Organic,Organic,0.0462955832481384,0.0571270436048507,0.8965774178504944,0.658,0.676,0.183,0.51,perlu_cek_manual,False,0.0462955832481384,0.8965774178504944,0.0571270436048507,Organic,organic_sudah_benar,Organic,0.0026,0.0001,0.9973,Organic,0.0512,0.201,0.7478
O_9557.jpg,Organic,Organic,0.0361971519887447,0.036148801445961,0.9276540875434875,1.0,0.995,0.544,0.908,full_frame,False,0.0361971519887447,0.9276540875434875,0.036148801445961,Organic,organic_sudah_benar,Organic,0.0036,0.0,0.9963,Organic,0.1917,0.1755,0.6328
O_9569.jpg,Organic,Organic,0.2776377499103546,0.0269698947668075,0.695392370223999,0.412,0.888,0.403,0.447,perlu_cek_manual,False,0.2776377499103546,0.695392370223999,0.0269698947668075,Organic,organic_sudah_benar,Recyclable,0.5745,0.0018,0.4237,Organic,0.1539,0.0703,0.7757
O_9593.jpg,Organic,Organic,0.0627112984657287,0.0793118327856063,0.8579768538475037,1.0,1.0,0.375,0.654,full_frame,False,0.0627112984657287,0.8579768538475037,0.0793118327856063,Organic,organic_sudah_benar,Organic,0.0204,0.0021,0.9775,Organic,0.0278,0.0985,0.8736
O_9594.jpg,Organic,Organic,0.0877742320299148,0.0459216237068176,0.8663040995597839,0.0,0.004,0.642,0.129,background_terpisah,False,0.0877742320299148,0.8663040995597839,0.0459216237068176,Organic,organic_sudah_benar,Organic,0.0067,0.0001,0.9932,Organic,0.061,0.0521,0.8869
O_9606.jpg,Organic,Organic,0.0497745722532272,0.0464055016636848,0.9038198590278624,1.0,0.755,0.248,0.736,full_frame,True,0.1497745722532272,0.8038198590278626,0.0464055687189102,Organic,organic_sudah_benar,Organic,0.1119,0.0049,0.8832,Organic,0.28,0.2944,0.4256
O_9622.jpg,Organic,Organic,0.0292126480489969,0.0789477378129959,0.8918396234512329,1.0,1.0,0.713,0.943,full_frame,False,0.0292126480489969,0.8918396234512329,0.0789477378129959,Organic,organic_sudah_benar,Organic,0.0742,0.0129,0.9128,Organic,0.1329,0.205,0.6621
O_9627.jpg,Organic,Organic,0.1054043173789978,0.0629560425877571,0.8316395878791809,0.576,0.941,0.24,0.52,perlu_cek_manual,False,0.1054043173789978,0.8316395878791809,0.0629560425877571,Organic,organic_sudah_benar,Organic,0.067,0.0004,0.9326,Organic,0.1265,0.0403,0.8332
O_9631.jpg,Organic,Organic,0.1076654717326164,0.0359014980494976,0.8564330339431763,1.0,0.975,0.003,0.642,perlu_cek_manual,False,0.1076654717326164,0.8564330339431763,0.0359014980494976,Organic,organic_sudah_benar,Organic,0.058,0.0004,0.9416,Organic,0.1113,0.1282,0.7605
O_9636.jpg,Organic,Organic,0.0495748147368431,0.0478232391178607,0.9026018977165222,0.522,0.894,0.294,0.49,perlu_cek_manual,False,0.0495748147368431,0.9026018977165222,0.0478232391178607,Organic,organic_sudah_benar,Organic,0.1855,0.0034,0.811,Organic,0.0049,0.0162,0.979
O_9645.jpg,Organic,Organic,0.1530140787363052,0.0823921784758567,0.7645938396453857,1.0,1.0,0.58,0.916,full_frame,False,0.1530140787363052,0.7645938396453857,0.0823921784758567,Organic,organic_sudah_benar,Organic,0.0143,0.0008,0.9849,Organic,0.0094,0.0109,0.9797
O_9653.jpg,Organic,Organic,0.0297161750495433,0.0283446256071329,0.9419391751289368,0.746,0.979,0.522,0.653,full_frame,False,0.0297161750495433,0.9419391751289368,0.0283446256071329,Organic,organic_sudah_benar,Organic,0.4015,0.0005,0.5979,Organic,0.0706,0.1072,0.8222
O_9656.jpg,Organic,Organic,0.2373556196689605,0.0293000936508178,0.733344316482544,1.0,0.894,0.299,0.575,perlu_cek_manual,False,0.2373556196689605,0.733344316482544,0.0293000936508178,Organic,organic_sudah_benar,Organic,0.0694,0.0013,0.9294,Organic,0.0454,0.2082,0.7464
O_9662.jpg,Organic,Organic,0.018668420612812,0.0201829504221677,0.9611486196517944,0.0,0.13,0.348,0.096,background_terpisah,False,0.018668420612812,0.9611486196517944,0.0201829504221677,Organic,organic_sudah_benar,Organic,0.1222,0.0576,0.8202,Organic,0.0282,0.0686,0.9031
O_9685.jpg,Organic,Organic,0.0177253931760787,0.0445613823831081,0.9377132058143616,0.969,0.991,0.627,0.914,full_frame,False,0.0177253931760787,0.9377132058143616,0.0445613823831081,Organic,organic_sudah_benar,Organic,0.0007,0.0001,0.9992,Organic,0.1124,0.1633,0.7243
O_9688.jpg,Organic,Organic,0.0155994882807135,0.0167280305176973,0.9676724076271056,0.54,0.966,0.582,0.654,full_frame,False,0.0155994882807135,0.9676724076271056,0.0167280305176973,Organic,organic_sudah_benar,Organic,0.0892,0.004,0.9069,Organic,0.1053,0.0829,0.8118
O_9697.jpg,Organic,Organic,0.0174328610301017,0.0245689824223518,0.9579980969429016,0.937,0.981,0.347,0.644,perlu_cek_manual,False,0.0174328610301017,0.9579980969429016,0.0245689824223518,Organic,organic_sudah_benar,Organic,0.0025,0.0001,0.9975,Organic,0.1128,0.1443,0.7428
O_9699.jpg,Organic,Organic,0.094208262860775,0.0571213476359844,0.8486704230308533,1.0,1.0,0.43,0.886,full_frame,False,0.094208262860775,0.8486704230308533,0.0571213476359844,Organic,organic_sudah_benar,Organic,0.3997,0.0009,0.5994,Organic,0.0714,0.106,0.8226
O_9707.jpg,Organic,Organic,0.0691029205918312,0.0260879546403884,0.9048091769218444,0.992,0.997,0.334,0.764,full_frame,True,0.1691029205918312,0.8048091769218445,0.0260879024863243,Organic,organic_sudah_benar,Organic,0.0013,0.0005,0.9982,Organic,0.1146,0.3692,0.5162
O_9713.jpg,Organic,Organic,0.0487479418516159,0.0508595593273639,0.900392472743988,1.0,1.0,0.58,0.916,full_frame,False,0.0487479418516159,0.900392472743988,0.0508595593273639,Organic,organic_sudah_benar,Organic,0.0272,0.0049,0.968,Recyclable,0.5774,0.112,0.3106
O_9717.jpg,Organic,Organic,0.0703507214784622,0.0326728150248527,0.8969764709472656,0.13,0.795,0.372,0.363,perlu_cek_manual,False,0.0703507214784622,0.8969764709472656,0.0326728150248527,Organic,organic_sudah_benar,Organic,0.0034,0.0004,0.9962,Organic,0.0717,0.1864,0.7419
O_9722.jpg,Organic,Organic,0.0461428351700305,0.0176098011434078,0.9362472891807556,1.0,1.0,0.0,0.762,full_frame,True,0.1461428351700306,0.8362472891807556,0.0176098756492137,Organic,organic_sudah_benar,Organic,0.1675,0.001,0.8315,Organic,0.0604,0.0562,0.8834
O_9726.jpg,Organic,Organic,0.1352605819702148,0.116328127682209,0.748411238193512,0.54,0.426,0.65,0.467,perlu_cek_manual,False,0.1352605819702148,0.748411238193512,0.116328127682209,Organic,organic_sudah_benar,Organic,0.0505,0.0001,0.9494,Organic,0.0342,0.4121,0.5537
O_9727.jpg,Organic,Organic,0.1372816115617752,0.0321242213249206,0.8305942416191101,1.0,1.0,0.087,0.817,full_frame,True,0.2372816115617752,0.7305942416191101,0.0321241468191146,Organic,organic_sudah_benar,Organic,0.2296,0.0022,0.7682,Organic,0.04,0.2022,0.7578
O_9732.jpg,Organic,Organic,0.0895528793334961,0.0552774220705032,0.8551697134971619,0.696,0.98,0.166,0.438,perlu_cek_manual,False,0.0895528793334961,0.8551697134971619,0.0552774220705032,Organic,organic_sudah_benar,Organic,0.0381,0.0009,0.9611,Organic,0.1657,0.23,0.6043
O_9733.jpg,Organic,Organic,0.0568521134555339,0.0316962115466594,0.9114517569541932,0.138,0.759,0.368,0.383,perlu_cek_manual,False,0.0568521134555339,0.9114517569541932,0.0316962115466594,Organic,organic_sudah_benar,Organic,0.4399,0.0087,0.5514,Organic,0.1234,0.2051,0.6715
O_9734.jpg,Organic,Organic,0.0763293504714965,0.0555788315832614,0.868091881275177,1.0,1.0,0.63,0.926,full_frame,False,0.0763293504714965,0.868091881275177,0.0555788315832614,Organic,organic_sudah_benar,Recyclable,0.6289,0.0004,0.3707,Organic,0.1744,0.073,0.7526
O_9738.jpg,Organic,Organic,0.0194909293204545,0.0222629718482494,0.958246111869812,0.747,0.956,0.211,0.604,perlu_cek_manual,False,0.0194909293204545,0.958246111869812,0.0222629718482494,Organic,organic_sudah_benar,Organic,0.0025,0.0023,0.9952,Organic,0.1018,0.2692,0.6291
O_9758.jpg,Organic,Organic,0.045829989016056,0.0605645291507244,0.8936054706573486,0.9,0.964,0.209,0.523,perlu_cek_manual,False,0.045829989016056,0.8936054706573486,0.0605645291507244,Organic,organic_sudah_benar,Organic,0.4682,0.0038,0.5281,Organic,0.371,0.0897,0.5394
O_9762.jpg,Organic,Organic,0.0556236505508422,0.1403913646936416,0.8039849996566772,0.067,0.209,0.602,0.22,background_terpisah,False,0.0556236505508422,0.8039849996566772,0.1403913646936416,Organic,organic_sudah_benar,Organic,0.0434,0.0258,0.9308,Organic,0.0154,0.0263,0.9583
O_9764.jpg,Organic,Organic,0.0628505870699882,0.0260934550315141,0.9110559821128844,1.0,0.95,0.388,0.723,full_frame,False,0.0628505870699882,0.9110559821128844,0.0260934550315141,Organic,organic_sudah_benar,Organic,0.0919,0.0015,0.9066,Organic,0.2558,0.1081,0.6361
O_9769.jpg,Organic,Organic,0.0669442489743232,0.0380270034074783,0.8950287699699402,1.0,0.919,0.092,0.671,full_frame,True,0.1669442489743232,0.7950287699699402,0.0380269810557365,Organic,organic_sudah_benar,Organic,0.0548,0.0049,0.9403,Organic,0.0642,0.1531,0.7828
O_9773.jpg,Organic,Organic,0.0358505472540855,0.1066954135894775,0.8574540019035339,1.0,0.95,0.001,0.733,full_frame,True,0.1358505472540855,0.757454001903534,0.1066954508423805,Organic,organic_sudah_benar,Organic,0.1929,0.0037,0.8034,Organic,0.1211,0.0572,0.8217
O_9787.jpg,Organic,Organic,0.046661376953125,0.0326821208000183,0.920656442642212,1.0,1.0,0.0,0.758,full_frame,True,0.146661376953125,0.8206564426422119,0.032682180404663,Organic,organic_sudah_benar,Organic,0.0051,0.0014,0.9935,Organic,0.1027,0.1095,0.7879
O_9788.jpg,Organic,Organic,0.0173761062324047,0.0201604422181844,0.9624634385108948,1.0,0.888,0.336,0.65,perlu_cek_manual,False,0.0173761062324047,0.9624634385108948,0.0201604422181844,Organic,organic_sudah_benar,Organic,0.4513,0.0011,0.5476,Organic,0.0161,0.0407,0.9432
O_979.jpg,Organic,Organic,0.0205332674086093,0.0207043979316949,0.9587623476982116,1.0,1.0,0.148,0.674,full_frame,True,0.1205332674086094,0.8587623476982117,0.0207043848931789,Organic,organic_sudah_benar,Organic,0.0317,0.0005,0.9678,Electronic,0.1071,0.6774,0.2155
O_9810.jpg,Organic,Organic,0.1100420281291008,0.0355111397802829,0.8544468283653259,0.581,0.715,0.514,0.507,perlu_cek_manual,False,0.1100420281291008,0.8544468283653259,0.0355111397802829,Organic,organic_sudah_benar,Organic,0.0043,0.0119,0.9838,Electronic,0.076,0.5585,0.3654
O_9812.jpg,Organic,Organic,0.0873108133673667,0.073507122695446,0.8391820192337036,0.788,0.986,0.266,0.787,full_frame,True,0.1873108133673668,0.7391820192337036,0.0735071673989296,Organic,organic_sudah_benar,Organic,0.2367,0.0217,0.7416,Organic,0.0702,0.2322,0.6976
O_9828.jpg,Organic,Organic,0.0546385832130909,0.0255807805806398,0.919780731201172,1.0,0.567,0.323,0.634,perlu_cek_manual,False,0.0546385832130909,0.919780731201172,0.0255807805806398,Organic,organic_sudah_benar,Organic,0.0035,0.0055,0.991,Organic,0.156,0.1155,0.7285
O_9839.jpg,Organic,Organic,0.0973009392619133,0.0556652657687664,0.8470337390899658,1.0,1.0,0.562,0.912,full_frame,False,0.0973009392619133,0.8470337390899658,0.0556652657687664,Organic,organic_sudah_benar,Recyclable,0.5819,0.0008,0.4173,Organic,0.0928,0.1274,0.7797
O_9843.jpg,Organic,Organic,0.0724008828401565,0.142765462398529,0.7848336100578308,0.88,0.935,0.475,0.759,full_frame,False,0.0724008828401565,0.7848336100578308,0.142765462398529,Organic,organic_sudah_benar,Organic,0.01,0.0003,0.9897,Organic,0.1511,0.1925,0.6564
O_9847.jpg,Organic,Organic,0.1560634672641754,0.0253488793969154,0.818587601184845,0.026,0.732,0.341,0.222,background_terpisah,False,0.1560634672641754,0.818587601184845,0.0253488793969154,Organic,organic_sudah_benar,Recyclable,0.9564,0.0004,0.0432,Organic,0.1631,0.0848,0.7521
O_9856.jpg,Organic,Organic,0.0136304507032036,0.0253406576812267,0.9610289335250854,0.304,0.885,0.594,0.687,full_frame,False,0.0136304507032036,0.9610289335250854,0.0253406576812267,Organic,organic_sudah_benar,Organic,0.0075,0.0003,0.9922,Organic,0.0358,0.0131,0.9511
O_9858.jpg,Organic,Organic,0.0207724850624799,0.0652258172631263,0.9140015840530396,0.636,0.859,0.079,0.613,perlu_cek_manual,False,0.0207724850624799,0.9140015840530396,0.0652258172631263,Organic,organic_sudah_benar,Organic,0.0228,0.0011,0.9761,Organic,0.0282,0.2937,0.678
O_9860.jpg,Organic,Organic,0.0615376941859722,0.0575330220162868,0.8809292316436768,0.61,0.935,0.336,0.631,perlu_cek_manual,False,0.0615376941859722,0.8809292316436768,0.0575330220162868,Organic,organic_sudah_benar,Organic,0.0002,0.0,0.9998,Organic,0.0371,0.1035,0.8594
O_9863.jpg,Organic,Organic,0.1158910691738128,0.0434990227222442,0.8406099677085876,0.898,0.989,0.495,0.747,full_frame,False,0.1158910691738128,0.8406099677085876,0.0434990227222442,Organic,organic_sudah_benar,Recyclable,0.5175,0.0006,0.4819,Organic,0.0715,0.065,0.8636
O_9864.jpg,Organic,Organic,0.1179212480783462,0.0591292902827262,0.8229494690895081,1.0,0.989,0.0,0.706,full_frame,True,0.2179212480783462,0.7229494690895081,0.0591292828321456,Organic,organic_sudah_benar,Organic,0.0119,0.0003,0.9877,Organic,0.0601,0.2503,0.6895
O_9866.jpg,Organic,Organic,0.069705955684185,0.0805969983339309,0.8496970534324646,0.513,0.299,0.308,0.347,background_terpisah,False,0.069705955684185,0.8496970534324646,0.0805969983339309,Organic,organic_sudah_benar,Organic,0.043,0.0192,0.9378,Electronic,0.0638,0.4781,0.4581
O_9867.jpg,Organic,Organic,0.0423991754651069,0.0535315684974193,0.9040692448616028,0.706,0.952,0.376,0.502,perlu_cek_manual,False,0.0423991754651069,0.9040692448616028,0.0535315684974193,Organic,organic_sudah_benar,Organic,0.1073,0.0014,0.8914,Organic,0.172,0.4025,0.4255
O_9872.jpg,Organic,Organic,0.0263704098761081,0.017177514731884,0.9564520716667176,0.378,0.934,0.21,0.642,perlu_cek_manual,False,0.0263704098761081,0.9564520716667176,0.017177514731884,Organic,organic_sudah_benar,Organic,0.0151,0.0012,0.9837,Organic,0.1312,0.2029,0.6659
O_9873.jpg,Organic,Organic,0.3495765328407287,0.2229215949773788,0.4275017976760864,0.167,0.144,0.351,0.167,background_terpisah,False,0.3495765328407287,0.4275017976760864,0.2229215949773788,Organic,organic_sudah_benar,Recyclable,0.9746,0.0008,0.0246,Organic,0.0215,0.1667,0.8117
O_9894.jpg,Organic,Organic,0.1017707362771034,0.0524840131402015,0.8457452654838562,1.0,0.973,0.521,0.775,full_frame,False,0.1017707362771034,0.8457452654838562,0.0524840131402015,Organic,organic_sudah_benar,Organic,0.4891,0.0008,0.5101,Organic,0.1139,0.154,0.7321
O_9900.jpg,Organic,Organic,0.0217488650232553,0.0419952571392059,0.9362558722496032,0.959,0.999,0.328,0.726,full_frame,True,0.1217488650232553,0.8362558722496033,0.0419952627271413,Organic,organic_sudah_benar,Organic,0.0037,0.0001,0.9962,Organic,0.0815,0.3227,0.5958
O_9905.jpg,Organic,Organic,0.0460542179644107,0.0480898916721344,0.9058558344841005,0.275,0.836,0.394,0.452,perlu_cek_manual,False,0.0460542179644107,0.9058558344841005,0.0480898916721344,Organic,organic_sudah_benar,Organic,0.0084,0.0001,0.9915,Organic,0.0241,0.1048,0.8711
O_9907.jpg,Organic,Organic,0.1046201586723327,0.0688420236110687,0.8265377879142761,0.025,0.328,0.508,0.175,background_terpisah,False,0.1046201586723327,0.8265377879142761,0.0688420236110687,Organic,organic_sudah_benar,Recyclable,0.7704,0.0015,0.2281,Organic,0.0235,0.0664,0.9102
O_9911.jpg,Organic,Organic,0.0797531977295875,0.0474535748362541,0.8727931380271912,0.331,0.858,0.311,0.398,perlu_cek_manual,False,0.0797531977295875,0.8727931380271912,0.0474535748362541,Organic,organic_sudah_benar,Organic,0.1198,0.002,0.8782,Organic,0.1391,0.1183,0.7426
O_9924.jpg,Organic,Organic,0.0308102257549762,0.0239480752497911,0.9452416896820068,0.878,0.978,0.268,0.731,full_frame,True,0.1308102257549762,0.8452416896820069,0.0239480845630168,Organic,organic_sudah_benar,Organic,0.0038,0.0012,0.995,Organic,0.0628,0.2299,0.7073
O_9932.jpg,Organic,Organic,0.0771320089697837,0.0223636738955974,0.9005042910575867,1.0,0.879,0.185,0.701,full_frame,True,0.1771320089697838,0.8005042910575867,0.0223636999726295,Organic,organic_sudah_benar,Organic,0.0022,0.005,0.9928,Organic,0.0515,0.2897,0.6588
O_9959.jpg,Organic,Organic,0.0305358786135911,0.0178942084312438,0.9515699744224548,1.0,0.987,0.207,0.783,full_frame,True,0.1305358786135912,0.8515699744224549,0.0178941469639539,Organic,organic_sudah_benar,Organic,0.022,0.0003,0.9777,Organic,0.0384,0.303,0.6586
O_996.jpg,Organic,Organic,0.0808777809143066,0.0801206231117248,0.8390015959739685,1.0,0.991,0.0,0.757,full_frame,True,0.1808777809143066,0.7390015959739685,0.0801206231117248,Organic,organic_sudah_benar,Organic,0.0452,0.0033,0.9515,Organic,0.1273,0.3011,0.5716
O_9962.jpg,Organic,Organic,0.1351248174905777,0.0618461146950721,0.8030290603637695,1.0,0.979,0.113,0.818,full_frame,True,0.2351248174905777,0.7030290603637696,0.0618461221456527,Organic,organic_sudah_benar,Organic,0.116,0.0006,0.8833,Organic,0.0907,0.2609,0.6483
O_9970.jpg,Organic,Organic,0.0276916623115539,0.0256256498396396,0.9466827511787416,1.0,0.974,0.409,0.735,full_frame,False,0.0276916623115539,0.9466827511787416,0.0256256498396396,Organic,organic_sudah_benar,Organic,0.0011,0.0004,0.9985,Organic,0.0453,0.1744,0.7803
O_9971.jpg,Organic,Organic,0.1211786568164825,0.1075312793254852,0.7712900638580322,0.924,0.986,0.0,0.769,full_frame,True,0.2211786568164825,0.6712900638580322,0.1075312793254852,Organic,organic_sudah_benar,Organic,0.0234,0.0022,0.9744,Organic,0.0375,0.0702,0.8923
O_9976.jpg,Organic,Organic,0.4693740308284759,0.0398075357079505,0.4908184111118316,0.001,0.163,0.652,0.163,background_terpisah,False,0.4693740308284759,0.4908184111118316,0.0398075357079505,Organic,organic_sudah_benar,Organic,0.087,0.0006,0.9124,Organic,0.0089,0.0628,0.9283
O_9979.jpg,Organic,Organic,0.1160091236233711,0.2817091047763824,0.6022818088531494,0.843,0.959,0.355,0.754,full_frame,False,0.1160091236233711,0.6022818088531494,0.2817091047763824,Organic,organic_sudah_benar,Organic,0.1147,0.0047,0.8806,Organic,0.0803,0.0637,0.856
O_9980.jpg,Organic,Organic,0.0532824583351612,0.0374633558094501,0.9092541933059692,0.898,0.936,0.472,0.832,full_frame,False,0.0532824583351612,0.9092541933059692,0.0374633558094501,Organic,organic_sudah_benar,Organic,0.0163,0.0005,0.9832,Organic,0.3089,0.0482,0.6429
O_999.jpg,Organic,Organic,0.0417562797665596,0.0304494611918926,0.927794337272644,1.0,0.996,0.102,0.777,full_frame,True,0.1417562797665596,0.8277943372726441,0.0304493829607963,Organic,organic_sudah_benar,Organic,0.0138,0.0011,0.9851,Organic,0.209,0.2731,0.5179
